id,clip_filename,duration,reviewed_sheng_transcript,original_asr_transcript,audio_filepath,source_origin
sheng_rev_0001,6vNZzV0PYsQ_Enter_The_Dragon____Mkurugen_00000.wav,12.25,Eyo wakurugenzi kabla tuingie kwa kipindi manze nikona a super special announcement.The second edition of Becoming CEO Live inahappen this weekend manze.And I cannot wait.,/home/ray/Desktop/mkuru/dataset/segmented/6vNZzV0PYsQ_Enter_The_Dragon____Mkurugen/6vNZzV0PYsQ_Enter_The_Dragon____Mkurugen_00000.wav,6vNZzV0PYsQ_Enter_The_Dragon____Mkurugen
sheng_rev_0002,6vNZzV0PYsQ_Enter_The_Dragon____Mkurugen_00002.wav,13.12,Dennis Mwaura,bosi pale Denri atakuwa in the house.na bado naskia fununu.nduru za kuaminika zinasema kunaweza kua na another surprise guest siko sure,but ni nduru za kuaminika.,/home/ray/Desktop/mkuru/dataset/segmented/6vNZzV0PYsQ_Enter_The_Dragon____Mkurugen/6vNZzV0PYsQ_Enter_The_Dragon____Mkurugen_00002.wav,6vNZzV0PYsQ_Enter_The_Dragon____Mkurugen
sheng_rev_0003,6vNZzV0PYsQ_Enter_The_Dragon____Mkurugen_00003.wav,11.6,Na saima hibon. Namoso yu tainz na kuwaga nika. Ya. So, chukua tikiti yako pala na kwekiya linka pukwa description na piya nita ipin kwa comment. Ngiya pala yu na pata tiki ti ya ko pala yu mad fan.","Na saima hibon. Namoso yu tainz na kuwaga na kuwaga ni nika. Ya. So, chukwa tiki ti ya ko pala na kwekiya linka pukwa description na piya nita ipin kwa comment. Ngiya pala yu na pata tiki ti ya ko pala yu mad fan.",/home/ray/Desktop/mkuru/dataset/segmented/6vNZzV0PYsQ_Enter_The_Dragon____Mkurugen/6vNZzV0PYsQ_Enter_The_Dragon____Mkurugen_00003.wav,6vNZzV0PYsQ_Enter_The_Dragon____Mkurugen
sheng_rev_0004,6vNZzV0PYsQ_Enter_The_Dragon____Mkurugen_00004.wav,12.08,"Eee, pesa ki dogo wana ingiapale, tunatoa gems, ni gems, tunatoa gems, ni gems tuza bi ashera, especially if you're a business owner, you're an offhead hanoa, ama you're an aspiring business, pas wei puja.","Eee, pesa ki dogo wana ingiapale, tu na toke jemms, ni jemms tuza bi ashera, especially if you're a business owner, you're an offhead hanoa, ama you're an aspiring business, pas wei puja.",/home/ray/Desktop/mkuru/dataset/segmented/6vNZzV0PYsQ_Enter_The_Dragon____Mkurugen/6vNZzV0PYsQ_Enter_The_Dragon____Mkurugen_00004.wav,6vNZzV0PYsQ_Enter_The_Dragon____Mkurugen
sheng_rev_0005,6vNZzV0PYsQ_Enter_The_Dragon____Mkurugen_00005.wav,7.66,"Kujabana tu skiza emambuaya, bihashara paliao sila. Aposawa daula, cannot wait to see you. Tuna na ekon.","Kujabana tu skiza skiza emambuaya, bihashara bihashara paliao sila. Aposawa daula, cannot wait to see you. Tuna na ekon.",/home/ray/Desktop/mkuru/dataset/segmented/6vNZzV0PYsQ_Enter_The_Dragon____Mkurugen/6vNZzV0PYsQ_Enter_The_Dragon____Mkurugen_00005.wav,6vNZzV0PYsQ_Enter_The_Dragon____Mkurugen
sheng_rev_0006,6vNZzV0PYsQ_Enter_The_Dragon____Mkurugen_00009.wav,11.55,Ili kwa na kipindi na itwa bongo,"Ili kwa na kipindi na itwa bongo, bongo, bongo, bongo, bongo, bongo, bongo, bongo, bongo, bongo, bongo, bongo, bongo, bongo, bongo, bongo, bongo, bongo, bongo, bongo, bongo, bongo, bongo, bongo, bongo, bongo, bongo, bongo, bongo, bongo, bongo, bongo, bongo, bongo, bongo, bongo, bongo, bongo, bongo, bongo, bongo, bongo, bongo, bongo, bongo, bongo, bongo, bongo, bongo, bongo, bongo, bongo, bongo, bongo, bongo, bongo, bongo, bongo, bongo, bongo, bongo, bongo, bongo, bongo, bongo,",/home/ray/Desktop/mkuru/dataset/segmented/6vNZzV0PYsQ_Enter_The_Dragon____Mkurugen/6vNZzV0PYsQ_Enter_The_Dragon____Mkurugen_00009.wav,6vNZzV0PYsQ_Enter_The_Dragon____Mkurugen
sheng_rev_0007,6vNZzV0PYsQ_Enter_The_Dragon____Mkurugen_00014.wav,13.19,"Ah, Safi. All right, David Di Tabas. Shukran sa namaze wa bongo kwanza poleni jo na jo nili kwa ni me panga ningi e kule iko akati muli ni ali kapale. Nili kwa ni mejipanga kabisa nili kwa ni lakini.","Ah, Safi. All right, David Di Tabas. Shukran sa namaze wa bongo kwanza poleni jo na jo nili kwa ni me panga ningi e kule iko akati muli ni ali kapale. Nili kwa ni mejipanga kabisa, kabisa kabisa nili kwa ni lakini.",/home/ray/Desktop/mkuru/dataset/segmented/6vNZzV0PYsQ_Enter_The_Dragon____Mkurugen/6vNZzV0PYsQ_Enter_The_Dragon____Mkurugen_00014.wav,6vNZzV0PYsQ_Enter_The_Dragon____Mkurugen
sheng_rev_0008,6vNZzV0PYsQ_Enter_The_Dragon____Mkurugen_00015.wav,13.16,Mamboa ya kaenda jinzi muliwona Uchagusi bana ulikudiana mamboa haki Kabidi tu mepigia pause ki dogo Batasa nkoshu wa kumetulia Situ naiza ingiya sas Endo gui ingiya sas,Mamboa ya kaenda jinzi muliwona Uchagusi bana ulikudiana mamboa haki Kabidi tu mepigia pause ki dogo Batasa nkoshu wa kumetulia Situ naiza ingiya sas Endo gui ingiya sas,/home/ray/Desktop/mkuru/dataset/segmented/6vNZzV0PYsQ_Enter_The_Dragon____Mkurugen/6vNZzV0PYsQ_Enter_The_Dragon____Mkurugen_00015.wav,6vNZzV0PYsQ_Enter_The_Dragon____Mkurugen
sheng_rev_0009,6vNZzV0PYsQ_Enter_The_Dragon____Mkurugen_00016.wav,13.11,"This is Russia. Okay. Sao. Eeeem... Ya. Eee, na anybody else bonyalingi ya kwa sayita kufanya mamboa ya ke maze, bariki wa sana. Eee, na ziana. Isa sayina ito Aivori. Mmm.","This is Russia. Okay. Sao. Eeeem... Ya. Eee, na anybody else bonyalingi ya kwa sayita kufanya mamboa ya ke maze, bariki wa sana. Eee, na ziana. Isa sayina ito Aivori. Mmm.",/home/ray/Desktop/mkuru/dataset/segmented/6vNZzV0PYsQ_Enter_The_Dragon____Mkurugen/6vNZzV0PYsQ_Enter_The_Dragon____Mkurugen_00016.wav,6vNZzV0PYsQ_Enter_The_Dragon____Mkurugen
sheng_rev_0010,6vNZzV0PYsQ_Enter_The_Dragon____Mkurugen_00017.wav,12.88,"Sasa ukisha piga ivory ako kuna top ingine, kuna ii kota zip, almost simila colour, almost. Sasa una toa ii, una piga ii o kudawavali ako episodeingine, muta iona, yani.","Sasa ukisha piga aivori ako kuna topingine, kuna ii kota zip, almost simila kala, almost. Sasa una toa ii, una piga ii o kudawavali ako episodeingine, muta iona, yani.",/home/ray/Desktop/mkuru/dataset/segmented/6vNZzV0PYsQ_Enter_The_Dragon____Mkurugen/6vNZzV0PYsQ_Enter_The_Dragon____Mkurugen_00017.wav,6vNZzV0PYsQ_Enter_The_Dragon____Mkurugen
sheng_rev_0011,6vNZzV0PYsQ_Enter_The_Dragon____Mkurugen_00019.wav,2.7,Rokit with pride. Okay!,Rokit with pride. Okay!,/home/ray/Desktop/mkuru/dataset/segmented/6vNZzV0PYsQ_Enter_The_Dragon____Mkurugen/6vNZzV0PYsQ_Enter_The_Dragon____Mkurugen_00019.wav,6vNZzV0PYsQ_Enter_The_Dragon____Mkurugen
sheng_rev_0012,6vNZzV0PYsQ_Enter_The_Dragon____Mkurugen_00020.wav,12.65,Nyambu muna pohintiwa sabi. Nyambu muna sema iya lishika imeku wa ngozi. Atoi? Analala nayo.,Nyambu muna pohintiwa sabi. Nyambu muna sema iya lishika imeku wa ngozi. Atoi? Atoi? Analala nayo.,/home/ray/Desktop/mkuru/dataset/segmented/6vNZzV0PYsQ_Enter_The_Dragon____Mkurugen/6vNZzV0PYsQ_Enter_The_Dragon____Mkurugen_00020.wav,6vNZzV0PYsQ_Enter_The_Dragon____Mkurugen
sheng_rev_0013,6vNZzV0PYsQ_Enter_The_Dragon____Mkurugen_00022.wav,13.61,"Ah nyambuwe usiambiwe. We're piga. Ah imkwani ikonini. Ah very nice. Okay. Now, ii episodia leo, in fact.","Ah nyambuwe usiambiwe. We're piga. Piga. Ah imkwani ikonini. Ah very nice. Okay. Now, ii episodia leo, in fact.",/home/ray/Desktop/mkuru/dataset/segmented/6vNZzV0PYsQ_Enter_The_Dragon____Mkurugen/6vNZzV0PYsQ_Enter_The_Dragon____Mkurugen_00022.wav,6vNZzV0PYsQ_Enter_The_Dragon____Mkurugen
sheng_rev_0014,6vNZzV0PYsQ_Enter_The_Dragon____Mkurugen_00023.wav,10.78,"Neme ipitiya? Wala isi yami ni. Watuwangu wa tek ni yambieni kama isi bitu ni possible. Jumi nili kwa, neme fukamali ni kanza kuna. Isi yaba hii.","Neme ipitiya? Wala isi yami ni. Watuwangu wa tek ni yambieni kama isi bitu ni possible. Jumi ni, nili kwa, neme fukamali ni kanza kuna. Isi yaba hii.",/home/ray/Desktop/mkuru/dataset/segmented/6vNZzV0PYsQ_Enter_The_Dragon____Mkurugen/6vNZzV0PYsQ_Enter_The_Dragon____Mkurugen_00023.wav,6vNZzV0PYsQ_Enter_The_Dragon____Mkurugen
sheng_rev_0015,6vNZzV0PYsQ_Enter_The_Dragon____Mkurugen_00024.wav,11.08,"Juhu ei kukuna vidumutu watu etu wa mefainiyu apa maa jabu. Na juna juhu anikuna watu teka tarisana. In fact, anytime saiteki wa naka nomakidogo kuna tukiko siya teki wa Mkurugenzi.","Juhu ei kukuna vidumutu watu etu wa mefainiyu apa maa jabu. Na juna juhu anikuna watu watu teka tarisana. In fact, anytime saiteki wa naka nomakidogo kuna tukiko siya teki wa kuru genzi.",/home/ray/Desktop/mkuru/dataset/segmented/6vNZzV0PYsQ_Enter_The_Dragon____Mkurugen/6vNZzV0PYsQ_Enter_The_Dragon____Mkurugen_00024.wav,6vNZzV0PYsQ_Enter_The_Dragon____Mkurugen
sheng_rev_0016,6vNZzV0PYsQ_Enter_The_Dragon____Mkurugen_00026.wav,6.08,"Nini ambiyeni kama ikitu niposibol, kama niposibol wa tutu wa kuwe kiafula pa inje. So kuna boy flani.","Nini ambiyeni kama ikitu niposibol, kama niposibol wa tutu wa kuwe kiafula pa inje. So kuna boy flani.",/home/ray/Desktop/mkuru/dataset/segmented/6vNZzV0PYsQ_Enter_The_Dragon____Mkurugen/6vNZzV0PYsQ_Enter_The_Dragon____Mkurugen_00026.wav,6vNZzV0PYsQ_Enter_The_Dragon____Mkurugen
sheng_rev_0017,6vNZzV0PYsQ_Enter_The_Dragon____Mkurugen_00027.wav,8.34,"Amemaliza Chuo Fiti. I think ame ingi akampo, ame pigama ingenia ringza kaisafia amemaliza, lakini sunad yua situation bila iku pokaziki dogo triki.","Amemaliza Chuo Fiti. I think ame ingi akampo, ame pigama ingenia ringza kaisafia amemaliza, lakini sunad yua situation bila iku pokaziki dogo triki.",/home/ray/Desktop/mkuru/dataset/segmented/6vNZzV0PYsQ_Enter_The_Dragon____Mkurugen/6vNZzV0PYsQ_Enter_The_Dragon____Mkurugen_00027.wav,6vNZzV0PYsQ_Enter_The_Dragon____Mkurugen
sheng_rev_0018,6vNZzV0PYsQ_Enter_The_Dragon____Mkurugen_00028.wav,11.97,"So skumoja kiwame bangehiza palia, one of his uncles anakam, nani uncle anapendam baya, wana jwa kila familie na koga, na ule angkoflani he, anakwa ga, yaa kakwetusi wana johu angkoni nani.","So skumoja kiwame bangehiza bangehiza palia, one of his uncles anakam, nani uncle anapendam baya, wana jwa kila familie na koga, na ule angkoflani he, anakwa ga, yaa kakwetusi wana johu angkoni nani.",/home/ray/Desktop/mkuru/dataset/segmented/6vNZzV0PYsQ_Enter_The_Dragon____Mkurugen/6vNZzV0PYsQ_Enter_The_Dragon____Mkurugen_00028.wav,6vNZzV0PYsQ_Enter_The_Dragon____Mkurugen
sheng_rev_0019,6vNZzV0PYsQ_Enter_The_Dragon____Mkurugen_00029.wav,11.7,"Ya ni haki tokiyada. Aa, muna diwa, hey! Anko wa mafo! Okay, so... Anko akakam... akam shojo, hey mitu anko.","Ya ni haki tokiyada. Aa, muna diwa, hey! Anko wa mafo! Okay, so... Anko akakam... akam shojo, hey mitu anko.",/home/ray/Desktop/mkuru/dataset/segmented/6vNZzV0PYsQ_Enter_The_Dragon____Mkurugen/6vNZzV0PYsQ_Enter_The_Dragon____Mkurugen_00029.wav,6vNZzV0PYsQ_Enter_The_Dragon____Mkurugen
sheng_rev_0020,6vNZzV0PYsQ_Enter_The_Dragon____Mkurugen_00032.wav,13.47,"Ana pretenda nata kakununu asimu den kidogo sidi ya meyenda kutakta waifa yoa pichua ya meyenda. So yundi wo shugli ankomiku wa kipigenamiku wa kivunambaya. Juhie anata get two high-end phones, specially Android.","Ana pretenda nata kakununu asimu den kidogo kidogo sidi ya meyenda kutakta waifa yoa pichua ya meyenda. So yundi wo shugli ankomiku wa kipigenamiku wa kivunambaya. Juhie anata get two high-end phones, specially Android.",/home/ray/Desktop/mkuru/dataset/segmented/6vNZzV0PYsQ_Enter_The_Dragon____Mkurugen/6vNZzV0PYsQ_Enter_The_Dragon____Mkurugen_00032.wav,6vNZzV0PYsQ_Enter_The_Dragon____Mkurugen
sheng_rev_0021,6vNZzV0PYsQ_Enter_The_Dragon____Mkurugen_00033.wav,12.38,"So, sijuka manazi yuza Fupal samanini, eh, but eh, alikwame kimbizawa se, alikwana ishi fiti sana. Garimbili, hawpua, tatu bedrum lakini, ako peki aken nani special sufi, yani alikwana staypua.","So, sijuka manazi yuza Fupal samanini, eh, but eh, eh, alikwame kimbizawa se, alikwana ishi fiti sana. Garimbili, hawpua, tatu bedrum lakini, ako peki aken nani special sufi, yani alikwana staypua.",/home/ray/Desktop/mkuru/dataset/segmented/6vNZzV0PYsQ_Enter_The_Dragon____Mkurugen/6vNZzV0PYsQ_Enter_The_Dragon____Mkurugen_00033.wav,6vNZzV0PYsQ_Enter_The_Dragon____Mkurugen
sheng_rev_0022,6vNZzV0PYsQ_Enter_The_Dragon____Mkurugen_00034.wav,11.97,"So, kijanaka ona ile maisha ujjama na isi yaka atami na takad yo. So, that is how he was recruited. So, aka ingeyo, shugli na wali kuwa na pigeyo, ninae na wali kuwa na buna dedli, utapatai na wik, wame lalisha kitu kama mi ambili.","So, kijanaka ona ile maisha ujjama na isi yaka atami na takad yo. So, that is how he was recruited. So, aka ingeyo, shugli na wali kuwa na pigeyo, ni ninae na wali kuwa na buna dedli, utapatai na wik, wame lalisha kitu kama mi ambili.",/home/ray/Desktop/mkuru/dataset/segmented/6vNZzV0PYsQ_Enter_The_Dragon____Mkurugen/6vNZzV0PYsQ_Enter_The_Dragon____Mkurugen_00034.wav,6vNZzV0PYsQ_Enter_The_Dragon____Mkurugen
sheng_rev_0023,6vNZzV0PYsQ_Enter_The_Dragon____Mkurugen_00035.wav,11.01,"Eh, like, uki kambaya, uki mojata zahidi wa nai giza. So, inu ikakwaga routine. Bakapa lehom maliyuki janawe tumdoga me toka.","Eh, like, uki kambaya, uki mojata zahidi wa nai giza. So, inu ikakwaga routine. Bakapa lehom maliyuki janawe tumdoga me toka.",/home/ray/Desktop/mkuru/dataset/segmented/6vNZzV0PYsQ_Enter_The_Dragon____Mkurugen/6vNZzV0PYsQ_Enter_The_Dragon____Mkurugen_00035.wav,6vNZzV0PYsQ_Enter_The_Dragon____Mkurugen
sheng_rev_0024,6vNZzV0PYsQ_Enter_The_Dragon____Mkurugen_00036.wav,10.78,"Watoa kanza kunutis, hei boi wei tu mamboa kei memfunguki ya, hei ya na kuna viletua kosao. So skumodja mazeho wame ingia sugli kama kao, wame ingia kwa metandao.","Watoa kanza kunutis, hei, hei boi wei tu mamboa kei memfunguki ya, hei ya na kuna viletua kosao. So skumodja mazeho wame ingia sugli kama kao, wame ingia kwa metandao.",/home/ray/Desktop/mkuru/dataset/segmented/6vNZzV0PYsQ_Enter_The_Dragon____Mkurugen/6vNZzV0PYsQ_Enter_The_Dragon____Mkurugen_00036.wav,6vNZzV0PYsQ_Enter_The_Dragon____Mkurugen
sheng_rev_0025,6vNZzV0PYsQ_Enter_The_Dragon____Mkurugen_00038.wav,11.6,"Amani 15. I think ni 14 nili kwa ju. So li kwa na wuza iyo. Na samsa nia iyo times, junior S21 li kwa ni 2014. Ah, see 2014, 2024. Sorry. 2024.","Amani 15. I think ni 14 nili kwa ju. So li kwa na wuza iyo. Na samsa nia iyo times, junior S21 li kwa ni 2014. Ah, see 2014, 2024. Sorry. 2024.",/home/ray/Desktop/mkuru/dataset/segmented/6vNZzV0PYsQ_Enter_The_Dragon____Mkurugen/6vNZzV0PYsQ_Enter_The_Dragon____Mkurugen_00038.wav,6vNZzV0PYsQ_Enter_The_Dragon____Mkurugen
sheng_rev_0026,6vNZzV0PYsQ_Enter_The_Dragon____Mkurugen_00039.wav,13.93,"So, wama nda wama organiza feety meeting wama kutana. Then, maliwana kutana iliku wa samu ya pa thika road. So, sigiwa liku wana iliki ya kwa hoteli ikon dania mall. Ya, I think bilen dania mall kuna kwa gana nini kwa food court.","So, wama nda wama organiza feety meeting wama kutana. Then, maliwana kutana iliku wa samu ya pa thika road. So, sigiwa liku wana iliki ya kwa hoteli ikon dania mall. Ya, I think bilen dania mall kuna kwa gana nini kwa food court.",/home/ray/Desktop/mkuru/dataset/segmented/6vNZzV0PYsQ_Enter_The_Dragon____Mkurugen/6vNZzV0PYsQ_Enter_The_Dragon____Mkurugen_00039.wav,6vNZzV0PYsQ_Enter_The_Dragon____Mkurugen
sheng_rev_0027,6vNZzV0PYsQ_Enter_The_Dragon____Mkurugen_00040.wav,11.04,"I think so. I'm at the hotel na kwa gapa chinikuwa, ground floor. So, ame kutana pale maze, kwanza ama boyutu wa kawna ujama kishuka, nabagia kia laptop na masimumbili kwanfuku.","I think so. I'm at the hotel na kwa gapa chinikuwa, ground floor. So, ame kutana pale maze, kwanza ama boyutu wa kawna ujama kishuka, nabagia kia laptop na masimumbili kwanfuku.",/home/ray/Desktop/mkuru/dataset/segmented/6vNZzV0PYsQ_Enter_The_Dragon____Mkurugen/6vNZzV0PYsQ_Enter_The_Dragon____Mkurugen_00040.wav,6vNZzV0PYsQ_Enter_The_Dragon____Mkurugen
sheng_rev_0028,6vNZzV0PYsQ_Enter_The_Dragon____Mkurugen_00041.wav,10.36,"Na me shuka audiflani. Eh, baridi. Eh. Anakatu boya kuna pesa. Batu kimoangali aniki jana deadly. Very young guy. Ukim pati asana maybe mid-twenties.","Na me shuka audiflani. Eh, baridi. Eh, eh, eh. Anakatu boya kuna pesa. Batu kimoangali aniki jana deadly. Very young guy. Ukim pati asana maybe mid-twenties.",/home/ray/Desktop/mkuru/dataset/segmented/6vNZzV0PYsQ_Enter_The_Dragon____Mkurugen/6vNZzV0PYsQ_Enter_The_Dragon____Mkurugen_00041.wav,6vNZzV0PYsQ_Enter_The_Dragon____Mkurugen
sheng_rev_0029,6vNZzV0PYsQ_Enter_The_Dragon____Mkurugen_00042.wav,11.37,"So, ui boyatum dogo, e, akashindomaze, ui boyo, mid-twenties maze umeto api gari kamahi na. Onaji ukuna ilesu reina kagaya mitualizali wanda niya pesa. Iina kani pesa ame ipata juzi.","So, ui boyatum dogo, e, akashindomaze, ui boyo, mid-twenties maze umeto api gari kamahi na. Onaji ukuna ilesu reina kagaya mitualizali wanda niya pesa. Iina kani pesa ame ipata juzi.",/home/ray/Desktop/mkuru/dataset/segmented/6vNZzV0PYsQ_Enter_The_Dragon____Mkurugen/6vNZzV0PYsQ_Enter_The_Dragon____Mkurugen_00042.wav,6vNZzV0PYsQ_Enter_The_Dragon____Mkurugen
sheng_rev_0030,6vNZzV0PYsQ_Enter_The_Dragon____Mkurugen_00043.wav,10.59,"Una jwe uko umeku langori, inajkwa ga muda. Hehehehe, inajkwa ga... Like, kamamichi no nasaya konjia kuendaku kuwa milyonea.","Una jwe uko umeku langori, inajkwa ga muda. Hehehehe, hehehehe, inajkwa ga... Like, kamamichi no nasaya konjia kuendaku kuwa milyonea.",/home/ray/Desktop/mkuru/dataset/segmented/6vNZzV0PYsQ_Enter_The_Dragon____Mkurugen/6vNZzV0PYsQ_Enter_The_Dragon____Mkurugen_00043.wav,6vNZzV0PYsQ_Enter_The_Dragon____Mkurugen
sheng_rev_0031,6vNZzV0PYsQ_Enter_The_Dragon____Mkurugen_00044.wav,12.73,"Lakini tam tukwa miyaka tha tindi o, hiu mamba hii kukwani nii toke. Atashka milion sayi lakini diyo sasa akwem smuth, hiu empati ekama miyaka zingine 25-30 habu.","Lakini tam tukwa miyaka tha tindi o, hiu mamba hii kukwani nii toke. Atashka milion sayi lakini diyo sasa akwem smuth, hiu empati ekama miyaka zingine 25-30 habu.",/home/ray/Desktop/mkuru/dataset/segmented/6vNZzV0PYsQ_Enter_The_Dragon____Mkurugen/6vNZzV0PYsQ_Enter_The_Dragon____Mkurugen_00044.wav,6vNZzV0PYsQ_Enter_The_Dragon____Mkurugen
sheng_rev_0032,6vNZzV0PYsQ_Enter_The_Dragon____Mkurugen_00045.wav,12.99,"Uki yangali yu kijana unona, yaa","Uki yangali yu kijana unona, yaa, yaa, yaa, yaa, yaa, yaa, yaa, yaa, yaa, yaa, yaa, yaa, yaa, yaa, yaa, yaa, yaa, yaa, yaa, yaa, yaa, yaa, yaa, yaa, yaa, yaa, yaa, yaa, yaa, yaa, yaa, yaa, yaa, yaa, yaa, yaa, yaa, yaa, yaa, yaa, yaa, yaa, yaa, yaa, yaa, yaa, yaa, yaa, yaa, yaa, yaa, yaa, yaa, yaa, yaa, yaa, yaa, yaa, yaa, yaa, yaa, yaa, yaa, yaa, yaa, yaa, yaa, yaa, yaa, yaa,",/home/ray/Desktop/mkuru/dataset/segmented/6vNZzV0PYsQ_Enter_The_Dragon____Mkurugen/6vNZzV0PYsQ_Enter_The_Dragon____Mkurugen_00045.wav,6vNZzV0PYsQ_Enter_The_Dragon____Mkurugen
sheng_rev_0033,6vNZzV0PYsQ_Enter_The_Dragon____Mkurugen_00046.wav,13.22,"Wachatu ingi e tupegele biz imetule eta. So wakachukwana na boi wakenda wakengi, wakam kahawapale, na wakakachini, boi akawa ode ambakacha kula, atari ava kule, diyo wengi e biz. But wakariala is, they are the ones doing...","Wachatu ingi e tupegele biz imetule, imetule eta. So wakachukwana na boi wakenda wakengi, wakam kahawapale, na wakakachini, boi akawa ode ambakacha kula, atari atari ava kule, diyo wengi e biz. But wakariala is, they are the ones doing...",/home/ray/Desktop/mkuru/dataset/segmented/6vNZzV0PYsQ_Enter_The_Dragon____Mkurugen/6vNZzV0PYsQ_Enter_The_Dragon____Mkurugen_00046.wav,6vNZzV0PYsQ_Enter_The_Dragon____Mkurugen
sheng_rev_0034,6vNZzV0PYsQ_Enter_The_Dragon____Mkurugen_00047.wav,11.62,"Most of the talking. This guy is a semi-kitu, like the entire time he's been here, he's not more than 50 words. He's got a smile on his face, he's got a smile on his face, he's got a smile on his face, he's got a smile on his face, he's got a smile on his face.","Most of the talking. This guy is a semi-kitu, like the entire time he's been here, he's not more than 50 words. He's got a smile on his face, he's got a smile on his face, he's got a smile on his face, he's got a smile on his face, he's got a smile on his face.",/home/ray/Desktop/mkuru/dataset/segmented/6vNZzV0PYsQ_Enter_The_Dragon____Mkurugen/6vNZzV0PYsQ_Enter_The_Dragon____Mkurugen_00047.wav,6vNZzV0PYsQ_Enter_The_Dragon____Mkurugen
sheng_rev_0035,6vNZzV0PYsQ_Enter_The_Dragon____Mkurugen_00048.wav,13.11,"Hakona tu simu, anakatu anafanya, fanya tuvi tu apu, hakona simu, kidogo, ane ishika, shika kidizai nivi. At some point ubu uitu akashindomse.","Hakona tu simu simu, anakatu anafanya, fanya tuvi tu apu, hakona simu, kido kidogo, ane ishika, shika kidizai nivi. At some point ubu uitu akashindomse.",/home/ray/Desktop/mkuru/dataset/segmented/6vNZzV0PYsQ_Enter_The_Dragon____Mkurugen/6vNZzV0PYsQ_Enter_The_Dragon____Mkurugen_00048.wav,6vNZzV0PYsQ_Enter_The_Dragon____Mkurugen
sheng_rev_0036,6vNZzV0PYsQ_Enter_The_Dragon____Mkurugen_00049.wav,9.6,"Bueni chance neza kwa na tu rekode. I don't know. Kuna kitu tu off na dimi na yake. But again, wakumboka. Wacha wafane shugli aw.","Bueni chance neza kwa na tu rekode. I don't know. Kuna kitu tu off na dimi na yake. But again, wakumboka. Wacha wafane, wafane shugli aw.",/home/ray/Desktop/mkuru/dataset/segmented/6vNZzV0PYsQ_Enter_The_Dragon____Mkurugen/6vNZzV0PYsQ_Enter_The_Dragon____Mkurugen_00049.wav,6vNZzV0PYsQ_Enter_The_Dragon____Mkurugen
sheng_rev_0037,6vNZzV0PYsQ_Enter_The_Dragon____Mkurugen_00050.wav,13.18,"So wakanza kongi asa sabi asa raju wali onais malto ku boen ka yuku interested sana. So yikako. Okay. Simu yiku api wacha tuchungulie boi weitu wa katoa simu, wuyo boen mone awdi. Akekele asimu zote mbili apo.","So wakanza kongi asa sabi asa raju wali onais malto ku boen ka yuku interested sana. So yikako. Okay. Simu yiku api wacha tu, tuchungulie boi weitu wa katoa simu, wuyo boen mone awdi. Akekele asimu zote mbili apo.",/home/ray/Desktop/mkuru/dataset/segmented/6vNZzV0PYsQ_Enter_The_Dragon____Mkurugen/6vNZzV0PYsQ_Enter_The_Dragon____Mkurugen_00050.wav,6vNZzV0PYsQ_Enter_The_Dragon____Mkurugen
sheng_rev_0038,6vNZzV0PYsQ_Enter_The_Dragon____Mkurugen_00051.wav,13.83,"Before this story is the same as it is in the past, but it is not the same story as it is in the past, but it is the same story as it is in the past. So, it is not actually a software.","Before this story is the same as it is in the past, but it is not the same story as it is in the past, but it is the same story as it is in the past. So, it is not actually a software.",/home/ray/Desktop/mkuru/dataset/segmented/6vNZzV0PYsQ_Enter_The_Dragon____Mkurugen/6vNZzV0PYsQ_Enter_The_Dragon____Mkurugen_00051.wav,6vNZzV0PYsQ_Enter_The_Dragon____Mkurugen
sheng_rev_0039,6vNZzV0PYsQ_Enter_The_Dragon____Mkurugen_00052.wav,11.81,"So kuna bile ako na ability ako upgrade vitu. So kawkona eni electronic nene nida upgrading unan patiya. Leku nezam patiya android use lesana, aende aiyongese Ram.","So kuna bile ako na ability ako upgrade vitu. So kawkona eni electronic nene nida upgrading unan patiya. Leku nezam patiya android use lesana, aende aiyongese Ram.",/home/ray/Desktop/mkuru/dataset/segmented/6vNZzV0PYsQ_Enter_The_Dragon____Mkurugen/6vNZzV0PYsQ_Enter_The_Dragon____Mkurugen_00052.wav,6vNZzV0PYsQ_Enter_The_Dragon____Mkurugen
sheng_rev_0040,6vNZzV0PYsQ_Enter_The_Dragon____Mkurugen_00053.wav,11.86,Aungese features flania ziko nayo model unezapata kuna Android ilitoka maybe 2 years ago haikuwa na AI anezai chuku ayuweke. Like ni deal.,Aungese mafichas flania ziko na yo model unezapata kuna Android dili toka maybe 2 years ago haiku ana AI anezai chuku ayuweke. Like nimde dili.,/home/ray/Desktop/mkuru/dataset/segmented/6vNZzV0PYsQ_Enter_The_Dragon____Mkurugen/6vNZzV0PYsQ_Enter_The_Dragon____Mkurugen_00053.wav,6vNZzV0PYsQ_Enter_The_Dragon____Mkurugen
sheng_rev_0041,6vNZzV0PYsQ_Enter_The_Dragon____Mkurugen_00054.wav,12.13,"Aalajoizuwe around stories attack. In fact, boyewe tu wu yu kijana wakiyo na ankoia kia apo akambia, say, eh, kama ibonde odo?","Aalajoizuwe around stories attack. In fact, boyewe tu wu yu kijana wakiyo na ankoia kia apo akambia, say, eh, kama ibonde odo?",/home/ray/Desktop/mkuru/dataset/segmented/6vNZzV0PYsQ_Enter_The_Dragon____Mkurugen/6vNZzV0PYsQ_Enter_The_Dragon____Mkurugen_00054.wav,6vNZzV0PYsQ_Enter_The_Dragon____Mkurugen
sheng_rev_0042,6vNZzV0PYsQ_Enter_The_Dragon____Mkurugen_00055.wav,13.04,"Simuangu waiko up-to-date fitu nneza ni yongezea ram ju mu piga tu video sana na tu picha. Nneza ni yongezea ram tu cheki. Najama kachukuwa kai connect na laptop apua raka fasta, aka fanya mamboi ake aziwa na ungewa kikula.","Simuangu waiko up-to-date fitu nneza ni yongezea ram ju mu piga piga tu video sana na tu picha. Nneza ni yongezea ram tu cheki. Najama kachukuwa kai connect na laptop apua raka fasta, aka fanya mamboi ake aziwa na ungewa kikula.",/home/ray/Desktop/mkuru/dataset/segmented/6vNZzV0PYsQ_Enter_The_Dragon____Mkurugen/6vNZzV0PYsQ_Enter_The_Dragon____Mkurugen_00055.wav,6vNZzV0PYsQ_Enter_The_Dragon____Mkurugen
sheng_rev_0043,6vNZzV0PYsQ_Enter_The_Dragon____Mkurugen_00056.wav,11.7,"Nawa lai aka ungeza ram. First of all, niposibo. Mili danisimu kisha uziwa kamarami kohapo, ikohapo. Miskudiyu akuna wili wuneza ingiza mavitufa nyefanya mambo ungeza ram kwa simi.","Nawa lai aka ungeza ram. First of all, niposibo. Mili danisimu kisha uziwa kamarami kohapo, ikohapo. Miskudiyu akuna wili wuneza ingiza mavitufa nyefanya mambo ungeza ram kwa simi.",/home/ray/Desktop/mkuru/dataset/segmented/6vNZzV0PYsQ_Enter_The_Dragon____Mkurugen/6vNZzV0PYsQ_Enter_The_Dragon____Mkurugen_00056.wav,6vNZzV0PYsQ_Enter_The_Dragon____Mkurugen
sheng_rev_0044,6vNZzV0PYsQ_Enter_The_Dragon____Mkurugen_00057.wav,11.29,"So atuangua tech ni ambieni, ni ukweli ama moneh historia na ni... Okay. So yos shugli kaisha, waka ingile historia simu sasa, nilikwani mefikapo sasa wami ingi akwa simu.","So atuangua tech ni ambieni, ni ukweli ama moneh historia na ni... Okay. So yos shugli kaisha, waka ingile historia simu sasa, nilikwani mefikapo sasa wami ingi akwa simu.",/home/ray/Desktop/mkuru/dataset/segmented/6vNZzV0PYsQ_Enter_The_Dragon____Mkurugen/6vNZzV0PYsQ_Enter_The_Dragon____Mkurugen_00057.wav,6vNZzV0PYsQ_Enter_The_Dragon____Mkurugen
sheng_rev_0045,6vNZzV0PYsQ_Enter_The_Dragon____Mkurugen_00058.wav,12.77,"Sii awa watu we tu mtuna ankol yake wa nataka kununua simu zao jamaa. So, waka chekizu tembili wa koneile android di ikawabamba. So, huyo ankol, akasema, anatakakuenda huku kuingia internet. ili sasa iende fiti.","Sii awa watu we tu mtuna anko ya kewa natakakununu wa simuza ujama. So, waka chekizu tembili wa koneile android di kawa bamba. So, uiwa anko, akasema, anatakakuenda kuhu kwingia internet. Indi ususa ayingenda nifiti.",/home/ray/Desktop/mkuru/dataset/segmented/6vNZzV0PYsQ_Enter_The_Dragon____Mkurugen/6vNZzV0PYsQ_Enter_The_Dragon____Mkurugen_00058.wav,6vNZzV0PYsQ_Enter_The_Dragon____Mkurugen
sheng_rev_0046,6vNZzV0PYsQ_Enter_The_Dragon____Mkurugen_00059.wav,10.01,"Na boiwe tu wakakubali jamakenda, akawliza uliza uko, pala internet nikahi kuafiti, akarudi akambia monyesimua apa internet nikama nitriiki.","Na boiwe tu wakakubali jamakenda, akawliza uliza uko, pala internet nikahi kuafiti, akarudi akambia monyesimua apa internet nikama nitriiki.",/home/ray/Desktop/mkuru/dataset/segmented/6vNZzV0PYsQ_Enter_The_Dragon____Mkurugen/6vNZzV0PYsQ_Enter_The_Dragon____Mkurugen_00059.wav,6vNZzV0PYsQ_Enter_The_Dragon____Mkurugen
sheng_rev_0047,6vNZzV0PYsQ_Enter_The_Dragon____Mkurugen_00060.wav,13.82,"Boiwetu ni siya mejipanga, un mungine, mone na uza simu, wa kainki akwa baga katoa pocket Wi-Fi. Aka ambia ni kona hi, unataka kujaribu na hii, ankoa kakataa kase maa pana. Wacha nitafte plasingine ni connect mbio-mbio.","Boiwetu ni siya mejipanga, un mungine, mone na uza simu, wa kainki akwa baga katoa pocket wi-fi. Aka ambia ni kona hi, unata kujerbuna hi, ankoa kakataa kase maa pana. Wacha ni, nitafte plasingine ni connect mbio-mbio.",/home/ray/Desktop/mkuru/dataset/segmented/6vNZzV0PYsQ_Enter_The_Dragon____Mkurugen/6vNZzV0PYsQ_Enter_The_Dragon____Mkurugen_00060.wav,6vNZzV0PYsQ_Enter_The_Dragon____Mkurugen
sheng_rev_0048,6vNZzV0PYsQ_Enter_The_Dragon____Mkurugen_00061.wav,10.28,Dendakam sasa tumalizeiki tu. Na ui uu mo nyana uza simu aka moa cha. Sawa endafanya mamboa ako. Anko aka tokana simu na ui bundiyo alizidi. Sasa.,Dendakam sasa tu tumalizeiki tu. Na ui uu mo nyana uza simu aka moa cha. Sawa endafanya mamboa ako. Anko aka tokana simu na ui bundiyo alizidi. Sasa.,/home/ray/Desktop/mkuru/dataset/segmented/6vNZzV0PYsQ_Enter_The_Dragon____Mkurugen/6vNZzV0PYsQ_Enter_The_Dragon____Mkurugen_00061.wav,6vNZzV0PYsQ_Enter_The_Dragon____Mkurugen
sheng_rev_0049,6vNZzV0PYsQ_Enter_The_Dragon____Mkurugen_00062.wav,11.21,"Uyuki janawetu, anafataften binu ajitoe, sababu iyo simubili ime henda na hanko, ayroodi iyo ime henda. So bwa weitu wa katulia, wana piga tu smolto kapa ni.","Uyuki janawetu, anafataften binu ajitoe, sababu iyo simubili ime henda na hanko, ayroodi iyo ime henda. So bwa weitu wa katulia, wana piga piga tu smolto kapa ni ni ni ni.",/home/ray/Desktop/mkuru/dataset/segmented/6vNZzV0PYsQ_Enter_The_Dragon____Mkurugen/6vNZzV0PYsQ_Enter_The_Dragon____Mkurugen_00062.wav,6vNZzV0PYsQ_Enter_The_Dragon____Mkurugen
sheng_rev_0050,6vNZzV0PYsQ_Enter_The_Dragon____Mkurugen_00063.wav,10.25,"At some point, ui mo nyana uza simu wa kadiskava, ei na uli anko ailianda na simu siya mekaviyasana, kwa ni iradayake ni gani, so ui boi weitu ako apoto, haina mamboa, itik atarudi 2 hours, skwena presya.","At some point, ui mo nyana uza simu wa kadiskava, ei na uli anko ailianda na simu siya mekaviyasana, kwa ni iradayake ni gani, so ui boi weitu ako apoto, haina mamboa, itik atarudi 2 hours, skwena presya.",/home/ray/Desktop/mkuru/dataset/segmented/6vNZzV0PYsQ_Enter_The_Dragon____Mkurugen/6vNZzV0PYsQ_Enter_The_Dragon____Mkurugen_00063.wav,6vNZzV0PYsQ_Enter_The_Dragon____Mkurugen
sheng_rev_0051,6vNZzV0PYsQ_Enter_The_Dragon____Mkurugen_00064.wav,13.95,"So wee mo nyanuza simu wakajito wakidoga kwa ambiasa wacha basi ningi ocean kiyasi then dakam. Now, no na ilaptopali kwa na fanya na yu vitu. Manze ni expensive kuru ka, wubu ewe tuwakiyo apali search komtandao. Ni expensive.","So wee mo nyanuza simu wakajito wakidoga kwa ambiasa wacha basi ningi ocean kiyasi then dakam. Now, no na ilaptopali kwa na fanya fanya na yu vitu. Manze ni expensive kuru ka, wubu ewe tuwakiyo apali search komtandao. Ni expensive.",/home/ray/Desktop/mkuru/dataset/segmented/6vNZzV0PYsQ_Enter_The_Dragon____Mkurugen/6vNZzV0PYsQ_Enter_The_Dragon____Mkurugen_00064.wav,6vNZzV0PYsQ_Enter_The_Dragon____Mkurugen
sheng_rev_0052,6vNZzV0PYsQ_Enter_The_Dragon____Mkurugen_00065.wav,12.96,"Hei, Ms. Jedw ya kuna laptop za pesani yin giva. So, ubo ya kuna hibya kuna wa Patron ni le simu. Hei, hata ilapini, hatari. So, akatulia. Sasa ubo ya nana hibiwa pahavile lise manataka kuingia washroom kiasi.","Hei, Ms. Jedw ya kuna laptop za pesani yin giva. So, ubo ya kuna hibya kuna wa wa wa wa wa Patron ni le simu. Hei, hata ilapini, hatari. So, akatulia. Sasa ubo ya nana hibiwa pahavile lise manataka kwinge Oshrun kiasi.",/home/ray/Desktop/mkuru/dataset/segmented/6vNZzV0PYsQ_Enter_The_Dragon____Mkurugen/6vNZzV0PYsQ_Enter_The_Dragon____Mkurugen_00065.wav,6vNZzV0PYsQ_Enter_The_Dragon____Mkurugen
sheng_rev_0053,6vNZzV0PYsQ_Enter_The_Dragon____Mkurugen_00066.wav,12.44,"Sijiamaa kafuraya kajua. Apatruo miyo simuimenda yu, ila PPI kai, ina nda nae. Jamaa kama kaka nda washroom. Manzej jamaa ki nda tukush kalapto pivi sasa afungi atoke, ule boi akarudi. Aka wambi hei.","Sijiamaa kafuraya kajua. Apatruo miyo simuimenda yu, ila PPI kai, ina nda nae. Jamaa kama kaka nda washroom. Manzej jamaa ki nda tukush kalapto pivi sasa afungi atoke, ule boi akarudi. Aka wambi hei.",/home/ray/Desktop/mkuru/dataset/segmented/6vNZzV0PYsQ_Enter_The_Dragon____Mkurugen/6vNZzV0PYsQ_Enter_The_Dragon____Mkurugen_00066.wav,6vNZzV0PYsQ_Enter_The_Dragon____Mkurugen
sheng_rev_0054,6vNZzV0PYsQ_Enter_The_Dragon____Mkurugen_00067.wav,12.55,"Baju asasawu yanko yako amenda na yo phone na sikoshua, wacha nisi risk, nisi kuwachena, na easy, wunaeza piya weni fanyambae. Aka funga laptop yake, aka iwekakwa bag, na katyukwa hile simu yo iPhone 200 demanda.","Baju asasawu yanko yako amenda na yo phone na sikoshua, wacha nisi risk, nisi kuwachena, na easy, wunaeza piya weni fanyambae. Aka funga laptop yake, aka iwekakwa bag, na katyukwa hile simu yo iPhone 200 demanda.",/home/ray/Desktop/mkuru/dataset/segmented/6vNZzV0PYsQ_Enter_The_Dragon____Mkurugen/6vNZzV0PYsQ_Enter_The_Dragon____Mkurugen_00067.wav,6vNZzV0PYsQ_Enter_The_Dragon____Mkurugen
sheng_rev_0055,6vNZzV0PYsQ_Enter_The_Dragon____Mkurugen_00068.wav,13.55,"Aka setiko bagna, aka enda naya wapi, woshoom. Boiwetu aka sema haizuru, ataka mayo laptopia pesa mingini mei hata, si bro anko yango amenda nasimu, aka changam kanae nasimu, na hivo mihuali ishia, wame kula simu ya wa raka fasta.","Aka setiko bagna, aka enda naya wapi, woshoom. Boiwetu aka sema haizuru, ataka mayo laptopia pesa mingini mei hata, si bro anko yango amenda nasimu, aka changam kanae nasimu, na hivo mihuali ishia, wame kula simu ya wa raka fasta.",/home/ray/Desktop/mkuru/dataset/segmented/6vNZzV0PYsQ_Enter_The_Dragon____Mkurugen/6vNZzV0PYsQ_Enter_The_Dragon____Mkurugen_00068.wav,6vNZzV0PYsQ_Enter_The_Dragon____Mkurugen
sheng_rev_0056,6vNZzV0PYsQ_Enter_The_Dragon____Mkurugen_00069.wav,13.53,"So, a few minutes later, wana pata text. So niwiyu, boiwe mdogo ndi wana pata text kuto kakule boiwe wame hibiya. Nai text ni nasema...","So, a few minutes later, wana pata text. So niwiyu, boiwe mdogo ndi wana pata text kuto kakule boiwe wame hibiya. Nai text ni nasema...",/home/ray/Desktop/mkuru/dataset/segmented/6vNZzV0PYsQ_Enter_The_Dragon____Mkurugen/6vNZzV0PYsQ_Enter_The_Dragon____Mkurugen_00069.wav,6vNZzV0PYsQ_Enter_The_Dragon____Mkurugen
sheng_rev_0057,6vNZzV0PYsQ_Enter_The_Dragon____Mkurugen_00070.wav,11.81,"First of all, I jakuja kama text, ilikuja kama pop-up kwa simuake. It's like a pop-up. I hope siku ni ibiya mumeni ibiya. Jamakai lenga.","First of all, I jakuja kama text, ilikuja kama pop-up kwa simuake. It's like a pop-up. I hope siku ni ibiya mumeni ibiya. Jamakai lenga.",/home/ray/Desktop/mkuru/dataset/segmented/6vNZzV0PYsQ_Enter_The_Dragon____Mkurugen/6vNZzV0PYsQ_Enter_The_Dragon____Mkurugen_00070.wav,6vNZzV0PYsQ_Enter_The_Dragon____Mkurugen
sheng_rev_0058,6vNZzV0PYsQ_Enter_The_Dragon____Mkurugen_00071.wav,13.13,"Akuri spawn, juwame mui bia, sii wame nda. After some time, isi mui kalia. Kulia, ule jamakaw ambia cheki, nama pati opportunity ngine, ya kure kebisha. Mahalitu mumeni wacha.","Akuri, akuri spawn, juwame mui bia, sii wame nda. After some time, isi mui kalia. Kulia, ule jamakaw ambia cheki, nama pati opportunity ngine, ya kure kebisha. Mahalitu mumeni wacha.",/home/ray/Desktop/mkuru/dataset/segmented/6vNZzV0PYsQ_Enter_The_Dragon____Mkurugen/6vNZzV0PYsQ_Enter_The_Dragon____Mkurugen_00071.wav,6vNZzV0PYsQ_Enter_The_Dragon____Mkurugen
sheng_rev_0059,6vNZzV0PYsQ_Enter_The_Dragon____Mkurugen_00072.wav,13.31,"Kujeni, nirudishi eni tu kila kitu yungu nita asimakuna kitu umbaya mefa nika, nimu ndenji enu mimini ndenji yungu. Uki jana akam tukana, kama mabia bana wewa wuna akili jwa wuki ibiwa.","Kujeni, nirudishi eni tu kila kitu yungu nita asimakuna kitu umbaya mefa nika, nimu ndenji enu mimini ndenji yungu. Uki jana akam tukana, kama mabia bana wewa wuna akili jwa wuki ibiwa.",/home/ray/Desktop/mkuru/dataset/segmented/6vNZzV0PYsQ_Enter_The_Dragon____Mkurugen/6vNZzV0PYsQ_Enter_The_Dragon____Mkurugen_00072.wav,6vNZzV0PYsQ_Enter_The_Dragon____Mkurugen
sheng_rev_0060,6vNZzV0PYsQ_Enter_The_Dragon____Mkurugen_00073.wav,13.09,Na mnaganya niwewe. Haya. Wewe tu. Safi. Na ibo sendiwe wame pene na simi.,Na mnaganya niwewe. Haya. Wewe tu. Safi. Na ibo sendiwe wame pene na simi.,/home/ray/Desktop/mkuru/dataset/segmented/6vNZzV0PYsQ_Enter_The_Dragon____Mkurugen/6vNZzV0PYsQ_Enter_The_Dragon____Mkurugen_00073.wav,6vNZzV0PYsQ_Enter_The_Dragon____Mkurugen
sheng_rev_0061,6vNZzV0PYsQ_Enter_The_Dragon____Mkurugen_00074.wav,13.39,"So kutoka apo, first stop ina kuwaga nikuwa hamsewa oflani wa tech. Whomsewa tech kazi ake, nikuwa nda kusafisha simu, kabisaf. Wakanda anko akampatia, yo simu wa mechukua.","So kutoka apo, first stop ina kuwaga nikuwa hamsewa oflani wa tech. Whomsewa tech kazi ake, nikuwa nda kusafisha simu, kabisaf. Wakanda anko akampatia, yo simu wa mechukua.",/home/ray/Desktop/mkuru/dataset/segmented/6vNZzV0PYsQ_Enter_The_Dragon____Mkurugen/6vNZzV0PYsQ_Enter_The_Dragon____Mkurugen_00074.wav,6vNZzV0PYsQ_Enter_The_Dragon____Mkurugen
sheng_rev_0062,6vNZzV0PYsQ_Enter_The_Dragon____Mkurugen_00075.wav,13.49,"Androidio Sampsan. Ankoa kaisa fish, I mean, misewa teka kaisa fish akabisa, ikarudim piya. Then ankoa kachuku wasim kada kaweka, kwa yosim, sasa kanzakuitumia. Ame iktili akabisa kila, yani.","Androidio Sampsan. Ankoa kaisa fish, I mean, misewa teka kaisa fish akabisa, ikarudim piya. Then ankoa kachuku wasim kada kaweka, kwa yosim, sasa kanzakuitumia. Ame iktili akabisa kila, yani.",/home/ray/Desktop/mkuru/dataset/segmented/6vNZzV0PYsQ_Enter_The_Dragon____Mkurugen/6vNZzV0PYsQ_Enter_The_Dragon____Mkurugen_00075.wav,6vNZzV0PYsQ_Enter_The_Dragon____Mkurugen
sheng_rev_0063,6vNZzV0PYsQ_Enter_The_Dragon____Mkurugen_00076.wav,13.21,"Kapsa. So, ikakwa iyon diyo simuyake. Iyo jiyoni wakiyanda kulala. Kuna kitu aliku anafaafanya. Kuna atransaction aliku anafaamik.","Kapsa. So, ikakwa iyon diyo simuyake. Iyo jiyoni wakiyanda kulala. Kuna kitu aliku anafaafanya. Kuna atransaction aliku anafaamik.",/home/ray/Desktop/mkuru/dataset/segmented/6vNZzV0PYsQ_Enter_The_Dragon____Mkurugen/6vNZzV0PYsQ_Enter_The_Dragon____Mkurugen_00076.wav,6vNZzV0PYsQ_Enter_The_Dragon____Mkurugen
sheng_rev_0064,6vNZzV0PYsQ_Enter_The_Dragon____Mkurugen_00077.wav,12.62,"Kwa mpesa. Aka ingi a mpesa, aka tumadoo. Siji kama ilikwa ni renta, ilikwa nalipa iusiku, ilikwa rent, ju li kwa 45,000, hawa ya ke li kwa 45,000. Aka tuma 45,000, maliyana tumaga kwa...","Kwa mpesa. Aka ingi a mpesa, aka tumadoo. Siji kama ilikwa ni renta, ilikwa nalipa iusiku, ilikwa rent, ju li kwa 45,000, hawa ya ke li kwa 45,000. Aka tuma 45,000, maliyana tumaga kwa...",/home/ray/Desktop/mkuru/dataset/segmented/6vNZzV0PYsQ_Enter_The_Dragon____Mkurugen/6vNZzV0PYsQ_Enter_The_Dragon____Mkurugen_00077.wav,6vNZzV0PYsQ_Enter_The_Dragon____Mkurugen
sheng_rev_0065,6vNZzV0PYsQ_Enter_The_Dragon____Mkurugen_00078.wav,13.61,Landlord. I think you home to me ya kwa simu direct. Na forti-five ke ika nda. Kido agu anapata message ya kusema ili forti-five ke alituma ime kuwere vast back to his phone. So anashindo kwanini na riversiwa.,Landlord. I think you home to me ya kwa simu direct. Na forti-five ke ika nda. Kido kido agu anapata message ya kusema ili forti-five ke alituma ime kuwere vast back to his phone. So anashindo kwanini na riversiwa.,/home/ray/Desktop/mkuru/dataset/segmented/6vNZzV0PYsQ_Enter_The_Dragon____Mkurugen/6vNZzV0PYsQ_Enter_The_Dragon____Mkurugen_00078.wav,6vNZzV0PYsQ_Enter_The_Dragon____Mkurugen
sheng_rev_0066,6vNZzV0PYsQ_Enter_The_Dragon____Mkurugen_00079.wav,12.88,"Konzana edana confirmana onaya nikona pesa, 180-something thousand. Sota nikitua 45, nikona kawan 30-something kame baki. So mona CLI kwanini na riversiyo, ama mabisi muelandi imeja.","Konzana edana confirmana onaya nikona pesa, 180-something thousand. Sota nikitua 45, nikona kawan 30-something kame baki. So mona CLI kwanini na riversiyo, ama mabisi muelandi imeja.",/home/ray/Desktop/mkuru/dataset/segmented/6vNZzV0PYsQ_Enter_The_Dragon____Mkurugen/6vNZzV0PYsQ_Enter_The_Dragon____Mkurugen_00079.wav,6vNZzV0PYsQ_Enter_The_Dragon____Mkurugen
sheng_rev_0067,6vNZzV0PYsQ_Enter_The_Dragon____Mkurugen_00080.wav,13.97,"Juhu simu ikijana uki tuma iwezi jukuwa. Bifuata apige simu kwa landod kumulizani ajembona na tuma rent inarudi. Anapata mesejingine. 130,000 chap ime tolewa, ime endawa api.","Juhu simu ikijana uki tuma iwezi, iwezi jukuwa. Bifuata apige simu kwa landod kumulizani ajembona na tuma rent inarudi. Anapata mesejingine. 130,000 chap ime tolewa, ime endawa api.",/home/ray/Desktop/mkuru/dataset/segmented/6vNZzV0PYsQ_Enter_The_Dragon____Mkurugen/6vNZzV0PYsQ_Enter_The_Dragon____Mkurugen_00080.wav,6vNZzV0PYsQ_Enter_The_Dragon____Mkurugen
sheng_rev_0068,6vNZzV0PYsQ_Enter_The_Dragon____Mkurugen_00081.wav,11.4,"Kosiju ya countu gani me endakununu wa bitcoin. Anashindu angoja first. Idoi me tokaji ko empesa hangu ne endakununu wa bitcoin. Ajhe, nininiyu ina happen. Kidogo!","Kosiju ya countu gani me endakununu wa bitcoin. Anashindu angoja first. Idoi me tokaji ko empesa hangu ne endakununu wa bitcoin. Ajhe, nininiyu ina happen. Kidogo Kidogo!",/home/ray/Desktop/mkuru/dataset/segmented/6vNZzV0PYsQ_Enter_The_Dragon____Mkurugen/6vNZzV0PYsQ_Enter_The_Dragon____Mkurugen_00081.wav,6vNZzV0PYsQ_Enter_The_Dragon____Mkurugen
sheng_rev_0069,6vNZzV0PYsQ_Enter_The_Dragon____Mkurugen_00083.wav,12.71,Mazi nili kwa na tu pesa kwa mpesa na kutana na ma message tu. Papi ime nda ime nunua bitcoin. Papi ime tolewa emishuari ime ingi ya kwa mpesa yangu. Ime nda ime nunua bitcoin.,Mazi nili kwa na tu pesa kwa mpesa na kutana na ma message tu. Papi ime nda ime nunua bitcoin. Papi ime tolewa emishuari ime ingi ya kwa mpesa yangu. Ime nda ime nunua bitcoin.,/home/ray/Desktop/mkuru/dataset/segmented/6vNZzV0PYsQ_Enter_The_Dragon____Mkurugen/6vNZzV0PYsQ_Enter_The_Dragon____Mkurugen_00083.wav,6vNZzV0PYsQ_Enter_The_Dragon____Mkurugen
sheng_rev_0070,6vNZzV0PYsQ_Enter_The_Dragon____Mkurugen_00084.wav,12.91,"Uyumungida na mumbiata mimi nmendo iwa nmeto wa tuku tuma rent kwa landi Ika riversiwa, then chape yote, Ika ishiya. Nika mama zedi tunasafishwa, nasiju ni na hapen. Ndu kawahi tu wa.","Uyumungida na mumbiata mimi nmendo iwa nmeto wa tuku tuma rent kwa landi Ika riversiwa, then chape yote, Ika ishiya. Nika mama zedi tunasafishwa, nasiju ni nini na hapen. Ndu kawahi tu wa wa wa wa wa wa.",/home/ray/Desktop/mkuru/dataset/segmented/6vNZzV0PYsQ_Enter_The_Dragon____Mkurugen/6vNZzV0PYsQ_Enter_The_Dragon____Mkurugen_00084.wav,6vNZzV0PYsQ_Enter_The_Dragon____Mkurugen
sheng_rev_0071,6vNZzV0PYsQ_Enter_The_Dragon____Mkurugen_00086.wav,9.61,"Ali tatoa simu ya kakakwa simu ya ujama natu mi yasai. So maybe humsia kona access juu, ali fani ezi phones kitu.","Ali tatoa simu ya kakakwa simu ya ujama natu mi yasai. So maybe humsia kona access juu, ali fani ezi phones kitu.",/home/ray/Desktop/mkuru/dataset/segmented/6vNZzV0PYsQ_Enter_The_Dragon____Mkurugen/6vNZzV0PYsQ_Enter_The_Dragon____Mkurugen_00086.wav,6vNZzV0PYsQ_Enter_The_Dragon____Mkurugen
sheng_rev_0072,6vNZzV0PYsQ_Enter_The_Dragon____Mkurugen_00087.wav,11.61,"Maanze ni kungo jasubu hi fike, waju asa sa the next cause of action jusa sa apa ni noma. Oh, wali on a fire. Usiku ma mesej zinaanza.","Maanze ni kungo jasubu hi fike, waju asa sa the next cause of action jusa sa apa ni noma. Oh oh oh oh oh oh oh, wali on a fire. Usiku ma mesej zinaanza.",/home/ray/Desktop/mkuru/dataset/segmented/6vNZzV0PYsQ_Enter_The_Dragon____Mkurugen/6vNZzV0PYsQ_Enter_The_Dragon____Mkurugen_00087.wav,6vNZzV0PYsQ_Enter_The_Dragon____Mkurugen
sheng_rev_0073,6vNZzV0PYsQ_Enter_The_Dragon____Mkurugen_00088.wav,13.46,"1.3 million from your family bank account has been sent to Anko. So, uniki jana. Ulajio eniki jana, wame iba ita unbaka kwa accounta kuna mita na. Yo mita, inajkulio ina pele kwa Anko. Alambia Anko, weh!","1.3 million from your family bank account has been sent to Anko. So, uniki jana. Ulajio eniki jana, wame iba ita unbaka kwa accounta kuna mita na. Yo mita, inajkulio ina pele kwa kwa Anko. Alambia Anko, weh!",/home/ray/Desktop/mkuru/dataset/segmented/6vNZzV0PYsQ_Enter_The_Dragon____Mkurugen/6vNZzV0PYsQ_Enter_The_Dragon____Mkurugen_00088.wav,6vNZzV0PYsQ_Enter_The_Dragon____Mkurugen
sheng_rev_0074,6vNZzV0PYsQ_Enter_The_Dragon____Mkurugen_00089.wav,9.42,Masikuna doi me tolewa kwa akounti hangi me pele kwa,Masikuna doi me tolewa kwa akounti hangi me pele kwa kwa kwa kwa kwa kwa kwa kwa kwa kwa kwa kwa kwa kwa kwa kwa kwa kwa kwa kwa kwa kwa kwa kwa kwa kwa kwa kwa kwa kwa kwa kwa kwa kwa kwa kwa kwa kwa kwa kwa kwa kwa kwa kwa kwa kwa kwa kwa kwa kwa kwa kwa kwa kwa kwa kwa kwa kwa kwa kwa kwa kwa kwa kwa kwa kwa kwa kwa kwa kwa kwa kwa kwa kwa kwa kwa kwa kwa kwa kwa kwa kwa kwa kwa kwa kwa kwa kwa kwa kwa kwa kwa kwa kwa kwa kwa kwa kwa kwa kwa kwa kwa,/home/ray/Desktop/mkuru/dataset/segmented/6vNZzV0PYsQ_Enter_The_Dragon____Mkurugen/6vNZzV0PYsQ_Enter_The_Dragon____Mkurugen_00089.wav,6vNZzV0PYsQ_Enter_The_Dragon____Mkurugen
sheng_rev_0075,6vNZzV0PYsQ_Enter_The_Dragon____Mkurugen_00090.wav,11.79,Kido go? Alengia ku akawntu ku confirm. Kamu kweli 1.3 ili yande kagonga akawntiya kendi katoleo. Hana yanda napata akawntiya kiko empty. Zero. Anashindo wei. Nilikwana miliyoni tatu nakitu ku akawntiya ngwimenda api.,Kido kido go? Alengia ku akawntu ku confirm. Kamu kweli 1.3 ili yande kagonga akawntiya kendi katoleo. Hana yanda napata akawntiya kiko empty. Zero. Anashindo wei. Nilikwana miliyoni tatu nakitu ku akawntiya ngwimenda api.,/home/ray/Desktop/mkuru/dataset/segmented/6vNZzV0PYsQ_Enter_The_Dragon____Mkurugen/6vNZzV0PYsQ_Enter_The_Dragon____Mkurugen_00090.wav,6vNZzV0PYsQ_Enter_The_Dragon____Mkurugen
sheng_rev_0076,6vNZzV0PYsQ_Enter_The_Dragon____Mkurugen_00091.wav,11.38,"Imepele kwa accountia kijana, ya family bank badu. Jamana ingi kwa account anapatakona 5.3, bifua fanyekitu, imeshato lewa. Imendawapi, kununu wa bitcoin. Jesus Christ.","Imepele kwa kwa accountia kijana, ya family bank badu. Jamana ingi kwa account anapatakona 5.3, bifua fanyekitu, imeshato lewa. Imendawapi, kununu wa bitcoin. Jesus Christ.",/home/ray/Desktop/mkuru/dataset/segmented/6vNZzV0PYsQ_Enter_The_Dragon____Mkurugen/6vNZzV0PYsQ_Enter_The_Dragon____Mkurugen_00091.wav,6vNZzV0PYsQ_Enter_The_Dragon____Mkurugen
sheng_rev_0077,6vNZzV0PYsQ_Enter_The_Dragon____Mkurugen_00092.wav,13.99,Muna kwa mbiawali kaivi macho mbaka asubui wa kingoji asubui kukuche. Asubui! Ndiwa na una maadya busa savizuri. Kijana ananza kuri sivwa. Anko sijui ni kama wali malzana kijana ananza kuri sivwa mesej.,Muna kwa mbiawali kaivi macho mbaka asubui wa kingoji asubui kukuche. Asubui! Ndiwa na una maadya busa savizuri. Kijana ananza kuri sivwa. Anko sijui ni kama wali malzana kijana ananza kuri sivwa mesej.,/home/ray/Desktop/mkuru/dataset/segmented/6vNZzV0PYsQ_Enter_The_Dragon____Mkurugen/6vNZzV0PYsQ_Enter_The_Dragon____Mkurugen_00092.wav,6vNZzV0PYsQ_Enter_The_Dragon____Mkurugen
sheng_rev_0078,6vNZzV0PYsQ_Enter_The_Dragon____Mkurugen_00093.wav,13.95,"Tingting, you have received 30,000 shillings from XYZ. Aki engali, u XYZ nina nirafiki ake. Tingting, you have received 45,000 shillings from XYZ. U XYZ nina ni, oi, sijini, kazini akem gani.","Tingting, you have received 30,000 shillings from XYZ. Aki engali, u XYZ nina ni nirafiki ake. Tingting, you have received 45,000 shillings from XYZ. U XYZ nina ni, oi, sijini, kazini akem gani.",/home/ray/Desktop/mkuru/dataset/segmented/6vNZzV0PYsQ_Enter_The_Dragon____Mkurugen/6vNZzV0PYsQ_Enter_The_Dragon____Mkurugen_00093.wav,6vNZzV0PYsQ_Enter_The_Dragon____Mkurugen
sheng_rev_0079,6vNZzV0PYsQ_Enter_The_Dragon____Mkurugen_00095.wav,7.56,"Anapatatu isu message you have received, lakini ya kenda kwa impressa balance, haiko, ido hi na tole wa tu. Olo wa sade na kanzaku receive za.","Anapatatu isu message you have received, lakini ya kenda kwa impressa balance, haiko, ido hi na tole wa tu. Olo wa sade na kanzaku receive za.",/home/ray/Desktop/mkuru/dataset/segmented/6vNZzV0PYsQ_Enter_The_Dragon____Mkurugen/6vNZzV0PYsQ_Enter_The_Dragon____Mkurugen_00095.wav,6vNZzV0PYsQ_Enter_The_Dragon____Mkurugen
sheng_rev_0080,6vNZzV0PYsQ_Enter_The_Dragon____Mkurugen_00097.wav,12.65,"Marayoyo. So, waka kimbia kwa msewa, waka tek, waka enda waka connect simu kwa masiniyake, wajari buko, nakama kuna kitu wana ezafanya na wa stop, whatever it is ilkwe na hapenapondani.","Marayoyo. So, waka kimbia kwa msewa, waka tek, waka enda waka connect simu kwa masiniyake, wajari buko, nakama kuna kitu wana ezafanya na wa stop, whatever it is ilkwe na hapenapondani.",/home/ray/Desktop/mkuru/dataset/segmented/6vNZzV0PYsQ_Enter_The_Dragon____Mkurugen/6vNZzV0PYsQ_Enter_The_Dragon____Mkurugen_00097.wav,6vNZzV0PYsQ_Enter_The_Dragon____Mkurugen
sheng_rev_0081,6vNZzV0PYsQ_Enter_The_Dragon____Mkurugen_00098.wav,13.33,"Na bila yu phone wali anza na yu phone yu anko, bila yuli konekti wapale kwa masini kidokidogo ika letanini kama ka video call, kuna video call ina hape. Na yu video call","Na bila yu phone wali anza na yu phone yu anko, bila yuli konekti wapale kwa masini kidokidogo ika letanini kama ka video call, kuna video call ina hape. Na yu video call",/home/ray/Desktop/mkuru/dataset/segmented/6vNZzV0PYsQ_Enter_The_Dragon____Mkurugen/6vNZzV0PYsQ_Enter_The_Dragon____Mkurugen_00098.wav,6vNZzV0PYsQ_Enter_The_Dragon____Mkurugen
sheng_rev_0082,6vNZzV0PYsQ_Enter_The_Dragon____Mkurugen_00099.wav,13.59,"Ni huyo anko anapiga, munyei simu. So vilali chukua, bedi uno na face kabisa ni anko, kabisa? Na mevazilengu wali kwa mevajana. Naongia sa uti unaskiya, ni anko lakiniu kiskiza fiti.","Ni huyo anko anapiga, munyei simu. So vilali chukua, bedi uno na face kabisa ni anko, kabisa? Na mevazilengu wali kwa mevajana. Na naongia sa uti unaskiya, ni anko lakiniu kiskiza fiti.",/home/ray/Desktop/mkuru/dataset/segmented/6vNZzV0PYsQ_Enter_The_Dragon____Mkurugen/6vNZzV0PYsQ_Enter_The_Dragon____Mkurugen_00099.wav,6vNZzV0PYsQ_Enter_The_Dragon____Mkurugen
sheng_rev_0083,6vNZzV0PYsQ_Enter_The_Dragon____Mkurugen_00100.wav,13.56,"Uta skeyo sa uti, ni kama ni engineered, ni kama una jubile machine wongeya, but ime jaribu sana kumimik wile wongeya agad, but tu kiskiza feel ti uta feel kuna.","Uta skeyo sa uti, ni kama ni engineered, ni kama una jubile machine wongeya, but ime jaribu sana kumimik wile wongeya agad, but tu kiskiza feel ti uta feel kuna.",/home/ray/Desktop/mkuru/dataset/segmented/6vNZzV0PYsQ_Enter_The_Dragon____Mkurugen/6vNZzV0PYsQ_Enter_The_Dragon____Mkurugen_00100.wav,6vNZzV0PYsQ_Enter_The_Dragon____Mkurugen
sheng_rev_0084,6vNZzV0PYsQ_Enter_The_Dragon____Mkurugen_00102.wav,11.38,"Niliwapa tia opportunity ya ku du good mukafanya baya. So yo nile sonienu na mukaimkijua minim baya. Kunwatu wa kuchokoza, mimi si one of them.","Niliwapa tia opportunity ya ku du good mukafanya baya. So yo nile sonienu na mukaimkijua minim baya. Kunwatu wa kuchokoza, mimi si one of them.",/home/ray/Desktop/mkuru/dataset/segmented/6vNZzV0PYsQ_Enter_The_Dragon____Mkurugen/6vNZzV0PYsQ_Enter_The_Dragon____Mkurugen_00102.wav,6vNZzV0PYsQ_Enter_The_Dragon____Mkurugen
sheng_rev_0085,6vNZzV0PYsQ_Enter_The_Dragon____Mkurugen_00103.wav,13.24,"Mhara iyo maze machini, siji ni li hapen apu, nika ili self-destruct, ili anza tukutu wa moshi apu, na kuhiyo process ili affect mpaka ni machini ya uyum sewa wa take.","Mhara iyo iyo maze machini, siji ni ni li hapen apu, nika ili self-destruct, ili anza tukutu wa moshi apu, na kuhiyo process ili affect mpaka ni ni machini ya uyum sewa wa take.",/home/ray/Desktop/mkuru/dataset/segmented/6vNZzV0PYsQ_Enter_The_Dragon____Mkurugen/6vNZzV0PYsQ_Enter_The_Dragon____Mkurugen_00103.wav,6vNZzV0PYsQ_Enter_The_Dragon____Mkurugen
sheng_rev_0086,6vNZzV0PYsQ_Enter_The_Dragon____Mkurugen_00104.wav,8.74,"Kwanza, bifu hini video kolikam, kuna doa liku wa mekopa, wali sema, wali ambiyam sewa tek.","Kwanza, bifu hini video kolikam, kuna doa liku wa mekopa, wali sema, wali ambiyam sewa tek.",/home/ray/Desktop/mkuru/dataset/segmented/6vNZzV0PYsQ_Enter_The_Dragon____Mkurugen/6vNZzV0PYsQ_Enter_The_Dragon____Mkurugen_00104.wav,6vNZzV0PYsQ_Enter_The_Dragon____Mkurugen
sheng_rev_0087,6vNZzV0PYsQ_Enter_The_Dragon____Mkurugen_00105.wav,12.72,"Awa tumiye 16,000 watume wa api kuna kitu iliku na faidu iyo pesa. Uomse wa tech wile li tuma, I don't know, kuna kitu tu ili hape, ni odo iku enda ukumali wali kuwa nafa watume.","Awa tumiye 16,000 watume wa api kuna kitu iliku na faidu iyo pesa. Uomse wa tech wile li tuma, I don't know, kuna kitu tu ili hape, ni odo iku enda ukumali wali kuwa nafa watume.",/home/ray/Desktop/mkuru/dataset/segmented/6vNZzV0PYsQ_Enter_The_Dragon____Mkurugen/6vNZzV0PYsQ_Enter_The_Dragon____Mkurugen_00105.wav,6vNZzV0PYsQ_Enter_The_Dragon____Mkurugen
sheng_rev_0088,6vNZzV0PYsQ_Enter_The_Dragon____Mkurugen_00106.wav,8.74,"Iyo story kuna kitu siku elewa apu. But anyway, Iyo 16,000 ni amtu atekilipotea, then machinia keikalipuka. Nise wateka kajam.","Iyo story kuna kitu siku elewa apu. But anyway, Iyo 16,000 ni amtu atekilipotea, then machinia keikalipuka. Nise wateka kajam.",/home/ray/Desktop/mkuru/dataset/segmented/6vNZzV0PYsQ_Enter_The_Dragon____Mkurugen/6vNZzV0PYsQ_Enter_The_Dragon____Mkurugen_00106.wav,6vNZzV0PYsQ_Enter_The_Dragon____Mkurugen
sheng_rev_0089,6vNZzV0PYsQ_Enter_The_Dragon____Mkurugen_00107.wav,13.24,"Akanza kuleta piya noma. Ali piya nuru apu asewa kaka mo kanza kuva, vidyanapu, vitambaya. Ejwee historiote. So, awasewa kwa onani noma, waka ondo kia, waka enda ocha, waka rudi.","Akanza kuleta piya noma. Ali piya piya nuru apu asewa kaka mo kanza kuva, vidyanapu, vitambaya. Ejwee historiote. So, awasewa kwa onani noma, waka ondo kia, waka enda ocha, waka rudi.",/home/ray/Desktop/mkuru/dataset/segmented/6vNZzV0PYsQ_Enter_The_Dragon____Mkurugen/6vNZzV0PYsQ_Enter_The_Dragon____Mkurugen_00107.wav,6vNZzV0PYsQ_Enter_The_Dragon____Mkurugen
sheng_rev_0090,6vNZzV0PYsQ_Enter_The_Dragon____Mkurugen_00109.wav,12.96,"Wakamwambia, ukone Nairobi wamepigwana wakora, awaka endakara waka, seti wakora, na sasa wakora wana takakua fanyambaya, sasa ndi wamebidi wakujwa jifite, usyago, but that was not true, yailu kwa ni katatu, sasa juzi.","Wakamwambia, ukone Nairobi wamepigwana wakora, awaka endakara waka, seti wakora, na sasa wakora wana takakua fanyambaya, sasa ndi wamebidi wakujwa jifite, usyago, but that was not true, yailu kwa ni katatu, sasa juzi.",/home/ray/Desktop/mkuru/dataset/segmented/6vNZzV0PYsQ_Enter_The_Dragon____Mkurugen/6vNZzV0PYsQ_Enter_The_Dragon____Mkurugen_00109.wav,6vNZzV0PYsQ_Enter_The_Dragon____Mkurugen
sheng_rev_0091,6vNZzV0PYsQ_Enter_The_Dragon____Mkurugen_00110.wav,13.95,"Nde uyu kijanam dogo, ame fungu kia uyu kaziniyake exactly what happened. So kaziniyake na kaka kama kanpatiya story. So miitaini otena, so mii story na jibiliza. First of all niposibol, izibitu zote.","Nde uyu kijanam dogo, ame fungu kia uyu kaziniyake exactly what happened. So kaziniyake na kaka kama kanpatiya story. So miitaini otena, so mii story na jibiliza. First of all niposibol, izibitu zote.",/home/ray/Desktop/mkuru/dataset/segmented/6vNZzV0PYsQ_Enter_The_Dragon____Mkurugen/6vNZzV0PYsQ_Enter_The_Dragon____Mkurugen_00110.wav,6vNZzV0PYsQ_Enter_The_Dragon____Mkurugen
sheng_rev_0092,6vNZzV0PYsQ_Enter_The_Dragon____Mkurugen_00111.wav,13.46,"Unezapati amitu simu akute nge nezeyo design yani, baka saye anapiga zile ma video za deepfake, anapigia watu ako, maze wana washa simu, wana kuona, like nwiwe wana ungeya wana.","Unezapati amitu simu akute nge nezeyo design yani, baka saye anapiga zile ma video za deepfake, anapigia watu ako, maze wana washa simu, wana kuona, like nwiwe wana ungeya wana.",/home/ray/Desktop/mkuru/dataset/segmented/6vNZzV0PYsQ_Enter_The_Dragon____Mkurugen/6vNZzV0PYsQ_Enter_The_Dragon____Mkurugen_00111.wav,6vNZzV0PYsQ_Enter_The_Dragon____Mkurugen
sheng_rev_0093,6vNZzV0PYsQ_Enter_The_Dragon____Mkurugen_00112.wav,10.56,"Hei! Mazenika jwa pa injekuna wa tuatari. Hei, ni na alikilam tu. Maka demi yuki jana alisa fishu apos ju 23,000.","Hei! Mazenika jwa pa injekuna wa tuatari. Hei, ni na alikilam tu. Maka demi yuki jana alisa fishu apos ju 23,000.",/home/ray/Desktop/mkuru/dataset/segmented/6vNZzV0PYsQ_Enter_The_Dragon____Mkurugen/6vNZzV0PYsQ_Enter_The_Dragon____Mkurugen_00112.wav,6vNZzV0PYsQ_Enter_The_Dragon____Mkurugen
sheng_rev_0094,6vNZzV0PYsQ_Enter_The_Dragon____Mkurugen_00113.wav,13.37,"So, in total, it was really combined with more than 5 million shillings. Jwali nda kweebi yam say mbaaya. Kumbi wama nda kweebi yasa sa Don Collion. Hey!","So, in total, it was really combined with more than 5 million shillings. Jwali nda kweebi yam say mbaaya. Kumbi wama nda kweebi yasa sa Don Collion. Hey!",/home/ray/Desktop/mkuru/dataset/segmented/6vNZzV0PYsQ_Enter_The_Dragon____Mkurugen/6vNZzV0PYsQ_Enter_The_Dragon____Mkurugen_00113.wav,6vNZzV0PYsQ_Enter_The_Dragon____Mkurugen
sheng_rev_0095,6vNZzV0PYsQ_Enter_The_Dragon____Mkurugen_00114.wav,13.86,"Eni norma. So, wiyom se mwanya mepege yo shugli. Kuna niweka kupo position numbaya, nile position niya, what you've done is not good at.","Eni norma. So, wiyom se mwanya mepege yo shugli. Kuna niweka kupo position numbaya, nile position niya, what you've done is not good at.",/home/ray/Desktop/mkuru/dataset/segmented/6vNZzV0PYsQ_Enter_The_Dragon____Mkurugen/6vNZzV0PYsQ_Enter_The_Dragon____Mkurugen_00114.wav,6vNZzV0PYsQ_Enter_The_Dragon____Mkurugen
sheng_rev_0096,6vNZzV0PYsQ_Enter_The_Dragon____Mkurugen_00115.wav,11.46,"But you were doing it to criminals, so to kiyamua tu angali e kandoki, don't go. Ah, Sibasi tu neza hendelea, tu na yu kiyasi.","But you were doing it to criminals, so to kiyamua tu angali e kandoki, don't go. Ah, Sibasi tu neza hendelea, tu na yu kiyasi.",/home/ray/Desktop/mkuru/dataset/segmented/6vNZzV0PYsQ_Enter_The_Dragon____Mkurugen/6vNZzV0PYsQ_Enter_The_Dragon____Mkurugen_00115.wav,6vNZzV0PYsQ_Enter_The_Dragon____Mkurugen
sheng_rev_0097,6vNZzV0PYsQ_Enter_The_Dragon____Mkurugen_00116.wav,12.62,"Nimi ni toke inja ni kutaftiye nambazama bunga. Watu wumbawa natupanya, fanya mbae ni kutengeneze, then wewe ufa nye mambuha ku.","Nimi ni toke inja ni kutaftiye nambazama bunga. Watu wumbawa natupanya, fanya mbae ni kutengeneze, then wewe ufa nye mambuha ku.",/home/ray/Desktop/mkuru/dataset/segmented/6vNZzV0PYsQ_Enter_The_Dragon____Mkurugen/6vNZzV0PYsQ_Enter_The_Dragon____Mkurugen_00116.wav,6vNZzV0PYsQ_Enter_The_Dragon____Mkurugen
sheng_rev_0098,6vNZzV0PYsQ_Enter_The_Dragon____Mkurugen_00117.wav,12.99,"Wakati wana piga transaksiyon zachini yamaji, wana kula pesaya hospitali, yuho pesa iki ingiha kwa account tivi, wawu na nda unai chukwa. Mimi nawewe tu na kula 10% yuho pesa, alafu 90%.","Wakati wana piga piga transaksiyon zachini yamaji, wana kula pesaya hospitali, yuho pesa iki ingiha kwa account tivi, wawu na nda unai, unai chukwa. Mimi nawewe tu na kula 10% yuho pesa, alafu 90%.",/home/ray/Desktop/mkuru/dataset/segmented/6vNZzV0PYsQ_Enter_The_Dragon____Mkurugen/6vNZzV0PYsQ_Enter_The_Dragon____Mkurugen_00117.wav,6vNZzV0PYsQ_Enter_The_Dragon____Mkurugen
sheng_rev_0099,6vNZzV0PYsQ_Enter_The_Dragon____Mkurugen_00118.wav,13.94,Tuna ndatuna tengeneza hospitali. Tuta sa idea henshi. Bye. Anyway. Yeah. It is what it is so...,Tuna ndatuna tengeneza hospitali. Tuta sa idea henshi. Bye. Anyway. Yeah. It is what it is so...,/home/ray/Desktop/mkuru/dataset/segmented/6vNZzV0PYsQ_Enter_The_Dragon____Mkurugen/6vNZzV0PYsQ_Enter_The_Dragon____Mkurugen_00118.wav,6vNZzV0PYsQ_Enter_The_Dragon____Mkurugen
sheng_rev_0100,6vNZzV0PYsQ_Enter_The_Dragon____Mkurugen_00119.wav,13.33,"I guess morally a story ni tu kuwaitu kiafuna izima place tu na plug-in, masimu. Oh, yeni kompite ako, neza itu mi ya kuchaj. Hm. Ayu never know. Aya.","I guess morally a story ni tu kuwaitu kiafuna izima place tu na plug-in, plug-in, masimu. Oh, oh, yeni kompite ako, neza itu mi ya kuchaj. Hm, hm. Ayu never know. Aya.",/home/ray/Desktop/mkuru/dataset/segmented/6vNZzV0PYsQ_Enter_The_Dragon____Mkurugen/6vNZzV0PYsQ_Enter_The_Dragon____Mkurugen_00119.wav,6vNZzV0PYsQ_Enter_The_Dragon____Mkurugen
sheng_rev_0101,6vNZzV0PYsQ_Enter_The_Dragon____Mkurugen_00120.wav,5.91,Tushonana bata sku chachi. Tendi fungi apu imekuwa trusa na nini wachuwanguvu wa diyoz mu chachos.,Tushonana bata sku chachi. Tendi fungi apu imekuwa trusa na nini wachuwanguvu wa diyoz mu chachos.,/home/ray/Desktop/mkuru/dataset/segmented/6vNZzV0PYsQ_Enter_The_Dragon____Mkurugen/6vNZzV0PYsQ_Enter_The_Dragon____Mkurugen_00120.wav,6vNZzV0PYsQ_Enter_The_Dragon____Mkurugen
sheng_rev_0102,Recording_3_00000.wav,12.79,"We're out there for any of those FCs. Sida niku cha kuwaja matawata wa cha kuwaja grawa. Sida niku na dewa cha kuwaja, bikozi ima nukuna kuwanga, ima nukuna isi, bikozi na uruanda.","We're out there for any of those FCs. Sida niku cha kuwaja matawata wa cha kuwaja grawa. Sida niku na dewa cha kuwaja, bikozi ima nukuna kuwanga, ima nukuna isi, bikozi na uruanda.",/home/ray/Desktop/mkuru/dataset/segmented/Recording_3/Recording_3_00000.wav,Recording_3
sheng_rev_0103,Recording_3_00001.wav,5.47,"Iko na kraka, and the thing is that it is an indecent dressing. So now you see how...","Iko na kraka, and the thing is that it is an indecent dressing. So now you see how...",/home/ray/Desktop/mkuru/dataset/segmented/Recording_3/Recording_3_00001.wav,Recording_3
sheng_rev_0104,chunk_00000.wav,23.3,I don't know how I say it. We're going to keep an eye on what we're going to do for the next 17 years. Yay. We're going to see how it's going to be. We're going to see how it's going to be. We're going to see how it's going to be. We're going to see how it's going to be. We're going to see how it's going to be. That's a gate.,I don't know how I say it. We're going to keep an eye on what we're going to do for the next 17 years. Yay. We're going to see how it's going to be. We're going to see how it's going to be. We're going to see how it's going to be. We're going to see how it's going to be. We're going to see how it's going to be. That's a gate.,/home/ray/Desktop/mkuru/dataset/segmented/Recording_4/chunk_00000.wav,Recording_4
sheng_rev_0105,Sheng0002_00000.wav,12.55,"It may be interesting that you discovered about your family only because there was a big family occasion. Onajwa manenuwa family na kuwanga a little bit sensitive, but there's a lot of good that comes with it manenuwa.","It may be interesting that you discovered about your family only because there was a big family occasion. Onajwa manenuwa family na kuwanga a little bit sensitive, but there's a lot of good that comes with it manenuwa.",/home/ray/Desktop/mkuru/dataset/segmented/Sheng0002/Sheng0002_00000.wav,Sheng0002
sheng_rev_0106,Sheng0002_00001.wav,9.8,"We all love it when something like, you know, the whole family is getting together for whatever reason, pleasant and pleasant. Fami yongasina patana every once in a while man, but...","We all love it when something like, you know, the whole family is getting together for whatever reason, pleasant and pleasant. Fami yongasina patana every once in a while man, but...",/home/ray/Desktop/mkuru/dataset/segmented/Sheng0002/Sheng0002_00001.wav,Sheng0002
sheng_rev_0107,Sheng0002_00002.wav,12.41,One thing you can bet on is we've all come to learn some very interesting things about our families during these same occasions and I don't know if you got wind of what went down with the late stupid boy.,One thing you can bet on is we've all come to learn some very interesting things about our families during these same occasions and I don't know if you got wind of what went down with the late stupid boy.,/home/ray/Desktop/mkuru/dataset/segmented/Sheng0002/Sheng0002_00002.wav,Sheng0002
sheng_rev_0108,Sheng0002_00006.wav,10.94,"Nai me letango risana manze, the dad says that he wants his son to be buried in Siyaya saying that this is what he wanted manze, he is trying to honor a wish that stupid boy had repeatedly shared before passing.","Nai me letango risana manze, the dad says that he wants his son to be buried in Siyaya saying that this is what he wanted manze, he is trying to honor a wish that stupid boy had repeatedly shared before passing.",/home/ray/Desktop/mkuru/dataset/segmented/Sheng0002/Sheng0002_00006.wav,Sheng0002
sheng_rev_0109,Sheng0002_00008.wav,13.67,"Anase mam dueni wangu tafadalini, acham totu wangu wa zikwia ku amtani man and my heart really goes out to them. It's not something easy that they are going through. But this is not the first time we've seen something like this happening man. I bet we all have bro. Adi mimi?","Anase mam dueni wangu tafadalini, acham totu wangu wa zikwia ku amtani man and my heart really goes out to them. It's not something easy that they are going through. But this is not the first time we've seen something like this happening man. I bet we all have bro. Adi mimi?",/home/ray/Desktop/mkuru/dataset/segmented/Sheng0002/Sheng0002_00008.wav,Sheng0002
sheng_rev_0110,Sheng0002_00009.wav,13.45,"Nili kujapujone, the very same things he let me name, the one while he passed man, the RIP to the old man. Juhuna jwa the problem is that everyone close to that loved one feels very entitled to how things should go, how things should be.","Nili kujapujone, the very same things he let me name, the one while he passed man, the RIP to the old man. Juhuna jwa the problem is that everyone close to that loved one feels very entitled to how things should go, how things should be.",/home/ray/Desktop/mkuru/dataset/segmented/Sheng0002/Sheng0002_00009.wav,Sheng0002
sheng_rev_0111,Sheng0002_00011.wav,13.94,"This is what their loved one wished for themselves, because wana fi piasisini kama tunamjua beta. We know him better or we know her better than they know themselves. Mimina kwa mtukuna punamare la tikzutwe ginoa li dayisha a wakuji mazizi yamzae.","This is what their loved one wished for, for themselves, because wana fi piasisini kama tunamjua beta. We know him better or we know her better than they know themselves. Mimina kwa mtukuna punamare la tikzutwe ginoa li dayisha a wakuji mazizi yamzae.",/home/ray/Desktop/mkuru/dataset/segmented/Sheng0002/Sheng0002_00011.wav,Sheng0002
sheng_rev_0112,Sheng0002_00013.wav,10.22,"But it can get really ugly man. Does your family know what you really actually want when it comes to some things? Naiwanda assignment na takani kupati e wiki, but this is just a side note, right?","But it can get really ugly man. Does your family know what you really actually want when it comes to some things? Naiwanda assignment na takani kupati e wiki, but this is just a side note, right?",/home/ray/Desktop/mkuru/dataset/segmented/Sheng0002/Sheng0002_00013.wav,Sheng0002
sheng_rev_0113,Sheng0002_00014.wav,8.77,"I'm giving you this assignment this week. Let your family know what you want and also when you find out what your family members want, watch something.","I'm giving you this assignment this week. Let your family know what you want and also when you find out what your family members want, watch something.",/home/ray/Desktop/mkuru/dataset/segmented/Sheng0002/Sheng0002_00014.wav,Sheng0002
sheng_rev_0114,Sheng0003_00000.wav,12.72,"Kama unge kaisiesi ujajifade kusamiyote kufo, dohushofo. It's not possible. So korma jema zisbira mezefsi, da se gave I watched yesterday adnjaya nash na stadium.","Kama unge kaisiesi ujajifade kusamiyote kufo, dohushofo. It's not possible. So korma jema zisbira mezefsi, da se gave I watched yesterday adnjaya nash na stadium.",/home/ray/Desktop/mkuru/dataset/segmented/Sheng0003/Sheng0003_00000.wav,Sheng0003
sheng_rev_0115,Sheng0003_00006.wav,13.67,"Tushka Wentunil up in the first half. Wakapigwa counter, 2 goals in the second half. Ended up joining that particular game 2-0. But there's a big game in Nairobi this weekend. Alali is going to be in Nairobi for that particular one.","Tushka Wentunil up in the first half. Wakapigwa counter, 2 goals in the second half. Ended up joining that particular game 2-0. But there's a big game in Nairobi this weekend. Alali is going to be in Nairobi for that particular one.",/home/ray/Desktop/mkuru/dataset/segmented/Sheng0003/Sheng0003_00006.wav,Sheng0003
sheng_rev_0116,Sheng0003_00008.wav,12.27,"Koromaya is not having great opportunities to play competitive football. As in, baka wanavuku jorganize ya friendlies ndochi za competitive football. So this is it. I think we bloody need to start this professionally.","Koromaya is not having great opportunities to play competitive football. As in, baka wanavuku jorganize ya friendlies ndochi za competitive football. So this is it. I think we bloody need to start this professionally.",/home/ray/Desktop/mkuru/dataset/segmented/Sheng0003/Sheng0003_00008.wav,Sheng0003
sheng_rev_0117,Sheng0003_00009.wav,12.45,We need to find a solution this week. We need to find a solution very soon so that we can give our teams a chance to play competitive games out there.,We need to find a solution this week. We need to find a solution very soon so that we can give our teams a chance to play competitive games out there.,/home/ray/Desktop/mkuru/dataset/segmented/Sheng0003/Sheng0003_00009.wav,Sheng0003
sheng_rev_0118,Sheng0003_00010.wav,12.38,"Ni kamaweinge KCSI ojai faji examihote dewa, dole 4-4. It's not possible. So we just need to find a solution for the local league to start. Does Professor Leagnes to come back?","Ni kamaweinge KCSI ojai faji examihote dewa, dole 4-4. It's not possible. So we just need to find a solution for the local league to start. Does Professor Leagnes to come back?",/home/ray/Desktop/mkuru/dataset/segmented/Sheng0003/Sheng0003_00010.wav,Sheng0003
sheng_rev_0119,Sheng0003_00012.wav,8.83,"If Tasker played away, they played yesterday, they might be going a little bit further than we all thought when it comes to continental football.","If Tasker played away, they played yesterday, they might be going a little bit further than we all thought when it comes to continental football.",/home/ray/Desktop/mkuru/dataset/segmented/Sheng0003/Sheng0003_00012.wav,Sheng0003
sheng_rev_0120,Sheng0004_00000.wav,13.71,"Who are we captaining this weekend? Last week, what only check, what ok ya kabruno for Nande's captain? Wea, la muka wana nikahat ni mutinga, arka puka ar tu rege kula 7, nere wea. That was actually unexpected. That was amongst the people who got my check, what were...","Who are we captaining this weekend? Last week, what only check, what ok ya kabruno for Nande's captain? Wea, la muka wana nikahat ni mutinga, arka puka ar tu rege kula 7, nere wea wea. That was actually unexpected. That was amongst the people who got my check, what were...",/home/ray/Desktop/mkuru/dataset/segmented/Sheng0004/Sheng0004_00000.wav,Sheng0004
sheng_rev_0121,Sheng0004_00001.wav,9.02,"Ipswitch mula matia, Ipswitch itu nyanosa, you guys have switched off your mentality. No, Ipswitch kuwa piga, I've got an expectation to get a manua, a perform.","Ipswitch mula matia, Ipswitch itu nyanosa, you guys have switched off your mentality. No, Ipswitch kuwa piga, I've got an expectation to get a manua, a perform.",/home/ray/Desktop/mkuru/dataset/segmented/Sheng0004/Sheng0004_00001.wav,Sheng0004
sheng_rev_0122,Sheng0004_00002.wav,16.38,"I don't give to Karnali. The whole world is not expecting me to figure Ipswich Town. We performed here. So this weekend, what are the games? How will you look at the games? So it's an easy one to name Ipswich Town v. Libapu. What do we need to name the captain? What do we need to name the captain?","I don't give to Karnali. The whole world is not expecting me to figure Ipswich Town. We performed here. So this weekend, what are the games? How will you look at the games? So it's an easy one to name Ipswich Town v. Libapu. What do we need to name the captain? What do we need to name the captain?",/home/ray/Desktop/mkuru/dataset/segmented/Sheng0004/Sheng0004_00002.wav,Sheng0004
sheng_rev_0123,Sheng0004_00006.wav,7.98,Ni Pata. Ni Kuna Asist. Ni Kuna,Ni Pata. Ni Kuna Asist. Ni Kuna Asist. Ni Kuna Asist. Ni Kuna Asist. Ni Kuna Asist. Ni Kuna Asist. Ni Kuna Asist. Ni Kuna Asist. Ni Kuna Asist. Ni Kuna Asist. Ni Kuna Asist. Ni Kuna Asist. Ni Kuna Asist. Ni Kuna Asist. Ni Kuna Asist. Ni Kuna Asist. Ni Kuna Asist. Ni Kuna Asist. Ni Kuna Asist. Ni Kuna Asist. Ni Kuna Asist. Ni Kuna Asist. Ni Kuna Asist. Ni Kuna Asist. Ni Kuna Asist. Ni Kuna Asist. Ni Kuna Asist. Ni Kuna Asist. Ni Kuna Asist. Ni Kuna Asist. Ni Kuna Asist. Ni Kuna Asist. Ni Kuna Asist. Ni Kuna Asist. Ni Kuna Asist. Ni Kuna Asist. Ni Kuna,/home/ray/Desktop/mkuru/dataset/segmented/Sheng0004/Sheng0004_00006.wav,Sheng0004
sheng_rev_0124,Sheng0004_00007.wav,20.06,"Chaki mazitu muwege na apodani. Kapte na apuwebo. Meka Chaki kapte, because Chaki, look at it from the positive side. Striker ukipata clean sheet. Uko na the same points na midfielder. But striker kuna chansiya kufunga. Kwanza mtu ka alanda, pena nizaake. Sochipata pena, guaranteed points. But if a midfielder scores.","Chaki mazitu muwege na apodani. Kapte na apuwebo. Meka Chaki kapte, because Chaki, look at it from the positive side. Striker ukipata clean sheet. Uko na the same points na midfielder. But striker kuna chansiya kufunga. Kwanza mtu ka alanda, pena nizaake. Sochipata pena, guaranteed points. But if a midfielder scores.",/home/ray/Desktop/mkuru/dataset/segmented/Sheng0004/Sheng0004_00007.wav,Sheng0004
sheng_rev_0125,Sheng0004_00009.wav,3.49,"It's true, so...","It's true, so... It's true, so... It's true, so...",/home/ray/Desktop/mkuru/dataset/segmented/Sheng0004/Sheng0004_00009.wav,Sheng0004
sheng_rev_0126,Sheng0004_00011.wav,13.0,"I want a league title for the first time since I was born. And I want to play the game really. Yes, really. Okay, I want to play against Chelsea. I want to play against Chelsea. I want to play against Chelsea.","I want a league title for the first time since I was born. And I want to play the game really, really. Yes, really. Okay, I want to play against Chelsea. I want to play against Chelsea. I want to play against Chelsea.",/home/ray/Desktop/mkuru/dataset/segmented/Sheng0004/Sheng0004_00011.wav,Sheng0004
sheng_rev_0127,Sheng0004_00012.wav,13.62,"We are going to renew a house against us. We are going to renew a house against us. We are going to renew a house against us. We are going to renew a house against us. We are going to renew a house against us. Who are we captaining this weekend? Last week, what only check?","We are going to renew a house against us. We are going to renew a house against us. We are going to renew a house against us. We are going to renew a house against us. We are going to renew a house against us. Who are we captaining this weekend? Last week, what only check?",/home/ray/Desktop/mkuru/dataset/segmented/Sheng0004/Sheng0004_00012.wav,Sheng0004
sheng_rev_0128,Sheng0005_00000.wav,11.78,Bosti ni meleka Bosti ni mele,Bosti ni meleka Bosti ni meleka Bosti ni meleka Bosti ni meleka Bosti ni meleka Bosti ni meleka Bosti ni meleka Bosti ni meleka Bosti ni meleka Bosti ni meleka Bosti ni meleka Bosti ni meleka Bosti ni meleka Bosti ni meleka Bosti ni meleka Bosti ni meleka Bosti ni meleka Bosti ni meleka Bosti ni meleka Bosti ni meleka Bosti ni meleka Bosti ni meleka Bosti ni meleka Bosti ni meleka Bosti ni meleka Bosti ni meleka Bosti ni meleka Bosti ni meleka Bosti ni meleka Bosti ni meleka Bosti ni meleka Bosti ni mele,/home/ray/Desktop/mkuru/dataset/segmented/Sheng0005/Sheng0005_00000.wav,Sheng0005
sheng_rev_0129,Sheng0005_00001.wav,7.51,"So, my name is Kevin Matthews. I'm responsible for delivering the digital experience over at KCB.","So, my name is Kevin Matthews. I'm responsible for delivering the digital experience over at KCB.",/home/ray/Desktop/mkuru/dataset/segmented/Sheng0005/Sheng0005_00001.wav,Sheng0005
sheng_rev_0130,Sheng0005_00003.wav,4.69,What does common sense actually mean and what should they take away from e-campaniyote?,What does common sense actually mean and what should they take away from e-campaniyote?,/home/ray/Desktop/mkuru/dataset/segmented/Sheng0005/Sheng0005_00003.wav,Sheng0005
sheng_rev_0131,Sheng0005_00004.wav,13.62,So the idea that the campaign running now as KCB is common sense and what we're looking at is ensuring that customers understand what their daily financial decisions are.,So the idea that the campaign running now as KCB is common sense and what we're looking at is ensuring that customers understand what their daily financial decisions are.,/home/ray/Desktop/mkuru/dataset/segmented/Sheng0005/Sheng0005_00004.wav,Sheng0005
sheng_rev_0132,Sheng0005_00005.wav,13.97,"And how they impact their particular life. So we want customers to be aware and public at large on how the small financial decisions that they make, we know it's a Friday like today, you're going to go out to the club.","And how they impact their particular life. So we want customers to be aware and public at large on how the small, small financial decisions that they make, we know it's a Friday like today, you're going to go out to the club.",/home/ray/Desktop/mkuru/dataset/segmented/Sheng0005/Sheng0005_00005.wav,Sheng0005
sheng_rev_0133,Sheng0005_00006.wav,13.97,"Or an event, I saw Fali is in town, so you'll be going there to spend your money. What you're telling is from a common sense perspective, you need to manage your financial decisions better.","Or an event, I saw Fali is in town, so you'll be going there to spend your money. What you're telling is from a common sense perspective, you need to manage your financial decisions better.",/home/ray/Desktop/mkuru/dataset/segmented/Sheng0005/Sheng0005_00006.wav,Sheng0005
sheng_rev_0134,Sheng0005_00007.wav,8.25,"...for you to be able to start seeing more benefits. So your money. And now, right down at your bank, you'll be changed significantly through the years master.","...for you to be able to start seeing more benefits. So your money. And now, right down at your bank, you'll be changed significantly through the years master.",/home/ray/Desktop/mkuru/dataset/segmented/Sheng0005/Sheng0005_00007.wav,Sheng0005
sheng_rev_0135,Sheng0005_00008.wav,12.97,"Sosai kuna Genzi maalia, lew kujiwa smart banking ina kaji sai and how is KCD responding to change in, you know, customer expectation? Right, so the new KCD mobile banking up.","Sosai kuna Genzi maalia, lew kujiwa smart banking ina kaji sai and how is KCD responding to change in, you know, customer expectation? Right, so the new KCD mobile banking up.",/home/ray/Desktop/mkuru/dataset/segmented/Sheng0005/Sheng0005_00008.wav,Sheng0005
sheng_rev_0136,Sheng0005_00010.wav,10.96,"At KCB we have continued to invest in the digital solutions, of course we know what the market is offering and KCB is regional so we are also in other countries that is...","At KCB we have continued to invest in the digital solutions, of course we know what the market is offering and KCB is regional so we are also in other countries that is...",/home/ray/Desktop/mkuru/dataset/segmented/Sheng0005/Sheng0005_00010.wav,Sheng0005
sheng_rev_0137,Sheng0005_00011.wav,4.04,"Tizania, South Sudan, Kuzundi, Uganda, Wanda.","Tizania, South Sudan, Kuzundi, Uganda, Wanda.",/home/ray/Desktop/mkuru/dataset/segmented/Sheng0005/Sheng0005_00011.wav,Sheng0005
sheng_rev_0138,Sheng0005_00012.wav,10.09,"So what we get from feedback from our customers is to put it back into the pipeline. So we listen to our customers, we listen to what the market is saying at large and what it has been talking about.","So what we get from feedback from our customers is to put it back into the pipeline. So we listen to our customers, we listen to what the market is saying at large and what it has been talking about.",/home/ray/Desktop/mkuru/dataset/segmented/Sheng0005/Sheng0005_00012.wav,Sheng0005
sheng_rev_0139,Sheng0005_00013.wav,13.34,"We are being able to basically integrate into their life and through the digital solutions that we are actually doing, we are trying to convince our customers and the public that loves that.","We are being able to basically integrate into their life and through the digital solutions that we are actually doing, we are trying to convince our customers and the public that loves that.",/home/ray/Desktop/mkuru/dataset/segmented/Sheng0005/Sheng0005_00013.wav,Sheng0005
sheng_rev_0140,Sheng0006_00000.wav,17.85,"So nini, kata ends up afungia van 11. Eh, abo sawa. So 70, prediction? 50. Or maybe 51. I think it's gonna be a lot of gold. Home? Yeah. I will maybe do nimi kese matuwa. Tony Kims, who's playing first?","So nini, kata ends up afungia van 11. Eh, abo sawa. So 70, prediction? 50. Or maybe 51. I think it's gonna be a lot of gold. Home? Yeah. I will maybe do nimi kese matuwa. Tony Kims, who's playing first?",/home/ray/Desktop/mkuru/dataset/segmented/Sheng0006/Sheng0006_00000.wav,Sheng0006
sheng_rev_0141,Sheng0006_00001.wav,11.81,"Ia panaani ilege unafakua reili because you can tunanguji a first of all Sunday, we all agree about that, to kupamoja, tunanguji a Sunday, but the first game is tonight'sunday.","Ia panaani ilege unafakua reili because you can tunanguji a first of all Sunday, we all agree about that, to kupamoja, tunanguji a Sunday, but the first game is tonight's Sunday.",/home/ray/Desktop/mkuru/dataset/segmented/Sheng0006/Sheng0006_00001.wav,Sheng0006
sheng_rev_0142,Sheng0006_00002.wav,8.18,"Ipswich Town v. Liverpool. Na Liverpoolu ame kuwa, kifawati drop stinkas. Eriki jiru sijuka, kwa saa... Ipswich Town vs Liverpool.","Ipswich Town v. Liverpool. Na Liverpoolu ame kuwa, kifawati drop stinkas. Eriki jiru sijuka, kwa saa... Ipswich Town vs Liverpool.",/home/ray/Desktop/mkuru/dataset/segmented/Sheng0006/Sheng0006_00002.wav,Sheng0006
sheng_rev_0143,Sheng0006_00006.wav,4.78,"Next, Keshio, Ali Kikofi, Tokwanyu Kasu Basizbolma.","Next, Keshio, Ali Kikofi, Tokwanyu Kasu Basizbolma.",/home/ray/Desktop/mkuru/dataset/segmented/Sheng0006/Sheng0006_00006.wav,Sheng0006
sheng_rev_0144,Sheng0006_00009.wav,13.61,Kupas ni this win man. One attack here in Biasana. Nasroteza kwa the same kuna like 4 games. Kuna actually 5 games at 5pm here tomorrow. So Man City Coventry.,Kupas ni this win man. One attack here in Biasana. Nasroteza kwa the same kuna like 4 games. Kuna actually 5 games at 5pm here tomorrow. So Man City Coventry.,/home/ray/Desktop/mkuru/dataset/segmented/Sheng0006/Sheng0006_00009.wav,Sheng0006
sheng_rev_0145,Sheng0006_00010.wav,12.35,Apo hala dada pika pa wakata. Skillimandiai. Enzo nuna. Enzo afungi afa jileminei. Apo sawa.,Apo hala dada pika pa wakata. Skillimandiai. Skillimandiai. Enzo nuna. Enzo afungi afa jileminei. Apo sawa.,/home/ray/Desktop/mkuru/dataset/segmented/Sheng0006/Sheng0006_00010.wav,Sheng0006
sheng_rev_0146,Sheng0006_00011.wav,2.55,"So, Siti, hadikshen, faibiniru.","So, Siti, hadikshen, faibiniru.",/home/ray/Desktop/mkuru/dataset/segmented/Sheng0006/Sheng0006_00011.wav,Sheng0006
sheng_rev_0147,Sheng0007_00002.wav,12.79,Uki share jesta sii mwanda.,"Uki share jesta sii mwanda, mwanda, mwanda, mwanda, mwanda, mwanda, mwanda, mwanda, mwanda, mwanda, mwanda, mwanda, mwanda, mwanda, mwanda, mwanda, mwanda, mwanda, mwanda, mwanda, mwanda, mwanda.",/home/ray/Desktop/mkuru/dataset/segmented/Sheng0007/Sheng0007_00002.wav,Sheng0007
sheng_rev_0148,Sheng0007_00005.wav,13.59,"Eh, wana na kuhu niya jema. Una kuna jesu usurendo role model wa mba badis wu kuivi. Anu na jesu chwa kwa. So badi wakwa tawana ju PSU mba badi. No, but how does she go to the hospital?","Eh, wana na kuhu niya jema. Una kuna jesu usurendo role model wa mba badis wu kuivi. Anu na jesu chwa kwa. So badi wakwa tawana ju PSU mba badi. No, but how does she go to the hospital?",/home/ray/Desktop/mkuru/dataset/segmented/Sheng0007/Sheng0007_00005.wav,Sheng0007
sheng_rev_0149,Sheng0007_00006.wav,6.87,Nai maginiliw me kazo nita jitu kwa iya. The best thing is that kanibi is a weird.,Nai maginiliw me kazo nita jitu kwa iya. The best thing is that kanibi is a weird.,/home/ray/Desktop/mkuru/dataset/segmented/Sheng0007/Sheng0007_00006.wav,Sheng0007
sheng_rev_0150,Sheng0007_00007.wav,10.22,"So iswa liya kwa liza kujibule wisi. She could boast that. Nyaaaaww, nami sure how I take her down.","So iswa liya kwa liza kujibule wisi. She could boast that. Nyaaaaww, nami sure how I take her down.",/home/ray/Desktop/mkuru/dataset/segmented/Sheng0007/Sheng0007_00007.wav,Sheng0007
sheng_rev_0151,Sheng0008_00000.wav,9.77,Universtity. Onmyangushapu evo dress koningine muwetizu. Mepospale vo online nansana shangarada. Rada ni gani bro.,Universtity. Onmyangushapu evo dress koningine muwetizu. Mepospale vo online nansana shangarada. Rada ni gani bro.,/home/ray/Desktop/mkuru/dataset/segmented/Sheng0008/Sheng0008_00000.wav,Sheng0008
sheng_rev_0152,Sheng0008_00001.wav,14.34,"See, with this new dress called the Cabaret University, shoryas will only wear skirts and dresses. And it's got two inches below the knees. Babes cannot wear trousers.","See, with this new dress called the Cabaret University, shoryas will only wear skirts and dresses. And it's got two inches below the knees. Babes cannot wear trousers.",/home/ray/Desktop/mkuru/dataset/segmented/Sheng0008/Sheng0008_00001.wav,Sheng0008
sheng_rev_0153,Sheng0008_00003.wav,16.52,Nama niwa atu tu wa sasiko. Nuna juna seleksi unitzako zote zikwe on-line. Uba ipa si mamboya minguo. But fear... It actually applies to on-line students. Silekata kwa pwa na kujeki. Kamega kamera onsen asimu kuna dredi jets nyo.,Nama niwa atu tu wa sasiko. Nuna juna seleksi unitzako zote zikwe on-line. Uba ipa si mamboya minguo. But fear... It actually applies to on-line students. Silekata kwa pwa na kujeki. Kamega kamera onsen asimu kuna dredi jets nyo.,/home/ray/Desktop/mkuru/dataset/segmented/Sheng0008/Sheng0008_00003.wav,Sheng0008
sheng_rev_0154,Sheng0008_00004.wav,13.43,"Nai kata koshu wa nimeva trauza. Ruwa na klasikata. Ay! Pa napa java, zapa rina, nini su na tu apokana. Sini kukwakitanda. Kuna na nime toga.","Nai kata koshu wa nimeva trauza. Ruwa na klasikata. Ay! Pa napa java, zapa rina, nini su na tu apokana. Sini kukwakitanda. Kuna na nime toga.",/home/ray/Desktop/mkuru/dataset/segmented/Sheng0008/Sheng0008_00004.wav,Sheng0008
sheng_rev_0155,Sheng0008_00006.wav,4.39,"Mi naskiya, the best kwa bia tuni dress, how you want to be addressed. Tani pata.","Mi naskiya, the best kwa kwa bia tuni dress, how you want to be addressed. Tani pata.",/home/ray/Desktop/mkuru/dataset/segmented/Sheng0008/Sheng0008_00006.wav,Sheng0008
sheng_rev_0156,Sheng0008_00008.wav,11.63,"Mastudens waka e sharp ni mimimi, pato unge wukwemi. Mdwa neza kwa meva suhti, na kimi gaibi tuba doko kikiwa. So, it's best to say...","Mastudens waka waka e sharp ni mimimi, pato unge wukwemi. Mdwa neza kwa meva suhti, na kimi gaibi tuba doko kikiwa. So, it's best to say...",/home/ray/Desktop/mkuru/dataset/segmented/Sheng0008/Sheng0008_00008.wav,Sheng0008
sheng_rev_0157,Sheng0008_00010.wav,14.57,Kata ikuwefupi. Kata ekuwefupi.,Kata ikuwefupi. Kata ikuwefupi. Kata ikuwefupi. Kata ikuwefupi. Kata ikuwefupi. Kata ikuwefupi. Kata ekuwefupi. Kata ekuwefupi. Kata ekuwefupi. Kata ekuwefupi. Kata ekuwefupi. Kata ekuwefupi. Kata ekuwefupi. Kata ekuwefupi. Kata ekuwefupi. Kata ekuwefupi. Kata ekuwefupi. Kata ekuwefupi. Kata ekuwefupi. Kata ekuwefupi.,/home/ray/Desktop/mkuru/dataset/segmented/Sheng0008/Sheng0008_00010.wav,Sheng0008
sheng_rev_0158,Sheng0008_00013.wav,8.75,"Nima kwa mbiyayade, Chianki. Tsu sa, Chianki mtuka wewa uwezi suma. Nibi checki kabaraki university. Omia mbusha apu evo.","Nima kwa mbiyayade, Chianki. Tsu sa, Chianki mtuka wewa uwezi suma. Nibi checki kabaraki university. Omia mbusha apu evo.",/home/ray/Desktop/mkuru/dataset/segmented/Sheng0008/Sheng0008_00013.wav,Sheng0008
sheng_rev_0159,Sheng0009_00000.wav,13.66,Trakt. There is millions on the table but your terms are being ignored and they are being violated. Are you swallowing all that disrespect and doing the job just to get paid? Ama are you walking away from the money?,Trakt. There is millions on the table but your terms are being ignored and they are being violated. Are you swallowing all that disrespect and doing the job just to get paid? Ama are you walking away from the money?,/home/ray/Desktop/mkuru/dataset/segmented/Sheng0009/Sheng0009_00000.wav,Sheng0009
sheng_rev_0160,Sheng0009_00003.wav,14.27,"Naki lam sayu tikiyo, yoku senyole kapaleku nyimtandao, naki lam sayu tikiyo, yoku senyole kapaleku nyimtandao, naki lam sayu tikiyo, yoku senyole kapaleku nyimtandao, naki lam sayu tikiyo, yoku senyole kapaleku nyimtandao, naki lam sayu tikiyo, yoku senyole kapaleku nyimtandao, naki lam sayu tikiyo, yoku senyole kapaleku nyimtandao, naki lam sayu tikiyo, yoku senyole kapaleku nyimtandao, naki lam sayu tikiyo, yoku senyole kapaleku nyimtandao, naki lam sayu tikiyo, yoku senyole kapaleku nyimtanda","Naki lam sayu tikiyo, yoku senyole kapaleku nyimtandao, naki lam sayu tikiyo, naki lam sayu tikiyo, yoku senyole kapaleku nyimtandao, naki lam sayu tikiyo, yoku senyole kapaleku nyimtandao, naki lam sayu tikiyo, yoku senyole kapaleku nyimtandao, naki lam sayu tikiyo, yoku senyole kapaleku nyimtandao, naki lam sayu tikiyo, yoku senyole kapaleku nyimtandao, naki lam sayu tikiyo, yoku senyole kapaleku nyimtandao, naki lam sayu tikiyo, yoku senyole kapaleku nyimtandao, naki lam sayu tikiyo, yoku senyole kapaleku nyimtanda",/home/ray/Desktop/mkuru/dataset/segmented/Sheng0009/Sheng0009_00003.wav,Sheng0009
sheng_rev_0161,Sheng0009_00004.wav,13.36,Na kodoma ni kuna agu na kwa,Na kodoma ni kuna agu na agu na kwa kwa kwa kwa kwa kwa kwa kwa kwa kwa kwa kwa kwa kwa kwa kwa kwa kwa kwa kwa kwa kwa kwa kwa kwa kwa kwa kwa kwa kwa kwa kwa kwa kwa kwa kwa kwa kwa kwa kwa kwa kwa kwa kwa kwa kwa kwa kwa kwa kwa kwa kwa kwa kwa kwa kwa kwa kwa kwa kwa kwa kwa kwa kwa kwa kwa kwa kwa kwa kwa kwa kwa kwa kwa kwa kwa kwa kwa kwa kwa kwa kwa kwa kwa kwa kwa kwa kwa kwa kwa kwa kwa kwa kwa kwa kwa kwa kwa kwa kwa kwa kwa kwa kwa kwa,/home/ray/Desktop/mkuru/dataset/segmented/Sheng0009/Sheng0009_00004.wav,Sheng0009
sheng_rev_0162,Sheng0009_00006.wav,7.44,...and substantial financial losses ensays this land of the withdrawal through social media. Hawa kutu onia.,...and substantial financial losses ensays this land of the withdrawal through social media. Hawa kutu onia.,/home/ray/Desktop/mkuru/dataset/segmented/Sheng0009/Sheng0009_00006.wav,Sheng0009
sheng_rev_0163,Sheng0009_00007.wav,12.87,"Aukuza katomia. Ok. Sinsa tuizia ya wanwa, ikitwa tuizia ifa ya wanwa. Nasewa masitu lewa na palia kunyem tanda wa manze, kunyem yu sasa. Now the court hasn't yet determined who breached the agreement or what damages. If any...","Aukuza katomia. Ok. Sinsa tuizia ya wanwa, ikitwa tuizia ifa ya wanwa. Nasewa wanwa. Nasewa masitu lewa na palia kunyem tanda wa manze, kunyem yu sasa. Now the court hasn't yet determined who breached the agreement or what damages. If any...",/home/ray/Desktop/mkuru/dataset/segmented/Sheng0009/Sheng0009_00007.wav,Sheng0009
sheng_rev_0164,Sheng0009_00008.wav,21.63,"...are payable, but this was a concert that claimed some lives and our hearts do go out to the families and the loved ones of the guys who are affected. Kwa sayi ni sana wali umianaiki to men. For me, as Ania, hachali jitetemini mwenye, it's always more than the money man, it's not just about the money drop. I feel like professionalism has a part to pay in making money.","...are payable, but this was a concert that claimed some lives and our hearts do go out to the families and the loved ones of the guys who are affected. Kwa sayi ni sana wali umianaiki to men. For me, as Ania, hachali jitetemini mwenye, it's always more than the money man, it's not just about the money drop. I feel like professionalism has a part to pay in making money.",/home/ray/Desktop/mkuru/dataset/segmented/Sheng0009/Sheng0009_00008.wav,Sheng0009
sheng_rev_0165,Sheng0009_00010.wav,12.84,"Nisha kwa miniyajineyo kontrakte yewe. I don'trust you to see that contract to the very end. If apakatikati na doku, but misha moda mii, I trust a new man. And as much as ginakodong have been sued, they've been taken to court.","Nisha kwa miniyajineyo kontrakte yewe. I don't trust you to see that contract to the very end. If apakatikati na doku, but misha moda mii, I trust a new man. And as much as ginakodong have been sued, they've been taken to court.",/home/ray/Desktop/mkuru/dataset/segmented/Sheng0009/Sheng0009_00010.wav,Sheng0009
sheng_rev_0166,Sheng0009_00011.wav,9.44,"I don't know whether you see the kind of smoke and the kind of trouble that these guys avoided because of what went down at that particular event, ilikwa story kubosana man.","I don't know whether you see the kind of smoke and the kind of trouble that these guys avoided because of what went down at that particular event, ilikwa story kubosana man.",/home/ray/Desktop/mkuru/dataset/segmented/Sheng0009/Sheng0009_00011.wav,Sheng0009
sheng_rev_0167,Sheng0009_00012.wav,9.32,"Sometimes walking away from a sweet deal, from a good deal just because of integrity is gonna save you more than the money you are going to make.","So sometimes walking away from a sweet deal, from a good deal just because of integrity is gonna save you more than the money you are going to make.",/home/ray/Desktop/mkuru/dataset/segmented/Sheng0009/Sheng0009_00012.wav,Sheng0009
sheng_rev_0168,Sheng0010_00000.wav,12.69,Tu li se mande shab wa tu ma vae jaziz atiniyao. Right? Mewan. Su yangu monsho.,Tu li se ma mande shab wa tu ma vae jaziz atiniyao. Right? Mewan. Su yangu monsho.,/home/ray/Desktop/mkuru/dataset/segmented/Sheng0010/Sheng0010_00000.wav,Sheng0010
sheng_rev_0169,Sheng0010_00003.wav,4.98,"Mwagwa chanku, sumi nge sama. Mwagwa ziki bam, mwama.","Mwagwa chanku, sumi nge sama. Mwagwa ziki bam, mwama.",/home/ray/Desktop/mkuru/dataset/segmented/Sheng0010/Sheng0010_00003.wav,Sheng0010
sheng_rev_0170,Sheng0010_00005.wav,13.17,"Aula jua, atsakai, unachiyang, hezotim zini zina kudye next, zida rini zina izimangira polsum. Doa jai kupia. Zini zina zapa, zini mefanya. Zini zisha fanya, zini eka doo manfanya idia. Zini no, atu kiyonjo.","Aula jua, atsakai, unachiyang, hezotim zini zina kudye next, zida rini zina zina izimangira polsum. Doa jai kupia. Zini zina zapa, zini mefanya. Zini zisha fanya, zini eka doo manfanya idia. Zini no, atu kiyonjo.",/home/ray/Desktop/mkuru/dataset/segmented/Sheng0010/Sheng0010_00005.wav,Sheng0010
sheng_rev_0171,Sheng0010_00006.wav,11.26,"Hey, so that majuwa janki, that kiketi nyu kukonfuse there na. Tukimu onyesha tmaju kudifend, I'm gonna attack. Okay, but tukimu nasha atu juhi kudifend, I'm gonna attack, so that's the machine.","Hey, so that majuwa janki, that kiketi nyu kukonfuse there na. Tukimu onyesha tmaju kudifend, I'm gonna attack. Okay, but tukimu nasha atu juhi kudifend, I'm gonna attack, so that's the machine.",/home/ray/Desktop/mkuru/dataset/segmented/Sheng0010/Sheng0010_00006.wav,Sheng0010
sheng_rev_0172,Sheng0010_00007.wav,10.28,"So, you feel one game to the next game. Yes, you guys are playing checkers. So, how many points will you have if you continue playing like that and you lose this one, draw points on this one and then win the next one.","So, you feel one game to the next game. Yes, you guys are playing checkers. So, how many points will you have if you continue playing like that and you lose this one, draw points on this one and then win the next one.",/home/ray/Desktop/mkuru/dataset/segmented/Sheng0010/Sheng0010_00007.wav,Sheng0010
sheng_rev_0173,Sheng0010_00008.wav,6.19,I have to get your points to make a lot of points. These are very big difference. That's the biggest broken point because you are...,I have to get your points to make a lot of points. These are very big difference. That's the biggest broken point because you are...,/home/ray/Desktop/mkuru/dataset/segmented/Sheng0010/Sheng0010_00008.wav,Sheng0010
sheng_rev_0174,Sheng0010_00010.wav,17.37,"Rilaks, tu na takapu ingi yaa, yuki mu tu wana yao, mani uni mafal yaa, ata humda komna trail kutitiza yaa. Laikini tu kwa pata kiki ya kai, yetu ni fluctuisha, nan pata. Una nakama yetu, kuna win, draw, lose. Unona. Misha wakata kila kiki jizu yaa. Tumisha anza sa tu meza anza afresh.","Rilaks, tu na takapu ingi yaa, yuki mu tu wana yao, mani uni mafal yaa, ata humda komna trail kutitiza yaa. Laikini tu kwa pata kiki ya kai, yetu ni fluctuisha, nan pata. Una nakama yetu, kuna win, draw, lose. Unona. Misha wakata kila kiki jizu yaa. Tumisha anza sa tu meza anza afresh.",/home/ray/Desktop/mkuru/dataset/segmented/Sheng0010/Sheng0010_00010.wav,Sheng0010
sheng_rev_0175,Sheng0010_00012.wav,12.95,We are going to renew our house in Chelsea. We are going to renew our house in Chelsea. We are going to renew our house in Chelsea. We are going to renew our house in Chelsea. We are going to renew our house in Chelsea. We are going to renew our house in Chelsea. We are going to renew our house in Chelsea. We are going to renew our house in Chelsea. We are going to renew our house in Chelsea. We are going to renew our house in Chelsea. We are going to renew our house in Chelsea. We are going to renew our house in Chelsea. We are going to renew our house in Chelsea. We are going to renew our house in Chelsea. We are going to renew our house in Chelsea. We are going to renew our house in Chelsea. We are going to renew our house in Chelsea. We are going to renew our house in Chelsea.,We are going to renew our house in Chelsea. We are going to renew our house in Chelsea. We are going to renew our house in Chelsea. We are going to renew our house in Chelsea. We are going to renew our house in Chelsea. We are going to renew our house in Chelsea. We are going to renew our house in Chelsea. We are going to renew our house in Chelsea. We are going to renew our house in Chelsea. We are going to renew our house in Chelsea. We are going to renew our house in Chelsea. We are going to renew our house in Chelsea. We are going to renew our house in Chelsea. We are going to renew our house in Chelsea. We are going to renew our house in Chelsea. We are going to renew our house in Chelsea. We are going to renew our house in Chelsea. We are going to renew our house in Chelsea.,/home/ray/Desktop/mkuru/dataset/segmented/Sheng0010/Sheng0010_00012.wav,Sheng0010
sheng_rev_0176,Sheng0010_00013.wav,13.54,"Iitimata iko eni league, iko eni Europa, Prevman, na ting, ikotu apa. Iitimata iko eni Europa, Prevman, na ting, ikotu apa. Iitimata iko eni Europa, Prevman, na ting, ikotu apa. Iitimata iko eni league, ikotu apa. Iitimata iko eni league, ikotu apa. Iitimata iko eni league, ikotu apa. Iitimata iko eni Europa, Prevman, na ting, ikotu apa. Iitimata iko eni league, ikotu apa. Iitimata iko eni Europa, Prevman, na ting, ikotu apa. Iitimata iko eni Europa, Prevman, na ting, ikotu apa.","Iitimata iko eni league, iko eni Europa, Prevman, na ting, ikotu apa. Iitimata iko eni Europa, Prevman, na ting, ikotu apa. Iitimata iko eni Europa, Prevman, na ting, ikotu apa. Iitimata iko eni league, ikotu apa. Iitimata iko eni league, ikotu apa. Iitimata iko eni league, ikotu apa. Iitimata iko eni Europa, Prevman, na ting, ikotu apa. Iitimata iko eni league, ikotu apa. Iitimata iko eni Europa, Prevman, na ting, ikotu apa. Iitimata iko eni Europa, Prevman, na ting, ikotu apa.",/home/ray/Desktop/mkuru/dataset/segmented/Sheng0010/Sheng0010_00013.wav,Sheng0010
sheng_rev_0177,Sheng0011_00000.wav,4.13,Stolianguia leo atastaju kumpliket vi tumingi na kumpliket.,Stolianguia leo atastaju kumpliket vi tumingi na kumpliket.,/home/ray/Desktop/mkuru/dataset/segmented/Sheng0011/Sheng0011_00000.wav,Sheng0011
sheng_rev_0178,Sheng0011_00003.wav,11.24,"I dreamt about you last night. Aliyo na nini. BLA! It was just a blah, Buddha. So yeah, people who wear glasses, they don't remember their dreams because they can't even see.","I dreamt about you last night. Aliyo na nini. BLA! It was just a blah, Buddha. So yeah, people who wear glasses, they don't remember their dreams because they can't even see.",/home/ray/Desktop/mkuru/dataset/segmented/Sheng0011/Sheng0011_00003.wav,Sheng0011
sheng_rev_0179,Sheng0011_00007.wav,12.79,"Ani toh, ani eka kwa ground, ani toa heeps. Mastor na se manini ana geuka 1 GB. Uli panashori waku iwi ke, manini waku ni ukueli ama... Mastor. Utoa na toshanani kita.","Ani toh, ani eka kwa ground, ani toa heeps. Mastor na se manini ana geuka 1 GB. Uli panashori waku iwi ke, manini waku ni ukueli ama... Mastor. Utoa na toshanani kita.",/home/ray/Desktop/mkuru/dataset/segmented/Sheng0011/Sheng0011_00007.wav,Sheng0011
sheng_rev_0180,Sheng0011_00008.wav,11.16,"Gita Kerin. So, Randa Gita Kerin piya. Tukipika gonyo bani kita. Ibu liya kwa ajihaba mahasu. Ibu liya kwa li mahasu. So, wanao gaya za.","Gita Kerin. So, Randa Gita Kerin piya. Tukipika gonyo bani kita. Ibu liya kwa ajihaba mahasu. Ibu liya kwa li mahasu. So, wanao gaya za.",/home/ray/Desktop/mkuru/dataset/segmented/Sheng0011/Sheng0011_00008.wav,Sheng0011
sheng_rev_0181,Sheng0011_00009.wav,12.18,"Wana ba, kipsa, wana ba, agarapu, wana ba bumi. Check lamies, you're the only people who can confirm if Jax'story is not from the old-","Wana ba, wana ba, wana ba, kipsa, wana ba, agarapu, wana ba bumi. Check lamies, you're the only people who can confirm if Jax's story is not from the old-",/home/ray/Desktop/mkuru/dataset/segmented/Sheng0011/Sheng0011_00009.wav,Sheng0011
sheng_rev_0182,Sheng0012_00000.wav,8.33,What happened bro? Gruppi ledajem kasti eda ameji sa bingatu kruna na apiteru. Ebu tupi gheribab bro.,What happened bro? Gruppi ledajem kasti eda ameji sa bingatu kruna na apiteru. Ebu tupi gheribab bro.,/home/ray/Desktop/mkuru/dataset/segmented/Sheng0012/Sheng0012_00000.wav,Sheng0012
sheng_rev_0183,Sheng0012_00001.wav,6.28,"Um, nuna pizera nima buizonga, nuka nima buizonga kusum, day one, you know, taxi.","Um, nuna pizera nima buizonga, nuka nima buizonga kusum, day one, you know, taxi.",/home/ray/Desktop/mkuru/dataset/segmented/Sheng0012/Sheng0012_00001.wav,Sheng0012
sheng_rev_0184,Sheng0012_00002.wav,17.92,"I was easy on the French. I had three passes. I have two more strikes. On the start, I said to my wife, I'm glad you are doing it. One down, two to go. So it's about evolution, you know.","I was easy on the French. I had three passes. I have two more strikes. On the start, I said to my wife, I'm glad you are doing it. One down, two to go. So it's about evolution, you know.",/home/ray/Desktop/mkuru/dataset/segmented/Sheng0012/Sheng0012_00002.wav,Sheng0012
sheng_rev_0185,Sheng0012_00003.wav,10.06,"We decided, as a band, we need to open a new chapter in our lives because we've been together for like seven, eight years or so.","We decided, as a band, we need to open a new chapter in our lives because we've been together for like seven, eight years or so.",/home/ray/Desktop/mkuru/dataset/segmented/Sheng0012/Sheng0012_00003.wav,Sheng0012
sheng_rev_0186,Sheng0012_00004.wav,9.1,"Ya, and that was since high school, so literally it's just experience anything aside from like the bun you get. And um...","Ya, and that was since high school, so literally it's just experience anything aside from like the bun you get. And um...",/home/ray/Desktop/mkuru/dataset/segmented/Sheng0012/Sheng0012_00004.wav,Sheng0012
sheng_rev_0187,Sheng0012_00005.wav,7.64,"Beteru wa nashravel, kuna is about to do some other things, you know. Kuna kia miko active, ya.","Beteru wa nashravel, kuna is about to do some other things, you know. Kuna kia miko active, ya.",/home/ray/Desktop/mkuru/dataset/segmented/Sheng0012/Sheng0012_00005.wav,Sheng0012
sheng_rev_0188,Sheng0012_00006.wav,15.27,"We decided, you know, I mean, it's a story, you can tell it to people, you have to be young or visori, but you have to say like a good story, you started well as brothers, then they do well as brothers and now you can support each other, you know.","We decided, you know, I mean, it's a story, you can tell it to people, you have to be young or visori, but you have to say like a good story, you started well as brothers, then they do well as brothers and now you can support each other, you know.",/home/ray/Desktop/mkuru/dataset/segmented/Sheng0012/Sheng0012_00006.wav,Sheng0012
sheng_rev_0189,Sheng0012_00008.wav,2.74,Um... You should actually buy the YouTube account.,Um... You should actually buy the YouTube account.,/home/ray/Desktop/mkuru/dataset/segmented/Sheng0012/Sheng0012_00008.wav,Sheng0012
sheng_rev_0190,Sheng0012_00009.wav,11.28,"Pitorosa is being his own business building, but Anafakwenda Maju in the next few months to pursue greener pastures.","Pitorosa is being his own business building, but Anafakwenda Maju in the next few months to pursue greener pastures.",/home/ray/Desktop/mkuru/dataset/segmented/Sheng0012/Sheng0012_00009.wav,Sheng0012
sheng_rev_0191,Sheng0012_00010.wav,8.67,"Ok, ya tu kut na filmanzei, ya tu kuhisha, tu npa seni, ah, sa kuhiza lenda wa beli mila nini. So, that's why we did our last.","Ok, ya tu kut na filmanzei, ya tu kuhisha, tu npa seni, ah, sa kuhiza lenda wa beli mila nini. So, that's why we did our last.",/home/ray/Desktop/mkuru/dataset/segmented/Sheng0012/Sheng0012_00010.wav,Sheng0012
sheng_rev_0192,Sheng0012_00011.wav,9.97,We need to have a last dance. We need to have a last dance. We need to have a last dance. We need to have a last dance. We need to have a last dance. We need to have a last dance. We need to have a last dance. We need to have a last dance. We need to have a last dance.,We need to have a last dance. We need to have a last dance. We need to have a last dance. We need to have a last dance. We need to have a last dance. We need to have a last dance. We need to have a last dance. We need to have a last dance. We need to have a last dance.,/home/ray/Desktop/mkuru/dataset/segmented/Sheng0012/Sheng0012_00011.wav,Sheng0012
sheng_rev_0193,Sheng0012_00013.wav,8.56,"Inepak, the last time were here, we got together up in this studio. Uu daman, jemukalipik like a job session, it's crazy, I haven't liked it so much.","Inepak, the last time we were here, we got together up in this studio. Uu daman, jemukalipik like a job session, it's crazy, I haven't liked it so much.",/home/ray/Desktop/mkuru/dataset/segmented/Sheng0012/Sheng0012_00013.wav,Sheng0012
sheng_rev_0194,Sheng0013_00000.wav,11.95,"Niki kupatili, chupaia, situu sampo, usidjaze. Buda, nimi patanana nasplangu politikdo, anase maa, anafundisha wasi isi saa.","Niki kupatili, chupaia, situu sampo, usidjaze. Buda, nimi patanana nasplangu politikdo, anase maa, anafundisha wasi isi saa.",/home/ray/Desktop/mkuru/dataset/segmented/Sheng0013/Sheng0013_00000.wav,Sheng0013
sheng_rev_0195,Sheng0013_00001.wav,9.25,"Niki kama na kashifu, niki kama na kashirik. Okay. Amismandu giyangu, niki kupatile chupayas tuu sampo. Usi jazi.","Niki kama na kashifu, niki kama na kashirik. Okay. Amismandu giyangu, niki kupatile chupayas tuu sampo. Usi jazi.",/home/ray/Desktop/mkuru/dataset/segmented/Sheng0013/Sheng0013_00001.wav,Sheng0013
sheng_rev_0196,Sheng0013_00003.wav,35.98,"Hikuji hikuwa nii kwa ni Ay, nasez!","Hikuji hikuwa nii kwa nii kwa nii kwa nii kwa nii kwa nii kwa nii kwa nii kwa nii kwa nii kwa nii kwa nii kwa nii kwa nii kwa nii kwa nii kwa nii kwa nii kwa nii kwa nii kwa nii kwa nii kwa nii kwa nii kwa nii kwa nii kwa nii kwa nii kwa nii kwa nii kwa nii kwa nii kwa nii kwa nii kwa nii kwa nii kwa nii kwa nii kwa nii kwa nii kwa nii kwa nii kwa nii kwa nii kwa nii kwa nii kwa nii kwa nii kwa nii kwa nii kwa nii kwa nii kwa nii kwa nii kwa ni Ay, nasez!",/home/ray/Desktop/mkuru/dataset/segmented/Sheng0013/Sheng0013_00003.wav,Sheng0013
sheng_rev_0197,Sheng0013_00004.wav,3.01,Niki kupatili chupayas tu.,Niki kupatili chupayas tu.,/home/ray/Desktop/mkuru/dataset/segmented/Sheng0013/Sheng0013_00004.wav,Sheng0013
sheng_rev_0198,Sheng0014_00001.wav,14.47,"Ikona krakda, and they're saying that in a indecent dressing. So now you see how in Kenya to nesa enda ma concert, isi ma concert Zetlus, ma youth concert, kama hi, we can name a pizza, kulupana waza, kumukwana events, ginapies na happen.","Ikona krakda, and they're saying that in a indecent dressing. So now you see how in Kenya to nesa enda ma concert, isi ma concert Zetlus, ma youth concert, kama hi, we can name a pizza, kulupana waza, kumukwana events, ginapies na happen.",/home/ray/Desktop/mkuru/dataset/segmented/Sheng0014/Sheng0014_00001.wav,Sheng0014
sheng_rev_0199,Sheng0014_00002.wav,4.98,"En palemazoki angali anga viniwa sa utbens, muna ena ga kudresku pati, muna jua.","En palemazoki angali anga viniwa sa utbens, muna ena ga kudresku pati, muna jua.",/home/ray/Desktop/mkuru/dataset/segmented/Sheng0014/Sheng0014_00002.wav,Sheng0014
sheng_rev_0200,Sheng0014_00003.wav,12.33,Uka e shiti unanuki ya shiti no una dance pia comfortably and most of the time uta pana pia. Skat nazo zi gondiz miputati ni amagoti. Znakwa na zi mecheze oko ju. Na isu vduzote. And now in Rwanda...,Uka e shiti unanuki ya shiti no una dance pia comfortably and most of the time uta pana pia. Skat nazo zi gondiz miputati ni amagoti. Znakwa na zi mecheze oko ju. Na isu vduzote. And now in Rwanda...,/home/ray/Desktop/mkuru/dataset/segmented/Sheng0014/Sheng0014_00003.wav,Sheng0014
sheng_rev_0201,Sheng0014_00005.wav,13.65,"Na sewa mazaifu na publik, hiniwa mazaifu hiniwa maza","Na sewa mazaifu na publik, hiniwa hiniwa hiniwa hiniwa hiniwa hiniwa hiniwa hiniwa hiniwa hiniwa mazaifu hiniwa hiniwa mazaifu hiniwa hiniwa hiniwa mazaifu hiniwa hiniwa mazaifu hiniwa mazaifu hiniwa mazaifu hiniwa mazaifu hiniwa mazaifu hiniwa mazaifu hiniwa mazaifu hiniwa mazaifu hiniwa mazaifu hiniwa mazaifu hiniwa mazaifu hiniwa mazaifu hiniwa mazaifu hiniwa mazaifu hiniwa mazaifu hiniwa mazaifu hiniwa mazaifu hiniwa mazaifu hiniwa mazaifu hiniwa mazaifu hiniwa mazaifu hiniwa maza",/home/ray/Desktop/mkuru/dataset/segmented/Sheng0014/Sheng0014_00005.wav,Sheng0014
sheng_rev_0202,Sheng0014_00006.wav,12.93,"Haputu kwa engines, makara wali papali, na waka arrest, wana kwangalia kwa umedunga tiskat pupi, wana kwa rest. Kwa umedunga ma fishnet, wana kwa rest. Wana sema easy, outfitch, mazezni, shemfulni, indecent.","Haputu kwa engines, makara wali papali, na waka arrest, wana kwangalia kwa umedunga tiskat pupi, wana kwa rest. Kwa umedunga ma fishnet, wana kwa rest. Wana sema easy, outfitch, mazezni, shemfulni, indecent.",/home/ray/Desktop/mkuru/dataset/segmented/Sheng0014/Sheng0014_00006.wav,Sheng0014
sheng_rev_0203,Sheng0014_00007.wav,5.89,So imekwatenani a very big story and you can be thinking if this was actually brought,"So imekwatenani a very, very big story and you can be thinking if this was actually brought",/home/ray/Desktop/mkuru/dataset/segmented/Sheng0014/Sheng0014_00007.wav,Sheng0014
sheng_rev_0204,Sheng0014_00009.wav,5.21,"Kurbi implemented in Kenya. Radha, do you think it could work in Kenya if you implement it? Sida ni kuja","Kurbi implemented in Kenya. Radha, do you think it could work in Kenya if you implement it? Sida ni kuja",/home/ray/Desktop/mkuru/dataset/segmented/Sheng0014/Sheng0014_00009.wav,Sheng0014
sheng_rev_0205,Sheng0015_00000.wav,10.05,"Tama tuwa na puja etiwa mujiwa tu pali. Sayi, akuna puja kacheka. Zeya za City Fun una sema two man. Ey, mungu bariki sasa wengine. Mamboe tu sayi me Ivan Bayasana.","Tama tuwa na puja etiwa mujiwa tu pali. Sayi, akuna puja kacheka. Zeya za City Fun una sema two man. Ey, mungu bariki sasa wengine. Mamboe tu sayi me Ivan Bayasana.",/home/ray/Desktop/mkuru/dataset/segmented/Sheng0015/Sheng0015_00000.wav,Sheng0015
sheng_rev_0206,Sheng0015_00002.wav,12.47,"Atletiko, so ini ninaoma man. So, but when you think about it yesterday, and record breaking of course 125,000 banzai nikuwa ninaoma Tucson and Manchester City signing.","Atletiko, so ini ini nina ninaoma man. So, but when you think about it yesterday, and record breaking of course 125,000,000 banzai nikuwa ninaoma Tucson and Manchester City signing.",/home/ray/Desktop/mkuru/dataset/segmented/Sheng0015/Sheng0015_00002.wav,Sheng0015
sheng_rev_0207,Sheng0015_00004.wav,13.02,"I know so many people are like, hey, cities actually buying the link, not really man. Ilein yunangale yunase ma, the deadline window is in Meshantjama and now Chelsea fans are actually really furious.","I know so many people are like, hey, cities actually buying the link, not really man. Ilein yunangale yunase ma, the deadline window is in Meshantjama and now Chelsea fans are actually really really furious.",/home/ray/Desktop/mkuru/dataset/segmented/Sheng0015/Sheng0015_00004.wav,Sheng0015
sheng_rev_0208,Sheng0015_00005.wav,12.65,"So this cold actually, I can confidently say that Manchester City is actually winning the league. So kama wuna fikiri ala WSG wuna wana ni, because it's now Illimandia. East Ford say ime iwambayasa, tukuna Illimandia e.","So this cold actually, I can confidently say that Manchester City is actually winning the league. So kama wuna fikiri ala WSG wuna wana ni, because it's now Illimandia. East Ford say ime iwambayasa, tukuna Illimandia e.",/home/ray/Desktop/mkuru/dataset/segmented/Sheng0015/Sheng0015_00005.wav,Sheng0015
sheng_rev_0209,Sheng0015_00007.wav,12.08,"Hii, mambo ya HDL 3 atami sejari bupa nustan because ni noma sana so big up to everyone when yadu coins. Deshiyo kwa","Hii, mambo ya HDL 3 atami sejari bupa nustan because ni noma sana so big up to everyone when yadu coins. Deshiyo kwa kwa kwa kwa kwa kwa kwa kwa kwa kwa kwa kwa kwa kwa kwa kwa kwa kwa kwa kwa kwa kwa kwa kwa",/home/ray/Desktop/mkuru/dataset/segmented/Sheng0015/Sheng0015_00007.wav,Sheng0015
sheng_rev_0210,Sheng0015_00008.wav,8.68,"Tawatuwa na puja 80 yad mujo tu pali, sayi, akuna puja kacheka.","Tawatuwa na puja 80 yad mujo tu pali, sayi, akuna puja kacheka.",/home/ray/Desktop/mkuru/dataset/segmented/Sheng0015/Sheng0015_00008.wav,Sheng0015
sheng_rev_0211,Sheng0016_00000.wav,13.8,As Kenyans have realized we all have something called a rich behavior but on a broke budget. A rich behavior but on a broke budget. Let me just make you understand what is rich behavior.,As Kenyans have realized we all have something called a rich behavior but on a broke budget. A rich behavior but on a broke budget. Let me just make you understand what is rich behavior.,/home/ray/Desktop/mkuru/dataset/segmented/Sheng0016/Sheng0016_00000.wav,Sheng0016
sheng_rev_0212,Sheng0016_00001.wav,13.39,"Awa luna broke budget. Nani wiki. In this office, akunam siyata bebalanchi. Everybody will be ordering KFC, chickening, pizza eves, junini. Why? Coz it's fake.","Awa luna broke budget. Nani wiki. In this office, akunam siyata bebalanchi. Everybody will be ordering KFC, chickening, pizza eves, junini. Why? Coz it's fake.",/home/ray/Desktop/mkuru/dataset/segmented/Sheng0016/Sheng0016_00001.wav,Sheng0016
sheng_rev_0213,Sheng0016_00008.wav,17.54,"So, this office is what? 400 times 2 nosi bebeata extra. Nasi diya ni muku sumama diya. Ha tukutuku wa apana ni mehi haya. Ini drop home. You pray for the MTC. Nai li piyanga ina ni drop muta.","So, this office is what? 400 times 2 nosi bebeata extra. Nasi diya ni muku sumama diya. Ha tukutuku wa apana ni mehi haya. Ini drop home. You pray for the MTC. Nai li piyanga ina ni drop muta.",/home/ray/Desktop/mkuru/dataset/segmented/Sheng0016/Sheng0016_00008.wav,Sheng0016
sheng_rev_0214,Sheng0016_00009.wav,13.71,So much money do you give this guy to this kishim tani?,So much money do you give this guy to this kishim tani?,/home/ray/Desktop/mkuru/dataset/segmented/Sheng0016/Sheng0016_00009.wav,Sheng0016
sheng_rev_0215,Sheng0016_00010.wav,13.67,"Si kama kitini so na ni nene, yoni 400. Une kamiguju? 800, nalafu na mbati ya miyambili yake na milupapi ya head driver. Upliwa na mongeziatu? Na wambia piya kitini wakali na nipiya.","Si kama kitini so na ni nene, yoni 400. Une kamiguju? 800, nalafu na mbati ya miyambili yake na milupapi ya head driver. Upliwa na mongeziatu? Na wambia piya kitini wakali na nipiya.",/home/ray/Desktop/mkuru/dataset/segmented/Sheng0016/Sheng0016_00010.wav,Sheng0016
sheng_rev_0216,Sheng0016_00011.wav,2.66,As Kenyans have realized we all have,As Kenyans have realized we all have,/home/ray/Desktop/mkuru/dataset/segmented/Sheng0016/Sheng0016_00011.wav,Sheng0016
sheng_rev_0217,Sheng0017_00000.wav,9.51,Unamdiyama amekasirisha Ken. Unamdiyama amekasirisha Kelamdu.,Unamdiyama amekasirisha Ken. Unamdiyama amekasirisha Ken. Unamdiyama amekasirisha Ken. Unamdiyama amekasirisha Ken. Unamdiyama amekasirisha Kelamdu. Unamdiyama amekasirisha Kelamdu. Unamdiyama amekasirisha Kelamdu. Unamdiyama amekasirisha Kelamdu. Unamdiyama amekasirisha Kelamdu. Unamdiyama amekasirisha Kelamdu. Unamdiyama amekasirisha Kelamdu. Unamdiyama amekasirisha Kelamdu. Unamdiyama amekasirisha Kelamdu. Unamdiyama amekasirisha Kelamdu.,/home/ray/Desktop/mkuru/dataset/segmented/Sheng0017/Sheng0017_00000.wav,Sheng0017
sheng_rev_0218,Sheng0017_00002.wav,17.13,"I think Benica has mental issues. Needs to go deal with them. Genuinely speaking, that's the first time I've ever seen him. So I decided to investigate his content and his style of talking. I would say he's a wanna be and do kibbe.","I think Benica has mental issues. Needs to go deal with them. Genuinely speaking, that's the first time I've ever seen him. So I decided to investigate his content and his style of talking. I would say he's a wanna be and do kibbe.",/home/ray/Desktop/mkuru/dataset/segmented/Sheng0017/Sheng0017_00002.wav,Sheng0017
sheng_rev_0219,Sheng0017_00003.wav,18.64,"Ya, he's trying to show off this toxic masculinity, insensitive or no one can tell me anything type of vibe. Ya, it's just unhealed trauma bro, nani pata. Miki tutum, jamana go through and ataka attention.","Ya, ya, he's trying to show off this toxic masculinity, insensitive or no one can tell me anything type of vibe. Ya, it's just unhealed trauma bro, nani pata. Miki tutum, jamana go through and ataka attention.",/home/ray/Desktop/mkuru/dataset/segmented/Sheng0017/Sheng0017_00003.wav,Sheng0017
sheng_rev_0220,Sheng0017_00005.wav,7.2,"Anataka tumongelendoa skip dizuri, napata. Susahi ina mbamba ego na tumonga na kona lo self esteem.","Anataka tumongelendoa skip dizuri, napata. Susahi ina mbamba ego na tumonga na kona lo self esteem.",/home/ray/Desktop/mkuru/dataset/segmented/Sheng0017/Sheng0017_00005.wav,Sheng0017
sheng_rev_0221,Sheng0017_00006.wav,10.92,"Uki mongilelea, alafilm important in this generation of this life. Rallipata, so whether you're talking about him well or not, ya nama bi kana yuri mongilipata. Kwa zemata, ligi mongilem siyami heidi, bye.","Uki mongilelea, alafilm important in this generation of this life. Rallipata, so whether you're talking about him well or not, ya nama bi kana yuri mongilipata. Kwa zemata, ligi mongile mongilem siyami heidi, bye.",/home/ray/Desktop/mkuru/dataset/segmented/Sheng0017/Sheng0017_00006.wav,Sheng0017
sheng_rev_0222,Sheng0017_00007.wav,4.05,Buno umgile msimu nyanasafu with the conditions by Hensley.,Buno umgile msimu nyanasafu with the conditions by Hensley.,/home/ray/Desktop/mkuru/dataset/segmented/Sheng0017/Sheng0017_00007.wav,Sheng0017
sheng_rev_0223,Sheng0017_00010.wav,13.01,"Kwa naiyongiliya, kwa naiy","Kwa kwa naiyongiliya, kwa naiyongiliya, kwa naiyongiliya, kwa naiyongiliya, kwa naiyongiliya, kwa naiyongiliya, kwa naiyongiliya, kwa naiyongiliya, kwa naiyongiliya, kwa naiyongiliya, kwa naiyongiliya, kwa naiyongiliya, kwa naiyongiliya, kwa naiyongiliya, kwa naiyongiliya, kwa naiyongiliya, kwa naiyongiliya, kwa naiyongiliya, kwa naiyongiliya, kwa naiyongiliya, kwa naiyongiliya, kwa naiyongiliya, kwa naiyongiliya, kwa naiyongiliya, kwa naiy",/home/ray/Desktop/mkuru/dataset/segmented/Sheng0017/Sheng0017_00010.wav,Sheng0017
sheng_rev_0224,Sheng0018_00000.wav,10.18,"The God of Football, the best player in the world, Lionel Messi retires from international football at the age of 39.","The God of Football, the best player in the world, Lionel Messi retires from international football at the age of 39.",/home/ray/Desktop/mkuru/dataset/segmented/Sheng0018/Sheng0018_00000.wav,Sheng0018
sheng_rev_0225,Sheng0018_00001.wav,19.5,"Agenitina koutu, agenitina mwast koutu player in all-time-leading gold scorer. So, alisa maha zinjama liya nausina tia niyaji. Mi naustem kwa na jizosa international games anymore. And the message is actually now retired and may announce. And this one is a big hit for Agenitina mani. To be honest...","Agenitina koutu, agenitina mwast koutu player in all-time-leading gold scorer. So, alisa maha zinjama liya nausina tia niyaji. Mi naustem kwa na jizosa international games anymore. And the message is actually now retired and may announce. And this one is a big hit for Agenitina mani. To be honest...",/home/ray/Desktop/mkuru/dataset/segmented/Sheng0018/Sheng0018_00001.wav,Sheng0018
sheng_rev_0226,Sheng0018_00002.wav,8.1,Bale waneza kujapu miyavibaya sana because now this is a guy who has won everything. I'm watching Misha World Cup and Los Kisha Finals again.,Bale waneza kujapu miyavibaya sana because now this is a guy who has won everything. I'm watching Misha World Cup and Los Kisha Finals again.,/home/ray/Desktop/mkuru/dataset/segmented/Sheng0018/Sheng0018_00002.wav,Sheng0018
sheng_rev_0227,Sheng0018_00004.wav,12.45,"Do you think Argentina will be the same? Do you think Argentina will still be a top team to be able to contend for like these big cups, Kama World Cup, Kama Kina Kopa America, any other convention that we're playing?","Do you think Argentina will be the same? Do you think Argentina will still be a top team to be able to contend for like these big cups, Kama World Cup, Kama Kina Kopa America, any other convention that we're playing?",/home/ray/Desktop/mkuru/dataset/segmented/Sheng0018/Sheng0018_00004.wav,Sheng0018
sheng_rev_0228,Sheng0018_00006.wav,10.24,"Mezi wa nangujiya, mezi ya toki kuwanza maziata abongi, ya na chi utugam, ya na tembe wa na tokanae because of course hea doa li kuwana wa pwanganae and they also used to protect him a lot in the pitch, but now","Mezi wa nangujiya, mezi ya toki kuwanza maziata abongi, ya na chi utugam, ya na tembe wa na tokanae because of course hea doa li kuwana wa pwanganae and they also used to protect him a lot in the pitch, but now",/home/ray/Desktop/mkuru/dataset/segmented/Sheng0018/Sheng0018_00006.wav,Sheng0018
sheng_rev_0229,Sheng0019_00000.wav,12.23,"Stori aja baleo nige enje, ni noma, so a lot of you guys think no, I died, that's what you guys learnt in the Bible.","Stori aja baleo nige enje, ni noma, so a lot of you guys think no, I died, that's what you guys learnt in the Bible.",/home/ray/Desktop/mkuru/dataset/segmented/Sheng0019/Sheng0019_00000.wav,Sheng0019
sheng_rev_0230,Sheng0019_00001.wav,12.26,"Muqauna eneweb azei noa li teka situi ejj ponaidiyot, akadedi. But I'm here to tell you that I have seen noa with my own eyes, like noa still exists.","Muqauna eneweb azei noa li teka situi ejj ponaidiyot, akadedi. But I'm here to tell you that I have seen noa with my own eyes, like noa still exists.",/home/ray/Desktop/mkuru/dataset/segmented/Sheng0019/Sheng0019_00001.wav,Sheng0019
sheng_rev_0231,Sheng0019_00005.wav,10.56,Na noa na tutu wana pana. Like siyati ni desendantua wa tutu si desendantua noa.,Na noa na tutu wana pana. Like siyati ni desendantua wa tutu si desendantua noa.,/home/ray/Desktop/mkuru/dataset/segmented/Sheng0019/Sheng0019_00005.wav,Sheng0019
sheng_rev_0232,Sheng0019_00006.wav,12.53,"Emojwa niya oni. Mi no wa? Mwani pata? Like, my friend told me too. This is kuzo niya na kwa na no wa. Namizu jiji wa? Naiwa jini me kujoku gundo wa sayi.","Emojwa niya oni. Mi no wa? Mwani pata? Like, my friend told me to too. This is kuzo niya na kwa na no wa. Namizu jiji wa? Naiwa jini me kujoku gundo wa sayi.",/home/ray/Desktop/mkuru/dataset/segmented/Sheng0019/Sheng0019_00006.wav,Sheng0019
sheng_rev_0233,Sheng0019_00007.wav,10.54,"E situation yote. So kogo nabeshte neto 2, na nende shal nua, uni ule nua, ule wadaak.","E situation yote. So kogo nabeshte neto 2 2, na nende shal nua, uni nua, uni ule nua, ule wadaak.",/home/ray/Desktop/mkuru/dataset/segmented/Sheng0019/Sheng0019_00007.wav,Sheng0019
sheng_rev_0234,Sheng0020_00000.wav,23.81,Eliwood Kipchogi. kwa,Eliwood Kipchogi. Eliwood Kipchogi. Eliwood Kipchogi. Eliwood Kipchogi. Eliwood Kipchogi. Eliwood Kipchogi. Eliwood Kipchogi. Eliwood Kipchogi. Eliwood Kipchogi. Eliwood Kipchogi. Eliwood Kipchogi. Eliwood Kipchogi. Eliwood Kipchogi. Eliwood Kipchogi. Eliwood Kipchogi. Eliwood Kipchogi. Eliwood Kipchogi. Eliwood Kipchogi. Eliwood Kipchogi. Eliwood Kipchogi. Eliwood Kipchogi. Eliwood Kipchogi. kwa kwa kwa kwa kwa kwa kwa kwa kwa,/home/ray/Desktop/mkuru/dataset/segmented/Sheng0020/Sheng0020_00000.wav,Sheng0020
sheng_rev_0235,gn3q-QJO2cw_Kenya_s_Super_Athletes____Mk_00001.wav,13.48,Ninan Ava Van Elsie. Washi raa alo. Saksana Elsie ben.,Ninan Ava Van Elsie. Washi raa alo. Saksana Elsie ben.,/home/ray/Desktop/mkuru/dataset/segmented/gn3q-QJO2cw_Kenya_s_Super_Athletes____Mk/gn3q-QJO2cw_Kenya_s_Super_Athletes____Mk_00001.wav,gn3q-QJO2cw_Kenya_s_Super_Athletes____Mk
sheng_rev_0236,gn3q-QJO2cw_Kenya_s_Super_Athletes____Mk_00002.wav,13.16,"Anybody else ma niya lingia palia kafa niya mamboi ake piya tu na pcheki asante sana, pigenizu vitu man. Na ona ma na neve piga gwanda ya white leo eh. Ini ya mutu yote aji ingiha ko yosa.","Anybody else ma niya lingia palia kafa niya mamboi ake piya tu na pcheki asante sana, pigenizu vitu man. Na ona ma na neve piga gwanda ya white leo eh. Ini ya mutu yote aji ingiha ko yosa.",/home/ray/Desktop/mkuru/dataset/segmented/gn3q-QJO2cw_Kenya_s_Super_Athletes____Mk/gn3q-QJO2cw_Kenya_s_Super_Athletes____Mk_00002.wav,gn3q-QJO2cw_Kenya_s_Super_Athletes____Mk
sheng_rev_0237,gn3q-QJO2cw_Kenya_s_Super_Athletes____Mk_00003.wav,13.12,"Tami ni wakutambu hem, weka stampu hei piya ni Mkurugenzi. Hey, site ni Mkurugenzi.ke apandiyo Maliiko. Sasao? Very nice. Okay, so wangwana.","Tami ni wakutambu hem, weka stampu hei piya ni mkuru genzi. Hey, site ni mkuru genzi.ke apandiyo Maliiko. Sasao? Very nice. Okay, so wangwana.",/home/ray/Desktop/mkuru/dataset/segmented/gn3q-QJO2cw_Kenya_s_Super_Athletes____Mk/gn3q-QJO2cw_Kenya_s_Super_Athletes____Mk_00003.wav,gn3q-QJO2cw_Kenya_s_Super_Athletes____Mk
sheng_rev_0238,gn3q-QJO2cw_Kenya_s_Super_Athletes____Mk_00004.wav,13.44,"Niko shumuli notice kuna wakati mimi nili tembe aki dogo nika ondokia i country enu na mahoma beizi enu, nika enda, wingereza, ok si wingereza, nika nda wulae, Europa.","Niko shumuli notice kuna wakati mimi nili tembe aki dogo nika ondokia i country enu na mahoma beizi enu, nika enda, wingereza, ok si wingereza, nika nda wulae, Europa.",/home/ray/Desktop/mkuru/dataset/segmented/gn3q-QJO2cw_Kenya_s_Super_Athletes____Mk/gn3q-QJO2cw_Kenya_s_Super_Athletes____Mk_00004.wav,gn3q-QJO2cw_Kenya_s_Super_Athletes____Mk
sheng_rev_0239,gn3q-QJO2cw_Kenya_s_Super_Athletes____Mk_00005.wav,12.64,"Eh, nilikwa nimenda kuhu fotafotara some athletes pale. And you guys must say, I was amazed. Uhu kiwa yo namsi ako top of the world. Echimu.","Eh, nilikwa nimenda kuhu fotafotara samathlitz pali. And you guys must say, I was amazed. Uhu kiwa yo namsi ako top of the world. Echimu.",/home/ray/Desktop/mkuru/dataset/segmented/gn3q-QJO2cw_Kenya_s_Super_Athletes____Mk/gn3q-QJO2cw_Kenya_s_Super_Athletes____Mk_00005.wav,gn3q-QJO2cw_Kenya_s_Super_Athletes____Mk
sheng_rev_0240,gn3q-QJO2cw_Kenya_s_Super_Athletes____Mk_00006.wav,13.94,"Juhu yumutu, ili engori yana piti yand yu akuji aku etop. Ah, simchi yazo. Wajani wapatietu brief recap, yaa vilesafari etu iliku wa ninininim, eh, nitu kwa appreciate mazea athili tsu etu.","Juhu yumutu, ili engori yana piti yand yu akuji aku etop. Ah, simchi yazo. Wajani wapatietu brief recap, yaa vilesafari etu iliku wa ninininim, eh, nitu kwa appreciate mazea athili tsu etu.",/home/ray/Desktop/mkuru/dataset/segmented/gn3q-QJO2cw_Kenya_s_Super_Athletes____Mk/gn3q-QJO2cw_Kenya_s_Super_Athletes____Mk_00006.wav,gn3q-QJO2cw_Kenya_s_Super_Athletes____Mk
sheng_rev_0241,gn3q-QJO2cw_Kenya_s_Super_Athletes____Mk_00007.wav,13.66,"Sometime in July, I think end of July, kulikam kukakwa na shugliflani. So, kuna...","So, sometime in July, I think end of July, kulikam kukakwa na shugliflani. So, kuna...",/home/ray/Desktop/mkuru/dataset/segmented/gn3q-QJO2cw_Kenya_s_Super_Athletes____Mk/gn3q-QJO2cw_Kenya_s_Super_Athletes____Mk_00007.wav,gn3q-QJO2cw_Kenya_s_Super_Athletes____Mk
sheng_rev_0242,gn3q-QJO2cw_Kenya_s_Super_Athletes____Mk_00009.wav,11.95,"So basically, wana empawa kreatas wa eze kutel stories about athletes. First of all, lika wana yukitiki wa nobol sana ju, we are the only country","So basically, wana empawa kreatas wa eze kutel stories about athletes. First of all, lika wana yukitiki wa nobol sana ju, we are the only country",/home/ray/Desktop/mkuru/dataset/segmented/gn3q-QJO2cw_Kenya_s_Super_Athletes____Mk/gn3q-QJO2cw_Kenya_s_Super_Athletes____Mk_00009.wav,gn3q-QJO2cw_Kenya_s_Super_Athletes____Mk
sheng_rev_0243,gn3q-QJO2cw_Kenya_s_Super_Athletes____Mk_00010.wav,13.35,"Mali mazitu na shain at a patikira fild, batawa se wa koko yo fild. Lai kukiku tanana Sebastian saa yuko supermarket unam pita tu. Nuna. So...","Mali mazitu na shain at a patikira fild, batawa se wa koko yo fild. Lai kukiku tanana Sebastian saa yuko supermarket unam pita tu. Nuna. So...",/home/ray/Desktop/mkuru/dataset/segmented/gn3q-QJO2cw_Kenya_s_Super_Athletes____Mk/gn3q-QJO2cw_Kenya_s_Super_Athletes____Mk_00010.wav,gn3q-QJO2cw_Kenya_s_Super_Athletes____Mk
sheng_rev_0244,gn3q-QJO2cw_Kenya_s_Super_Athletes____Mk_00012.wav,13.57,"Tumama link sapoza ku apply voices in motion. I hope I'm going to apply. So nikiwa pala ni kakutanishwana some athletes. So hawa wana kimbia kitunitua trail running. So kuna hile running ya stadium, ya track, na kuna...","Tumama link sapoza ku apply voices in motion. I hope I'm going to apply. So nikiwa pala ni kakutanishwana some athletes. So hawa wana kimbia kitunitua trail running. So kuna hile running ya stadium, ya track, na kuna...",/home/ray/Desktop/mkuru/dataset/segmented/gn3q-QJO2cw_Kenya_s_Super_Athletes____Mk/gn3q-QJO2cw_Kenya_s_Super_Athletes____Mk_00012.wav,gn3q-QJO2cw_Kenya_s_Super_Athletes____Mk
sheng_rev_0245,gn3q-QJO2cw_Kenya_s_Super_Athletes____Mk_00015.wav,11.42,"So, usiku biletuliende yu shuglindyo, nili kwa na miti awase. Nika miti jamana itwa filemon kiriyago, ekuli kwa na jamana itwa Patrick Kipngeno.","So, usiku biletuliende yu shuglindyo, nili kwa na miti awase. Nika miti jamana itwa filemon kiriyago, ekuli kwa na jamana itwa Patrick Kipngeno.",/home/ray/Desktop/mkuru/dataset/segmented/gn3q-QJO2cw_Kenya_s_Super_Athletes____Mk/gn3q-QJO2cw_Kenya_s_Super_Athletes____Mk_00015.wav,gn3q-QJO2cw_Kenya_s_Super_Athletes____Mk
sheng_rev_0246,gn3q-QJO2cw_Kenya_s_Super_Athletes____Mk_00016.wav,13.81,"Selelo sa awali sijikama li kua iyo square voices in motion, but nili kam li kam meat later. So, actually I think I li kua. So, after yo nene ni can get interest sana, nene ni ka unkena wa sewangu wa onapa.","Selelo sa awali sijikama li kua iyo square voices in motion, but nili kam li kam meat later. So, actually I think I li kua. So, after yo nene ni ni can get interest sana, nene ni ka unkena wa sewangu wa onapa.",/home/ray/Desktop/mkuru/dataset/segmented/gn3q-QJO2cw_Kenya_s_Super_Athletes____Mk/gn3q-QJO2cw_Kenya_s_Super_Athletes____Mk_00016.wav,gn3q-QJO2cw_Kenya_s_Super_Athletes____Mk
sheng_rev_0247,gn3q-QJO2cw_Kenya_s_Super_Athletes____Mk_00017.wav,13.29,"hawa wasee ni machamp waiki tuwa jena atujuwi. Manze, nimi ono SNC program muna fanya. Nami moneye meneza, nimeji tole mhanda. Nipige tu storya, nini wa fortitu nini waga.","Awa se nima champu waiki tuwa jena atujuwi. Manze, nimi ono SNC program muna fanya. Nami moneye meneza, nimeji tole mhanda. Nipige tu storya, nini wa fortitu nini, nini nini nini waga.",/home/ray/Desktop/mkuru/dataset/segmented/gn3q-QJO2cw_Kenya_s_Super_Athletes____Mk/gn3q-QJO2cw_Kenya_s_Super_Athletes____Mk_00017.wav,gn3q-QJO2cw_Kenya_s_Super_Athletes____Mk
sheng_rev_0248,gn3q-QJO2cw_Kenya_s_Super_Athletes____Mk_00020.wav,9.36,"So hawa maatili maote ro wa koapo, ukundi wa gawana piga zwezi hawa. Na on, I think waga ina wa, actually inasponsor, inawasupport son.","So hawa maatili maote ro wa koapo, ukundi wa gawana piga zwezi hawa. Na on, I think waga ina wa, actually ina sponsor, ina wa support son.",/home/ray/Desktop/mkuru/dataset/segmented/gn3q-QJO2cw_Kenya_s_Super_Athletes____Mk/gn3q-QJO2cw_Kenya_s_Super_Athletes____Mk_00020.wav,gn3q-QJO2cw_Kenya_s_Super_Athletes____Mk
sheng_rev_0249,gn3q-QJO2cw_Kenya_s_Super_Athletes____Mk_00021.wav,12.01,"Mika ingiyana ibasha pwara kafasta, ni keda nika mite kinafile Montana, Patrick Kipngeno, Selelo Saoli, Kulikwana Maka Madem, kina Ruth, kina Miriam.","Mika ingiyana ibasha pwara kafasta, ni keda nika mite kinafile Montana, Patrick Kipngeno, Selelo Saoli, Kulikwana Maka Madem, kina Ruth, kina Miriam.",/home/ray/Desktop/mkuru/dataset/segmented/gn3q-QJO2cw_Kenya_s_Super_Athletes____Mk/gn3q-QJO2cw_Kenya_s_Super_Athletes____Mk_00021.wav,gn3q-QJO2cw_Kenya_s_Super_Athletes____Mk
sheng_rev_0250,gn3q-QJO2cw_Kenya_s_Super_Athletes____Mk_00022.wav,12.71,"Kuna moja piya nimi deadly sana, nimi na try kumu kajini ake mazena, nichi enga, but unfortunately a kuna injury. So it atatuku, sdanya atatuli interact.","Kuna moja piya nimi deadly sana, nimi na try kumu kajini ake mazena, nichi enga, but unfortunately a kuna injury. So it atatuku, sdanya atatuli interact.",/home/ray/Desktop/mkuru/dataset/segmented/gn3q-QJO2cw_Kenya_s_Super_Athletes____Mk/gn3q-QJO2cw_Kenya_s_Super_Athletes____Mk_00022.wav,gn3q-QJO2cw_Kenya_s_Super_Athletes____Mk
sheng_rev_0251,gn3q-QJO2cw_Kenya_s_Super_Athletes____Mk_00025.wav,8.79,"Uangwa na muna fukiria ga kenya muku na milima. Eeeeee... Inginia ni yo region di omu tadjua. Misha iskiya be Alps, eh?","Uangwa na muna fukiria ga kenya muku na milima. Eeeeee... Inginia ni yo region di omu tadjua. Misha iskiya be Alps, eh?",/home/ray/Desktop/mkuru/dataset/segmented/gn3q-QJO2cw_Kenya_s_Super_Athletes____Mk/gn3q-QJO2cw_Kenya_s_Super_Athletes____Mk_00025.wav,gn3q-QJO2cw_Kenya_s_Super_Athletes____Mk
sheng_rev_0252,gn3q-QJO2cw_Kenya_s_Super_Athletes____Mk_00026.wav,12.35,"The Alps me bigi, me doko uko Farranza ime en, da ime Pita, Switzerland, I think Spain pia ikona, if I'm not wrong. Pita, Italy, ime engia Austria.","The Alps me bigi, me doko uko Farranza ime en, da ime Pita, Switzerland, I think Spain pia ikona, if I'm not wrong. Pita, Italy, ime engia Austria.",/home/ray/Desktop/mkuru/dataset/segmented/gn3q-QJO2cw_Kenya_s_Super_Athletes____Mk/gn3q-QJO2cw_Kenya_s_Super_Athletes____Mk_00026.wav,gn3q-QJO2cw_Kenya_s_Super_Athletes____Mk
sheng_rev_0253,gn3q-QJO2cw_Kenya_s_Super_Athletes____Mk_00028.wav,13.21,"Mili mazikoko wengi, so yo kampiao ma li kupia ukundi wa nerega kupige mazoezi. So yike seme kanaan sinsu wa nengia uko, in a few weeks, kamala diskiya, pia mimi nesafani, nesafafuota yo maere maineo. Arraka fasta!","Mili mazikoko wengi, so yo kampiao ma li kupia ukundi wa nerega kupige mazoezi. So yike seme kanaan sinsu wa nengia uko, in a few weeks, kamala diskiya, pia mimi nesafani, nesafafuota yo maere maineo. Arraka fasta!",/home/ray/Desktop/mkuru/dataset/segmented/gn3q-QJO2cw_Kenya_s_Super_Athletes____Mk/gn3q-QJO2cw_Kenya_s_Super_Athletes____Mk_00028.wav,gn3q-QJO2cw_Kenya_s_Super_Athletes____Mk
sheng_rev_0254,gn3q-QJO2cw_Kenya_s_Super_Athletes____Mk_00029.wav,12.63,"Tare Modya. Muziwa nane. Tumedoka 2 evi titi nt. Like jugusha lima liza 2 evi. Dukanda stage, tukapati ena vote of thanks.","Tare Modya. Muziwa nane. Tumedoka 2 evi titi nt. Like jugusha lima liza 2 evi. Dukanda stage, tukapati ena vote of thanks.",/home/ray/Desktop/mkuru/dataset/segmented/gn3q-QJO2cw_Kenya_s_Super_Athletes____Mk/gn3q-QJO2cw_Kenya_s_Super_Athletes____Mk_00029.wav,gn3q-QJO2cw_Kenya_s_Super_Athletes____Mk
sheng_rev_0255,gn3q-QJO2cw_Kenya_s_Super_Athletes____Mk_00030.wav,13.32,"Strait, atal tulikwana kila kitu yutumabag nini. So tu ka ingiya airport araka fasta, chukwanda ege apu, teke engorim bakawapi, Zürik, Switzerland. Tukafu kapale Zürik, tulikwana mishoni kiasi apu Zürik.","Strait, atal tulikwana kila kitu yutumabag nini nini. So tu ka ingiya airport araka fasta, chukwanda ege apu, teke engorim bakawapi, Zürik, Switzerland. Tukafu kapale Zürik, tulikwana mishoni kiasi apu Zürik.",/home/ray/Desktop/mkuru/dataset/segmented/gn3q-QJO2cw_Kenya_s_Super_Athletes____Mk/gn3q-QJO2cw_Kenya_s_Super_Athletes____Mk_00030.wav,gn3q-QJO2cw_Kenya_s_Super_Athletes____Mk
sheng_rev_0256,gn3q-QJO2cw_Kenya_s_Super_Athletes____Mk_00032.wav,12.14,"Nini piya tukai tembelia, tukai ciki mavitua, tukai nais tukai skia po. Bata jenna ilikwakfani nini kukimbiya ostia kwenda kuchiki wala wasani maathili tsuetu. So the following day on Tuesday, yunita re...","Nini piya tukai tembelia, tukai ciki mavitua, tukai nais tukai skia po. Bata jenna ilikwakfani nini kukimbiya ostia kwenda kuchiki wala wasani maathili tsuetu. So the following day on Tuesday, yunita re...",/home/ray/Desktop/mkuru/dataset/segmented/gn3q-QJO2cw_Kenya_s_Super_Athletes____Mk/gn3q-QJO2cw_Kenya_s_Super_Athletes____Mk_00032.wav,gn3q-QJO2cw_Kenya_s_Super_Athletes____Mk
sheng_rev_0257,gn3q-QJO2cw_Kenya_s_Super_Athletes____Mk_00033.wav,13.9,"Jutul tokapa tere moja tulko nenge yuko tere mbili, tere tatu, dutukayanda austria sasa. Aponi kwi shika train, maze train, very comfortable. Yuki tu inen data uski alafu sceneryz","Jutul tokapa tere moja tulko nenge yuko tere mbili, tere tatu, dutukayanda austria sasa. Aponi kwi shika train, maze train, very comfortable. Yuki tu inen data uski alafu sceneryz",/home/ray/Desktop/mkuru/dataset/segmented/gn3q-QJO2cw_Kenya_s_Super_Athletes____Mk/gn3q-QJO2cw_Kenya_s_Super_Athletes____Mk_00033.wav,gn3q-QJO2cw_Kenya_s_Super_Athletes____Mk
sheng_rev_0258,gn3q-QJO2cw_Kenya_s_Super_Athletes____Mk_00034.wav,8.46,"Nai, maza kuna macountry soupu hapa nje. Yani, fo awasakuna bitu unaona ispukwatu mamilima na greenery.","Nai, maza kuna ma country soupu wa pa inje. Yani, fo fo awasakuna bitu unaona ispukwatu ma milima greenery.",/home/ray/Desktop/mkuru/dataset/segmented/gn3q-QJO2cw_Kenya_s_Super_Athletes____Mk/gn3q-QJO2cw_Kenya_s_Super_Athletes____Mk_00034.wav,gn3q-QJO2cw_Kenya_s_Super_Athletes____Mk
sheng_rev_0259,gn3q-QJO2cw_Kenya_s_Super_Athletes____Mk_00035.wav,13.64,"Mito ni safia ni maglejia zina mell 2 kuju, so yo maji nashukachini, ni safim baka inaka kiyoba, ase wamechunga yo maskaniya ode.","Mito ni safia ni maglejia zina mell 2 kuju, so yo maji nashukachini, ni safim baka inaka kiyoba, ase wamechunga yo maskaniya ode.",/home/ray/Desktop/mkuru/dataset/segmented/gn3q-QJO2cw_Kenya_s_Super_Athletes____Mk/gn3q-QJO2cw_Kenya_s_Super_Athletes____Mk_00035.wav,gn3q-QJO2cw_Kenya_s_Super_Athletes____Mk
sheng_rev_0260,gn3q-QJO2cw_Kenya_s_Super_Athletes____Mk_00036.wav,13.42,"So tukahenda tukafika plesinitua Innsbruck, iyoni Ostria. So kutoka ziurik suica lanu baka Innsbruck Ostria ni 4 hours, tukashuka, tukachuka Basi. So Basi kutoka Innsbruck baka ele plesinituliko tunayanda liens ni another 3 hours.","So tukahenda tukafika plesinitua Innsbruck, iyoni Ostria. So kutoka ziurik suica lanu baka Innsbruck Ostria ni 4 hours, tukashuka, tukachuka Basi. So Basi kutoka Innsbruck baka ele plesinituliko tunayanda liens ni another 3 hours.",/home/ray/Desktop/mkuru/dataset/segmented/gn3q-QJO2cw_Kenya_s_Super_Athletes____Mk/gn3q-QJO2cw_Kenya_s_Super_Athletes____Mk_00036.wav,gn3q-QJO2cw_Kenya_s_Super_Athletes____Mk
sheng_rev_0261,gn3q-QJO2cw_Kenya_s_Super_Athletes____Mk_00038.wav,13.57,"Na tuka ingiwa kwa gariyake, na tuka nza safariya kwa pandamili ima pina nashu uko ni mili matupu. Tuka pandamili ima paka kwa villagei kwa ukodju ina itwa kals. Hei kumali ukodeni imezungu kwa na...","Na tuka ingiwa kwa gariyake, na tuka nza safariya kwa pandamili ima pina na nashu uko ni mili matupu. Tuka pandamili ima paka kwa villagei kwa ukodju ina itwa kals. Hei kumali ukodeni imezungu kwa na...",/home/ray/Desktop/mkuru/dataset/segmented/gn3q-QJO2cw_Kenya_s_Super_Athletes____Mk/gn3q-QJO2cw_Kenya_s_Super_Athletes____Mk_00038.wav,gn3q-QJO2cw_Kenya_s_Super_Athletes____Mk
sheng_rev_0262,gn3q-QJO2cw_Kenya_s_Super_Athletes____Mk_00039.wav,6.89,"Mountains. Tukenda ingi ya kalspale, apondut nakamkona kambi maraya kwanza. Imagine.","Mountains. Tukenda, tukenda ingi ya kalspale, apondut nakamkona kambi maraya kwanza. Imagine.",/home/ray/Desktop/mkuru/dataset/segmented/gn3q-QJO2cw_Kenya_s_Super_Athletes____Mk/gn3q-QJO2cw_Kenya_s_Super_Athletes____Mk_00039.wav,gn3q-QJO2cw_Kenya_s_Super_Athletes____Mk
sheng_rev_0263,gn3q-QJO2cw_Kenya_s_Super_Athletes____Mk_00040.wav,13.25,"Kusyagoya, Austria, una pata building apu ikona flagia. Kenya, Nini. Ei, li kwa nangalizi witu na shinu. What? Ei, nikalibu kilometresu jiyu el Fusaba. From my county na kujaku pata mahali, watu maze?","Kusyagoya, Austria, una pata building apu ikona flagia. Kenya, Nini. Ei, li kwa nangalizi witu na shinu. What? Ei, nikalibu kilometresu jiyu el Fusaba. From my county na kujaku pata mahali, watu maze?",/home/ray/Desktop/mkuru/dataset/segmented/gn3q-QJO2cw_Kenya_s_Super_Athletes____Mk/gn3q-QJO2cw_Kenya_s_Super_Athletes____Mk_00040.wav,gn3q-QJO2cw_Kenya_s_Super_Athletes____Mk
sheng_rev_0264,gn3q-QJO2cw_Kenya_s_Super_Athletes____Mk_00041.wav,13.43,"Kuna maflaguza Kenyazi na panda wuko na skiyarufu ya ome na niki ingiya. Aa, it was beautiful. So, tu ka ingiya pahale do, tu kapata maathlitu ako pahale. Aa, tu ka naisapu wuku salimiyana nini.","Kuna maflaguza Kenyazi na panda wuko na skiyarufu ya ome na niki ingiya. Aa, it was beautiful. So, tu ka ingiya pahale do, tu kapata maathlitu ako pahale. Aa, tu ka naisapu wuku salimiyana, salimiyana nini.",/home/ray/Desktop/mkuru/dataset/segmented/gn3q-QJO2cw_Kenya_s_Super_Athletes____Mk/gn3q-QJO2cw_Kenya_s_Super_Athletes____Mk_00041.wav,gn3q-QJO2cw_Kenya_s_Super_Athletes____Mk
sheng_rev_0265,gn3q-QJO2cw_Kenya_s_Super_Athletes____Mk_00042.wav,12.93,"So, this camp is happening apart from the athletes or professionals who are going to open up to other people who are going to spend a month cooking beer. So, we are going to have a camp for a week and experience what camping is.","So, this camp is happening apart from the athletes or professionals who are going to open up to other people who are going to spend a month cooking beer. So, we are going to have a camp for a week and experience what camping is.",/home/ray/Desktop/mkuru/dataset/segmented/gn3q-QJO2cw_Kenya_s_Super_Athletes____Mk/gn3q-QJO2cw_Kenya_s_Super_Athletes____Mk_00042.wav,gn3q-QJO2cw_Kenya_s_Super_Athletes____Mk
sheng_rev_0266,gn3q-QJO2cw_Kenya_s_Super_Athletes____Mk_00043.wav,12.32,"So tu kapatambak ozunguengi na kukuwame kuja. Ku experience to your life for a week. Wana mkasu buwi, wana nda zoezi na athletes, muna toka zoezi, muna nda ma stretching nire nini, yani wana ishikama athletes for a hallway.","So tu kapatambak ozunguengi na kukuwame kuja. Ku experience to your life for a week. Wana mkasu buwi, wana nda zoezi na athletes, muna toka zoezi, muna nda ma stretching nire nini, yani wana ishikama athletes for a hallway.",/home/ray/Desktop/mkuru/dataset/segmented/gn3q-QJO2cw_Kenya_s_Super_Athletes____Mk/gn3q-QJO2cw_Kenya_s_Super_Athletes____Mk_00043.wav,gn3q-QJO2cw_Kenya_s_Super_Athletes____Mk
sheng_rev_0267,gn3q-QJO2cw_Kenya_s_Super_Athletes____Mk_00044.wav,7.52,Dikitu baide mubukapata nini munezaifanya. Ataka masi yuko ostria. Atapa hina yugasha tu mwingi etu. Ninu enyemana kimbiyaga nini.,Dikitu baide mubukapata nini munezaifanya. Ataka masi yuko ostria. Atapa hina yugasha tu mwingi etu. Ninu enyemana kimbiyaga kimbiyaga nini.,/home/ray/Desktop/mkuru/dataset/segmented/gn3q-QJO2cw_Kenya_s_Super_Athletes____Mk/gn3q-QJO2cw_Kenya_s_Super_Athletes____Mk_00044.wav,gn3q-QJO2cw_Kenya_s_Super_Athletes____Mk
sheng_rev_0268,gn3q-QJO2cw_Kenya_s_Super_Athletes____Mk_00046.wav,7.88,Nili apkaivi. Nihapata schedule ni nasemali otuna kimbia. 20 km kwa milima.,Nili apkaivi. Nihapata schedule ni nasemali otuna kimbia. 20 km kwa milima.,/home/ray/Desktop/mkuru/dataset/segmented/gn3q-QJO2cw_Kenya_s_Super_Athletes____Mk/gn3q-QJO2cw_Kenya_s_Super_Athletes____Mk_00046.wav,gn3q-QJO2cw_Kenya_s_Super_Athletes____Mk
sheng_rev_0269,gn3q-QJO2cw_Kenya_s_Super_Athletes____Mk_00048.wav,13.78,"Kila mtua na kimbiya palim, baka ma sho, ali kwa me kam ku visit kamp, wana na kimbiya. Tukanda siku na breakfasteitu hevi apu, zemo weke kabzi ya kutosha kumili, then off went.","Kila mtua na kimbiya palim, baka ma sho sho, ali kwa me kam ku visit kamp, wana na kimbiya. Tukanda siku na breakfasteitu hevi apu, zemo weke kabzi ya kutosha kumili, then off we went.",/home/ray/Desktop/mkuru/dataset/segmented/gn3q-QJO2cw_Kenya_s_Super_Athletes____Mk/gn3q-QJO2cw_Kenya_s_Super_Athletes____Mk_00048.wav,gn3q-QJO2cw_Kenya_s_Super_Athletes____Mk
sheng_rev_0270,gn3q-QJO2cw_Kenya_s_Super_Athletes____Mk_00051.wav,10.39,Awa li enda 20 na wagakujwa wakani pita infat kuna shodzapa wakitu pita Fiuu Hei mazea watu sujuwa na operator,"Awa li enda 20 na wagakujwa wakani pita infat kuna shodzapa wakitu pita Fiuu, Fiuu Hei, hei mazea watu sujuwa na operator",/home/ray/Desktop/mkuru/dataset/segmented/gn3q-QJO2cw_Kenya_s_Super_Athletes____Mk/gn3q-QJO2cw_Kenya_s_Super_Athletes____Mk_00051.wav,gn3q-QJO2cw_Kenya_s_Super_Athletes____Mk
sheng_rev_0271,gn3q-QJO2cw_Kenya_s_Super_Athletes____Mk_00052.wav,12.13,"So, tukapiga yora niye tu, ya 20 kilometraza, awa kapiga 20, mi ni kapiga zile nili piga. Then, tukarudi palimta, ukisha tukamani ni kamaiso lazima.","So, tukapiga yora niye tu, ya 20 kilometraza, awa kapiga 20, mi ni kapiga zile nili piga. Then, tukarudi palimta, ukisha tukamani ni kamaiso lazima.",/home/ray/Desktop/mkuru/dataset/segmented/gn3q-QJO2cw_Kenya_s_Super_Athletes____Mk/gn3q-QJO2cw_Kenya_s_Super_Athletes____Mk_00052.wav,gn3q-QJO2cw_Kenya_s_Super_Athletes____Mk
sheng_rev_0272,gn3q-QJO2cw_Kenya_s_Super_Athletes____Mk_00053.wav,11.55,"Ustetch stetch misuli ki dogo, adawa isu toku wa kwa tabu saan na wewe the following day. So toke ingi aftanun pali mayoga ni, e mna piga mayoga apo, ane kama musici zingine apo.","Ustetch stetch misuli ki dogo, adawa isu toku wa kwa tabu saan na wewe the following day. So toke ingi aftanun pali mayoga ni ni ni, e mna piga mayoga apo, ane kama musici zingine apo.",/home/ray/Desktop/mkuru/dataset/segmented/gn3q-QJO2cw_Kenya_s_Super_Athletes____Mk/gn3q-QJO2cw_Kenya_s_Super_Athletes____Mk_00053.wav,gn3q-QJO2cw_Kenya_s_Super_Athletes____Mk
sheng_rev_0273,gn3q-QJO2cw_Kenya_s_Super_Athletes____Mk_00054.wav,12.93,Akuna beats nima video tuzuna liyan din,Akuna beats nima video tuzuna liyan din din din din din din din din din din din din din din din din din din din din din din din din din din din din din din din din din din din din din din din din din din din din din din din din din din din din din din din din din din din din din din din din din din din din din din din din din din din din din din din din din din din din din din din din din din din din din din din din din din din din din din din din din din din din din din din din din din din din din din din din din din din din din din din din din din din din din din din din din din din din din din din din din din din din din din din din din din din din din din din din din din din din din din din din din din din din din din din din din din din din din din din din din din din din din din din din din din din din din din din din din din din din din din din din din din din din,/home/ray/Desktop/mkuru/dataset/segmented/gn3q-QJO2cw_Kenya_s_Super_Athletes____Mk/gn3q-QJO2cw_Kenya_s_Super_Athletes____Mk_00054.wav,gn3q-QJO2cw_Kenya_s_Super_Athletes____Mk
sheng_rev_0274,gn3q-QJO2cw_Kenya_s_Super_Athletes____Mk_00055.wav,13.37,"Watu wa kule sasawa hindi wa pumuzik. Again, wale maatili tuitu kutoka kenya, hani wa tuku na aasatene type of food wa mezo ya kukula. Uki henda uku wanzeku wa patiya, sidwee cheese na sidwee...","Watu wa kule sasawa hindi wa pumuzik. Again, wale maatili tuitu kutoka kenya, hani wa tuku na aasatene type of food wa mezo ya kukula. Uki henda uku wanzeku wa patiya, sidwee cheese na sidwee...",/home/ray/Desktop/mkuru/dataset/segmented/gn3q-QJO2cw_Kenya_s_Super_Athletes____Mk/gn3q-QJO2cw_Kenya_s_Super_Athletes____Mk_00055.wav,gn3q-QJO2cw_Kenya_s_Super_Athletes____Mk
sheng_rev_0275,gn3q-QJO2cw_Kenya_s_Super_Athletes____Mk_00056.wav,12.83,"Nivo, umeliza. So hama jamao nitu kagapo amediyami. wakona.","Nivo, umeliza. So hama jamao nitu kagapo amediyami. wakona wakona wakona wakona wakona wakona wakona wakona wakona wakona wakona wakona wakona wakona wakona wakona wakona wakona wakona wakona.",/home/ray/Desktop/mkuru/dataset/segmented/gn3q-QJO2cw_Kenya_s_Super_Athletes____Mk/gn3q-QJO2cw_Kenya_s_Super_Athletes____Mk_00056.wav,gn3q-QJO2cw_Kenya_s_Super_Athletes____Mk
sheng_rev_0276,gn3q-QJO2cw_Kenya_s_Super_Athletes____Mk_00057.wav,11.63,"So paleduna ingiyatuna pata eh, niku nye spinning palen, niku pika tu utuna pika masembeze tu apu nini, kumenaka na nini paleduna fanya mamboitu, eh, then tuna enda tuna dishi.","So paleduna ingiyatuna pata eh, niku nye spinning palen, niku pika tu utuna pika masembeze tu apu nini nini, kumenaka na nini paleduna fanya mamboitu, eh, then tuna enda tuna dishi.",/home/ray/Desktop/mkuru/dataset/segmented/gn3q-QJO2cw_Kenya_s_Super_Athletes____Mk/gn3q-QJO2cw_Kenya_s_Super_Athletes____Mk_00057.wav,gn3q-QJO2cw_Kenya_s_Super_Athletes____Mk
sheng_rev_0277,gn3q-QJO2cw_Kenya_s_Super_Athletes____Mk_00058.wav,13.85,"Tuxa Dishi. Sinikwenda Kutuliye Sasa. The following day, tuna piga activities ingine. So yo siku hi kaisha. The following day, tuka piga half day. So siku hi liyanzana breakfast kama kawahida.","Tuxa Dishi. Sinikwenda Kutuliye Sasa. The following day, tuna piga activities ingine. So yo siku hi kaisha. The following day, tuka piga half day. So siku hi liyanzana breakfast kama kawahida.",/home/ray/Desktop/mkuru/dataset/segmented/gn3q-QJO2cw_Kenya_s_Super_Athletes____Mk/gn3q-QJO2cw_Kenya_s_Super_Athletes____Mk_00058.wav,gn3q-QJO2cw_Kenya_s_Super_Athletes____Mk
sheng_rev_0278,gn3q-QJO2cw_Kenya_s_Super_Athletes____Mk_00060.wav,10.15,"Na kuna kwa gana race bigia pwene toa CLZ NAL race, ina kwa gataari. So aw mabu yuwe tu, nazima kwanzao angibrifi yuwa jo yuwa Upcoming Race, which is 2 days from EC kuhu.","Na kuna kwa gana race bigia pwene toa CLZ NAL race, ina kwa gataari. So aw mabu yuwe tu, nazima kwanzao angibrifi yuwa jo yuwa Upcoming Race, which is 2 days from EC kuhu.",/home/ray/Desktop/mkuru/dataset/segmented/gn3q-QJO2cw_Kenya_s_Super_Athletes____Mk/gn3q-QJO2cw_Kenya_s_Super_Athletes____Mk_00060.wav,gn3q-QJO2cw_Kenya_s_Super_Athletes____Mk
sheng_rev_0279,gn3q-QJO2cw_Kenya_s_Super_Athletes____Mk_00061.wav,12.55,"Eee so waka ungele sho apo na Tomas apo, nia yun dena kogabusi palia na elewa imambu yambi umbali. Dena after apo tuka ingia zoezi tena. Mina kumbi uko zoezi nidei li.","Eee so waka ungele sho ungele sho apo na Tomas apo, nia yun dena kogabusi palia na elewa imambu yambi umbali. Dena after apo tuka ingia zoezi tena. Mina kumbi uko zoezi nidei li.",/home/ray/Desktop/mkuru/dataset/segmented/gn3q-QJO2cw_Kenya_s_Super_Athletes____Mk/gn3q-QJO2cw_Kenya_s_Super_Athletes____Mk_00061.wav,gn3q-QJO2cw_Kenya_s_Super_Athletes____Mk
sheng_rev_0280,gn3q-QJO2cw_Kenya_s_Super_Athletes____Mk_00063.wav,11.89,Una sprint. Ii inaku nini endurance na speed. Bilei zimi lima ziko wame pigama zigzag. Kwa izo mi lima?,Una sprint. Ii inaku nini endurance na speed. Bilei zimi lima ziko wame pigama zigzag. Kwa izo mi lima?,/home/ray/Desktop/mkuru/dataset/segmented/gn3q-QJO2cw_Kenya_s_Super_Athletes____Mk/gn3q-QJO2cw_Kenya_s_Super_Athletes____Mk_00063.wav,gn3q-QJO2cw_Kenya_s_Super_Athletes____Mk
sheng_rev_0281,gn3q-QJO2cw_Kenya_s_Super_Athletes____Mk_00064.wav,12.81,"Una tokam biyoju, waa full speed. Then ingine, una shuka ok relax pole. Then, rrrrrrrrrrrrrrrrrrrrrrrrrrrrrrrrrrrrrrrrrrrrrrrrrrrrrrrrrrrrrrrrrrrrrrrrrrrrrrrrrrrrrrrrrrrrrrrrrrrrrrrrrrrrrrrrrrrrrrrrrrrrrrrrrrrrrrrrrrrrrrrrrrrrrrrrrrrrrrrrrrrrrrrrrrrrrrrrrrrrrrrrrrrrrrrrrrrrrrrrrrrrrrrrrrrrrrrrrrrrrrrrrrrrrrrrrrrrrrrrrrrrrrrrrrrrrrrrrrrrrrrrrrrrrrrrrrrrrrrrrrrrrrrrrrrrrrrrrrrrrrrrrrrrrrrrrrrrrrrrrrrrrrrrrrrrrrrrrrrrrrrrrrrrrrrrrrrrrrrrrrrrrrrrrrrrrrrrrrrrrrrrrrrrrrrrrrrrrrrrrrrrrrrrrrrrrrrrrrrrrrrrrrrrrrrrrrrrrrrrr","Una tokam biyoju, waa full speed. Then ingine, una shuka ok relax pole pole pole pole pole pole. Then, rrrrrrrrrrrrrrrrrrrrrrrrrrrrrrrrrrrrrrrrrrrrrrrrrrrrrrrrrrrrrrrrrrrrrrrrrrrrrrrrrrrrrrrrrrrrrrrrrrrrrrrrrrrrrrrrrrrrrrrrrrrrrrrrrrrrrrrrrrrrrrrrrrrrrrrrrrrrrrrrrrrrrrrrrrrrrrrrrrrrrrrrrrrrrrrrrrrrrrrrrrrrrrrrrrrrrrrrrrrrrrrrrrrrrrrrrrrrrrrrrrrrrrrrrrrrrrrrrrrrrrrrrrrrrrrrrrrrrrrrrrrrrrrrrrrrrrrrrrrrrrrrrrrrrrrrrrrrrrrrrrrrrrrrrrrrrrrrrrrrrrrrrrrrrrrrrrrrrrrrrrrrrrrrrrrrrrrrrrrrrrrrrrrrrrrrrrrrrrrrrrrrrrrrrrrrrrrrrrrrrrrrrrrrrrrrrrrrrrrrr",/home/ray/Desktop/mkuru/dataset/segmented/gn3q-QJO2cw_Kenya_s_Super_Athletes____Mk/gn3q-QJO2cw_Kenya_s_Super_Athletes____Mk_00064.wav,gn3q-QJO2cw_Kenya_s_Super_Athletes____Mk
sheng_rev_0282,gn3q-QJO2cw_Kenya_s_Super_Athletes____Mk_00065.wav,11.24,"Kupigeizo 1, 2, 3 iyoni 1 round. Unafa wupige as many rounds as possible in 10 minutes.","Kupigeizo 1, 2, 3 iyoni 1 round. Unafa wupige as many rounds as possible in 10 minutes.",/home/ray/Desktop/mkuru/dataset/segmented/gn3q-QJO2cw_Kenya_s_Super_Athletes____Mk/gn3q-QJO2cw_Kenya_s_Super_Athletes____Mk_00065.wav,gn3q-QJO2cw_Kenya_s_Super_Athletes____Mk
sheng_rev_0283,gn3q-QJO2cw_Kenya_s_Super_Athletes____Mk_00066.wav,6.77,"Niki kwa mbibu inakagitu raezias, ini ten minutes too.","Niki kwa mbibu inakagitu raezias, ini ten minutes too.",/home/ray/Desktop/mkuru/dataset/segmented/gn3q-QJO2cw_Kenya_s_Super_Athletes____Mk/gn3q-QJO2cw_Kenya_s_Super_Athletes____Mk_00066.wav,gn3q-QJO2cw_Kenya_s_Super_Athletes____Mk
sheng_rev_0284,gn3q-QJO2cw_Kenya_s_Super_Athletes____Mk_00068.wav,12.53,"Eniwe, tukapigahilu wakiyatu, tukamaliza, ikakwa sasa idai mefika, kila mutu hende akule shawa, kama mutu aneza umahuma kitua ume, tuni hengi akuma gare, sasa tunataka kutoka yo Ostria, tupige safari.","Eniwe, tukapigahilu wakiyatu, tukamaliza, ikakwa sasa idai mefika, kila mutu hende akule shawa, kama mutu aneza umahuma kitua ume, tuni hengi akuma gare, sasa tunataka kutoka yo Ostria, tupige safari.",/home/ray/Desktop/mkuru/dataset/segmented/gn3q-QJO2cw_Kenya_s_Super_Athletes____Mk/gn3q-QJO2cw_Kenya_s_Super_Athletes____Mk_00068.wav,gn3q-QJO2cw_Kenya_s_Super_Athletes____Mk
sheng_rev_0285,gn3q-QJO2cw_Kenya_s_Super_Athletes____Mk_00069.wav,13.85,"Ya 10 hours by road. Kuru diwapi, Switzerland. Malipanitwa, C.A.R. So tuka hengia kwa magaharim tiyangu. Sasa niku katabara-bara. Toka yo village yakals pita out through liens.","Ya 10 hours by road. Kuru diwapi, Switzerland. Malipanitwa, C.A.R. So tuka hengia kwa magaharim tiyangu. Sasa niku katabara-bara. Toka yo village yakals pita out through liens.",/home/ray/Desktop/mkuru/dataset/segmented/gn3q-QJO2cw_Kenya_s_Super_Athletes____Mk/gn3q-QJO2cw_Kenya_s_Super_Athletes____Mk_00069.wav,gn3q-QJO2cw_Kenya_s_Super_Athletes____Mk
sheng_rev_0286,gn3q-QJO2cw_Kenya_s_Super_Athletes____Mk_00070.wav,13.02,Einda. Fika kwa boda austria na itali. Hachana na austria ingia itali. Piga masakibawa po. Einda mbakaro ili sitiawe ni tu milan. Pita milan. Einda.,Einda. Fika kwa boda austria na itali. Hachana na austria ingia itali. Piga masakibawa po. Einda mbakaro ili sitiawe ni tu milan. Pita milan. Einda.,/home/ray/Desktop/mkuru/dataset/segmented/gn3q-QJO2cw_Kenya_s_Super_Athletes____Mk/gn3q-QJO2cw_Kenya_s_Super_Athletes____Mk_00070.wav,gn3q-QJO2cw_Kenya_s_Super_Athletes____Mk
sheng_rev_0287,gn3q-QJO2cw_Kenya_s_Super_Athletes____Mk_00071.wav,11.47,Malizana na itali. Uko karibuna kuna leki aflani na itwa something major animesa hau. Uksya pita kidogo sasa una Malizana na itali. Una hengia. Suitsala.,Malizana na itali. Uko karibuna kuna leki aflani na itwa something major animesa hau. Uksya pita kidogo sasa una Malizana na itali. Una hengia. Suitsala.,/home/ray/Desktop/mkuru/dataset/segmented/gn3q-QJO2cw_Kenya_s_Super_Athletes____Mk/gn3q-QJO2cw_Kenya_s_Super_Athletes____Mk_00071.wav,gn3q-QJO2cw_Kenya_s_Super_Athletes____Mk
sheng_rev_0288,gn3q-QJO2cw_Kenya_s_Super_Athletes____Mk_00074.wav,13.2,"Maka kukobarabara ono awetuzinal maze pichiake kukobarabara. Unum kenyatuflani wa apa nyamira. Eni, yei alia patatua kona talentu yambi wa kanza kukimbia. Sayi Europe niwa wa namdi.","Maka kukobarabara ono awetuzinal maze pichiake kukobarabara. Unum kenyatuflani wa apa nyamira. Eni, yei alia patatua kona talentu yambi wa kanza kukimbia. Sayi Europe niwa wa namdi.",/home/ray/Desktop/mkuru/dataset/segmented/gn3q-QJO2cw_Kenya_s_Super_Athletes____Mk/gn3q-QJO2cw_Kenya_s_Super_Athletes____Mk_00074.wav,gn3q-QJO2cw_Kenya_s_Super_Athletes____Mk
sheng_rev_0289,gn3q-QJO2cw_Kenya_s_Super_Athletes____Mk_00075.wav,13.8,"Nye ma zeya ni. So tukanda tukafika zinal, yo by the time tu nafika ilikuwa ni Thas de Ussiku. Friday ilikuwa na activities. Eee, so lazima wa tuwa nge rest ni tuwa Friday tuwa miki e activity.","Nye ma zeya ni. So tukanda tukafika zinal, yo by the time tu nafika ilikuwa ni Thas de Ussiku. Friday ilikuwa na activities. Eee, so lazima wa tuwa nge rest ni nini ni tuwa Friday tuwa miki e activity.",/home/ray/Desktop/mkuru/dataset/segmented/gn3q-QJO2cw_Kenya_s_Super_Athletes____Mk/gn3q-QJO2cw_Kenya_s_Super_Athletes____Mk_00075.wav,gn3q-QJO2cw_Kenya_s_Super_Athletes____Mk
sheng_rev_0290,gn3q-QJO2cw_Kenya_s_Super_Athletes____Mk_00076.wav,13.68,"So Friday, after breakfast activity at Kwanzaa, ilikuwa ni ka interview. Awa sewa na pegagwa ma interviews ni before race, una filage, ukuna plans gani re.","So Friday, after breakfast activity at Kwanzaa, ilikuwa ni ka interview. Awa sewa na pegagwa ma interviews ni ni before race, una filage, ukuna plans gani re.",/home/ray/Desktop/mkuru/dataset/segmented/gn3q-QJO2cw_Kenya_s_Super_Athletes____Mk/gn3q-QJO2cw_Kenya_s_Super_Athletes____Mk_00076.wav,gn3q-QJO2cw_Kenya_s_Super_Athletes____Mk
sheng_rev_0291,gn3q-QJO2cw_Kenya_s_Super_Athletes____Mk_00078.wav,8.34,"So, yo kitu sayiwal dina ta kwi kaliya deadly, so, before every rest lasima kukuna semina anti-doping, na! Randomly!","So, yo kitu sayiwal dina ta kwi kaliya deadly, so, before every rest lasima kukuna semina anti-doping, na! Randomly!",/home/ray/Desktop/mkuru/dataset/segmented/gn3q-QJO2cw_Kenya_s_Super_Athletes____Mk/gn3q-QJO2cw_Kenya_s_Super_Athletes____Mk_00078.wav,gn3q-QJO2cw_Kenya_s_Super_Athletes____Mk
sheng_rev_0292,gn3q-QJO2cw_Kenya_s_Super_Athletes____Mk_00079.wav,12.0,"Kunatuma ofisa wa anti doping wa na toke aga randomili, muna chukuli wa tuni athili, kujeni, apa nyinyu wa nye muna kimia, kujya, kujen, ende, susu, fasta, wa na kota samples, ende na pimoa, randomili.","Kunatuma ofisa wa anti doping wa na toke aga randomili, muna chukuli wa tuni athili, kujeni, kujeni, apa nyinyu wa nye muna kimia, kujya, kujen, ende, susu, fasta, wa na kota samples, ende na pimoa, randomili.",/home/ray/Desktop/mkuru/dataset/segmented/gn3q-QJO2cw_Kenya_s_Super_Athletes____Mk/gn3q-QJO2cw_Kenya_s_Super_Athletes____Mk_00079.wav,gn3q-QJO2cw_Kenya_s_Super_Athletes____Mk
sheng_rev_0293,gn3q-QJO2cw_Kenya_s_Super_Athletes____Mk_00080.wav,12.76,"Endiwa wa traiku kabi storia ni. So anyway, at litwetwa wakapiga seminawewa wa anti-doping bifiti, then wakatoka. After anti-doping, kuli kuna wa toiwa me kam, kuna master.","Endiwa wa traiku kabi storia ni ni. So anyway, at litwetwa wakapiga seminawewa wa anti-doping bifiti, then wakatoka. After anti-doping, kuli kuna wa toiwa me kam, kuna master.",/home/ray/Desktop/mkuru/dataset/segmented/gn3q-QJO2cw_Kenya_s_Super_Athletes____Mk/gn3q-QJO2cw_Kenya_s_Super_Athletes____Mk_00080.wav,gn3q-QJO2cw_Kenya_s_Super_Athletes____Mk
sheng_rev_0294,gn3q-QJO2cw_Kenya_s_Super_Athletes____Mk_00081.wav,8.52,"Watotu wa Zungu, Wame Toka, Makua, Wame Letru, Nawazazi, Wakujiwa One Masta, Filemoon, Patrick.","Watotu wa Zungu, Wame Toka, Makua, Wame Letru, Nawazazi, Wakujiwa One Masta, Filemoon, Patrick.",/home/ray/Desktop/mkuru/dataset/segmented/gn3q-QJO2cw_Kenya_s_Super_Athletes____Mk/gn3q-QJO2cw_Kenya_s_Super_Athletes____Mk_00081.wav,gn3q-QJO2cw_Kenya_s_Super_Athletes____Mk
sheng_rev_0295,gn3q-QJO2cw_Kenya_s_Super_Athletes____Mk_00082.wav,10.58,"Eh saholi awase watua Kenyansuaran pigeza wa nimasta wuko. Watu yo na kam mazewe wa na itisha maotografu ko nini, akinafilemon wakam wakupiga nao.","Eh saholi awase watua Kenyansuaran pigeza wa nimasta wuko. Watu yo na kam mazewe wa na itisha maotografu ko nini, akinafilemon wakam wakupiga nao.",/home/ray/Desktop/mkuru/dataset/segmented/gn3q-QJO2cw_Kenya_s_Super_Athletes____Mk/gn3q-QJO2cw_Kenya_s_Super_Athletes____Mk_00082.wav,gn3q-QJO2cw_Kenya_s_Super_Athletes____Mk
sheng_rev_0296,gn3q-QJO2cw_Kenya_s_Super_Athletes____Mk_00083.wav,12.18,"Zwezi, Mbiyo ki asti apo, uno na biliwato yo ame furai, jo anas kia fiti. Nasi no maze kwa nitu kodunia, gani wa lai. Ase niwa, ase niya tari.","Zwezi, Zwezi, Mbiyo, Mbiyo ki asti apo, uno na biliwato yo ame furai, jo anas kia fiti. Nasi no maze kwa nitu kodunia, gani wa lai. Ase niwa, ase niya tari.",/home/ray/Desktop/mkuru/dataset/segmented/gn3q-QJO2cw_Kenya_s_Super_Athletes____Mk/gn3q-QJO2cw_Kenya_s_Super_Athletes____Mk_00083.wav,gn3q-QJO2cw_Kenya_s_Super_Athletes____Mk
sheng_rev_0297,gn3q-QJO2cw_Kenya_s_Super_Athletes____Mk_00084.wav,13.47,"Yani, uazia yata piga story dek kambili na filemon. Asha rufi wibutu, hey, filemon, can I have a photograph? Ile maisha naisingia pa Kenyan diyo filemon naisi Europe. Hey, weh.","Yani, uazia yata piga story dek kambili na filemon. Asha rufi wibutu, hey, filemon, can I have a photograph? Ile maisha naisingia pa Kenyan diyo filemon na naisi Europe. Hey, weh.",/home/ray/Desktop/mkuru/dataset/segmented/gn3q-QJO2cw_Kenya_s_Super_Athletes____Mk/gn3q-QJO2cw_Kenya_s_Super_Athletes____Mk_00084.wav,gn3q-QJO2cw_Kenya_s_Super_Athletes____Mk
sheng_rev_0298,gn3q-QJO2cw_Kenya_s_Super_Athletes____Mk_00085.wav,13.6,"Enimi, wakafanya mambo na watoto wakaskia fiti, dey ni kakwa sasa tu nanda the next order of business amba ili kuwa the official unveiling of the athletes palesiaire city na kuhu patiwa ni, they are big numbers.","Enimi, wakafanya mambo na watoto, watoto wakaskia fiti, dey ni kakwa sasa tu nanda the next order of business amba ili kuwa the official unveiling of the athletes palesiaire city na kuhu patiwa ni ni, they are big numbers.",/home/ray/Desktop/mkuru/dataset/segmented/gn3q-QJO2cw_Kenya_s_Super_Athletes____Mk/gn3q-QJO2cw_Kenya_s_Super_Athletes____Mk_00085.wav,gn3q-QJO2cw_Kenya_s_Super_Athletes____Mk
sheng_rev_0299,gn3q-QJO2cw_Kenya_s_Super_Athletes____Mk_00086.wav,12.1,"Iyo nihafla. Wana enda ta'o uko kwa ta'o yi mefungwa street. Wama set up stage uko. Athletes wana ituobana, wana kuja kila mtuna bendera kipeperusha.","Iyo nihafla. Wana enda ta'o uko kwa ta'o yi mefungwa street. Wama set up stage uko. Athletes wana ituobana, wana kuja kila mtuna bendera kipeperusha.",/home/ray/Desktop/mkuru/dataset/segmented/gn3q-QJO2cw_Kenya_s_Super_Athletes____Mk/gn3q-QJO2cw_Kenya_s_Super_Athletes____Mk_00086.wav,gn3q-QJO2cw_Kenya_s_Super_Athletes____Mk
sheng_rev_0300,gn3q-QJO2cw_Kenya_s_Super_Athletes____Mk_00087.wav,12.17,"Ana nda palikwa stage maze utawina piga nuru ko deadly, denu na patiwa nambayako, bib nambayako ya kukimbi ya kesho. Eyi! Mili kwa na unaiki tukamuvi walae. Eyi, itu na nili gudu better.","Ana nda palikwa stage maze utawina piga nuru ko deadly, denu na patiwa nambayako, bib nambayako ya kukimbi ya kesho. Eyi! Mili kwa na unaiki tukamuvi walae. Eyi, itu na nili gudu better.",/home/ray/Desktop/mkuru/dataset/segmented/gn3q-QJO2cw_Kenya_s_Super_Athletes____Mk/gn3q-QJO2cw_Kenya_s_Super_Athletes____Mk_00087.wav,gn3q-QJO2cw_Kenya_s_Super_Athletes____Mk
sheng_rev_0301,gn3q-QJO2cw_Kenya_s_Super_Athletes____Mk_00088.wav,12.57,"Ah, we need to do better. At what you think, ya wa tukama master. Na wa seni master. Eh, we imagine when you talk globally. Globerly. Na tu na pite na tu na ekwa streetapa, ya ni yata atushuguli kiaapa.","Ah, we need to do better. At what you think, ya wa tukama master. Na wa seni master. Eh, we imagine when you talk globally. Globerly. Na tu na pite na tu na ekwa streetapa, ya ni yata atushuguli kiaapa.",/home/ray/Desktop/mkuru/dataset/segmented/gn3q-QJO2cw_Kenya_s_Super_Athletes____Mk/gn3q-QJO2cw_Kenya_s_Super_Athletes____Mk_00088.wav,gn3q-QJO2cw_Kenya_s_Super_Athletes____Mk
sheng_rev_0302,gn3q-QJO2cw_Kenya_s_Super_Athletes____Mk_00089.wav,12.9,"So, after the official unveiling of the athletes, tuka chukwa ma Superstar Wetu, tuka Rudinao, kutoka apasir, chinikwa vali, back to the heel tuko zinal. Waende wa lale, sababu, the following day.","So, after the official unveiling of the athletes, tuka chukwa ma Superstar Wetu, tuka Rudinao, kutoka apasir, chinikwa vali, back to the heel tuko zinal. Waende wa lale, sababu, the following day.",/home/ray/Desktop/mkuru/dataset/segmented/gn3q-QJO2cw_Kenya_s_Super_Athletes____Mk/gn3q-QJO2cw_Kenya_s_Super_Athletes____Mk_00089.wav,gn3q-QJO2cw_Kenya_s_Super_Athletes____Mk
sheng_rev_0303,gn3q-QJO2cw_Kenya_s_Super_Athletes____Mk_00090.wav,13.67,"Saturday, 8th of August, was a big day. Pale vidyana wali kuwana kibarua bana. Wanataka kuminyana na yom lima yasi yersinal. Kilometre 31, 2,000 meters elevation. Mtu yungu.","Saturday, 8th of August, was a big day. Pale vidyana wali kuwana kibarua bana. Wanataka kuminyana na yom lima yasi yersinal. Kilometre 31, 2,000 meters elevation. Mtu yungu.",/home/ray/Desktop/mkuru/dataset/segmented/gn3q-QJO2cw_Kenya_s_Super_Athletes____Mk/gn3q-QJO2cw_Kenya_s_Super_Athletes____Mk_00090.wav,gn3q-QJO2cw_Kenya_s_Super_Athletes____Mk
sheng_rev_0304,gn3q-QJO2cw_Kenya_s_Super_Athletes____Mk_00093.wav,9.58,"So, after breakfast, wakapigwa mawa hida zamusho-musho pale, to interviews do-go-to-do-go apo, then wakanda wakenge kwa, the official bust.","So, after breakfast, wakapigwa mawa hida zamusho-musho pale, to interviews do-do-go-to-do-go apo, then wakanda wakenge kwa, the official bust.",/home/ray/Desktop/mkuru/dataset/segmented/gn3q-QJO2cw_Kenya_s_Super_Athletes____Mk/gn3q-QJO2cw_Kenya_s_Super_Athletes____Mk_00093.wav,gn3q-QJO2cw_Kenya_s_Super_Athletes____Mk
sheng_rev_0305,gn3q-QJO2cw_Kenya_s_Super_Athletes____Mk_00094.wav,13.15,"Kwa shuki shatena kutoka zinalm back to sea air, sababa starting point nisi air, munapanda zinalm. Wakanda waka fikishu a place, wasewa gawana, wana party opportunity a kupigat warm-ups, nininini uko.","Kwa shuki shatena kutoka zinalm back to sea air, sababa starting point nisi air, munapanda zinalm. Wakanda waka fikishu a place, wasewa gawana, wana party opportunity a kupigat warm-ups, nininini uko.",/home/ray/Desktop/mkuru/dataset/segmented/gn3q-QJO2cw_Kenya_s_Super_Athletes____Mk/gn3q-QJO2cw_Kenya_s_Super_Athletes____Mk_00094.wav,gn3q-QJO2cw_Kenya_s_Super_Athletes____Mk
sheng_rev_0306,gn3q-QJO2cw_Kenya_s_Super_Athletes____Mk_00095.wav,10.17,"Tukenda tukawa kuta uko tena, yukwe inkareji tuwa panapale, Tomas pale kochare, anangali akakila kituwa ikusawa, wakonama vest flani apa.","Tukenda tukawa kuta uko tena, yukwe inkareji tuwa panapale, Tomas pale kochare, anangali akakila kituwa ikusawa, wakonama vest flani apa.",/home/ray/Desktop/mkuru/dataset/segmented/gn3q-QJO2cw_Kenya_s_Super_Athletes____Mk/gn3q-QJO2cw_Kenya_s_Super_Athletes____Mk_00095.wav,gn3q-QJO2cw_Kenya_s_Super_Athletes____Mk
sheng_rev_0307,gn3q-QJO2cw_Kenya_s_Super_Athletes____Mk_00097.wav,12.24,Madem waka nda starting line up. Ruth nda Miriam waka ingia palik. 1030 gap yaw hika hanza. Maboi waka migo wa tulie 30 minutes later at 11 ndio maboi wana.,Madem waka nda starting line up. Ruth nda Miriam waka ingia palik. 1030 gap yaw hika hanza. Maboi waka migo wa tulie 30 minutes later at 11 ndio maboi wana.,/home/ray/Desktop/mkuru/dataset/segmented/gn3q-QJO2cw_Kenya_s_Super_Athletes____Mk/gn3q-QJO2cw_Kenya_s_Super_Athletes____Mk_00097.wav,gn3q-QJO2cw_Kenya_s_Super_Athletes____Mk
sheng_rev_0308,gn3q-QJO2cw_Kenya_s_Super_Athletes____Mk_00098.wav,13.24,"So, ako palitu wa na piga ma stretch za wa ma warm up nini. Sa minute to 11 ma boy, baka ingi ya kwa starting line up sa asa. Starting point. 11 sharp bunduki. Baah!","So, ako palitu wa na piga piga ma stretch za wa ma warm up nini nini. Sa minute to 11 ma boy, baka ingi ya kwa starting line up sa asa. Starting point. 11 sharp bunduki. Baah!",/home/ray/Desktop/mkuru/dataset/segmented/gn3q-QJO2cw_Kenya_s_Super_Athletes____Mk/gn3q-QJO2cw_Kenya_s_Super_Athletes____Mk_00098.wav,gn3q-QJO2cw_Kenya_s_Super_Athletes____Mk
sheng_rev_0309,gn3q-QJO2cw_Kenya_s_Super_Athletes____Mk_00099.wav,12.56,"Wasend your home. Mahandze 6,500 athletes. Kuna boiwa kisi, kuna boiwa narok, na kuna boiwa na kuru. Wote wana takaita.","Wasend your home. Mahandze 6,500 athletes. Kuna boiwa kisi, kuna boiwa narok, na kuna boiwa na kuru. Wote wana takaita.",/home/ray/Desktop/mkuru/dataset/segmented/gn3q-QJO2cw_Kenya_s_Super_Athletes____Mk/gn3q-QJO2cw_Kenya_s_Super_Athletes____Mk_00099.wav,gn3q-QJO2cw_Kenya_s_Super_Athletes____Mk
sheng_rev_0310,gn3q-QJO2cw_Kenya_s_Super_Athletes____Mk_00100.wav,12.25,Six thousand five hundred athletes from all over the world.,Six thousand five hundred athletes from all over the world.,/home/ray/Desktop/mkuru/dataset/segmented/gn3q-QJO2cw_Kenya_s_Super_Athletes____Mk/gn3q-QJO2cw_Kenya_s_Super_Athletes____Mk_00100.wav,gn3q-QJO2cw_Kenya_s_Super_Athletes____Mk
sheng_rev_0311,gn3q-QJO2cw_Kenya_s_Super_Athletes____Mk_00102.wav,12.77,Rudi kuchuku agari 22 angoje kwadhe 2 kilometa mak tuge celewakidogo tuge patawali siya pita. Aso anata mwa toka risa nbio ingina ya risaasi. So ili bidi tu toke kablayo risaasi hibigwe.,Rudi kuchuku agari 22 angoje kwadhe 2 kilometa mak tuge celewakidogo tuge patawali siya pita. Aso anata mwa toka risa nbio ingina ya risaasi. So ili bidi tu toke kablayo risaasi hibigwe.,/home/ray/Desktop/mkuru/dataset/segmented/gn3q-QJO2cw_Kenya_s_Super_Athletes____Mk/gn3q-QJO2cw_Kenya_s_Super_Athletes____Mk_00102.wav,gn3q-QJO2cw_Kenya_s_Super_Athletes____Mk
sheng_rev_0312,gn3q-QJO2cw_Kenya_s_Super_Athletes____Mk_00103.wav,13.19,"Tu jukwe gari, 22a ondo jewapi, the 2 kilometer mark. So tu kafkapale 2 kilometers, tu kambi wa kukaribu, kama some 7 to 8 minutes away wanakam. So tu katu tegea apu kido gondyutwone...","Tu jukwe gari, 22a ondo jewapi, the 2 kilometer mark. So tu kafkapale 2 kilometers, tu kambi wa kukaribu, kama some 7 to 8 minutes away wanakam. So tu katu tegea apu kido kido gondyutwone...",/home/ray/Desktop/mkuru/dataset/segmented/gn3q-QJO2cw_Kenya_s_Super_Athletes____Mk/gn3q-QJO2cw_Kenya_s_Super_Athletes____Mk_00103.wav,gn3q-QJO2cw_Kenya_s_Super_Athletes____Mk
sheng_rev_0313,gn3q-QJO2cw_Kenya_s_Super_Athletes____Mk_00104.wav,13.78,"Laina pimejipanga haji ono jwe saia tujuwi, atuja pata bado live feed, so atujuwi kuma ena jizu kilomita sa kwanza mbili. Then kido go, mabu weitrundi wao, hei, tukawana. I think he li kwa gani.","Laina pimejipanga haji ono jwe saia tujuwi, atuja pata bado live feed, so atujuwi kuma ena jizu kilomita sa kwanza mbili. Then kido kido go, mabu weitrundi wao, hei, tukawana. I think he li kwa gani.",/home/ray/Desktop/mkuru/dataset/segmented/gn3q-QJO2cw_Kenya_s_Super_Athletes____Mk/gn3q-QJO2cw_Kenya_s_Super_Athletes____Mk_00104.wav,gn3q-QJO2cw_Kenya_s_Super_Athletes____Mk
sheng_rev_0314,gn3q-QJO2cw_Kenya_s_Super_Athletes____Mk_00105.wav,13.95,"Tato, top 3 wa willi wa li kwa weitu. Filemon na eza patrika ma nani, eza kipnienu ama atuia. So wakapita yu kilometer.","Tato, top 3 wa willi wa li kwa weitu. Filemon na eza patrika ma nani, eza kipnienu ama atuia. So wakapita, wakapita yu kilometer.",/home/ray/Desktop/mkuru/dataset/segmented/gn3q-QJO2cw_Kenya_s_Super_Athletes____Mk/gn3q-QJO2cw_Kenya_s_Super_Athletes____Mk_00105.wav,gn3q-QJO2cw_Kenya_s_Super_Athletes____Mk
sheng_rev_0315,gn3q-QJO2cw_Kenya_s_Super_Athletes____Mk_00106.wav,13.3,"Na pili, tuka-tuka, take a, tena kumagari mpiyu ni kupanda milima, baka the 12 kilometer mark. Sasa aztuna panda-panda, somehow tuka-kam tuka pata signal, yu lai yufidi ya-ya raise.","Na pili, tuka-tuka, take a, tena kumagari mpiyu ni kupanda milima, kupanda milima, kupanda milima, baka the 12 kilometer mark. Sasa aztuna panda-panda, somehow tuka-kam tuka pata signal, yu lai yufidi ya-ya raise.",/home/ray/Desktop/mkuru/dataset/segmented/gn3q-QJO2cw_Kenya_s_Super_Athletes____Mk/gn3q-QJO2cw_Kenya_s_Super_Athletes____Mk_00106.wav,gn3q-QJO2cw_Kenya_s_Super_Athletes____Mk
sheng_rev_0316,gn3q-QJO2cw_Kenya_s_Super_Athletes____Mk_00107.wav,11.9,Manze tu naingi ya wakoka kilometa ya tanu sita. Manze mitu wakomele ni mzungu jo jamaflani wabrito. Na mehenda ako peke ake. Then wakona apflani inaku onyesha.,Manze tu naingi ya wakoka kilometa ya tanu sita. Manze mitu wakomele ni mzungu jo jamaflani wabrito. Na mehenda ako peke ake. Then wakona apflani inaku onyesha.,/home/ray/Desktop/mkuru/dataset/segmented/gn3q-QJO2cw_Kenya_s_Super_Athletes____Mk/gn3q-QJO2cw_Kenya_s_Super_Athletes____Mk_00107.wav,gn3q-QJO2cw_Kenya_s_Super_Athletes____Mk
sheng_rev_0317,gn3q-QJO2cw_Kenya_s_Super_Athletes____Mk_00108.wav,10.55,"Umse akumbele, mone na mufuata, ame wa chona distansi na kaji. Mazeno na mone na mufuata bana ako 45 seconds behind. Wacheni wambie, kumbe yo 45 seconds is a lot.","Umse akumbele, mone na mufuata, ame wa chona distansi na kaji. Mazeno na mone na mufuata bana ako 45 seconds behind. Wacheni wambie, kumbe yo 45 seconds is a lot.",/home/ray/Desktop/mkuru/dataset/segmented/gn3q-QJO2cw_Kenya_s_Super_Athletes____Mk/gn3q-QJO2cw_Kenya_s_Super_Athletes____Mk_00108.wav,gn3q-QJO2cw_Kenya_s_Super_Athletes____Mk
sheng_rev_0318,gn3q-QJO2cw_Kenya_s_Super_Athletes____Mk_00109.wav,12.16,Ume watwa. Uki watwa na 45 sikens. Ume watwa. Nashi do Jesus. Yani. Tume kudia hindi ayote bana mubrito atutoe tumkate kumdomo.,Ume watwa. Uki watwa na 45 sikens. Ume watwa. Ume watwa. Nashi do Jesus. Yani. Tume kudia hindi ayote bana mubrito atutoe tumkate kumdomo.,/home/ray/Desktop/mkuru/dataset/segmented/gn3q-QJO2cw_Kenya_s_Super_Athletes____Mk/gn3q-QJO2cw_Kenya_s_Super_Athletes____Mk_00109.wav,gn3q-QJO2cw_Kenya_s_Super_Athletes____Mk
sheng_rev_0319,gn3q-QJO2cw_Kenya_s_Super_Athletes____Mk_00110.wav,11.19,"Eni tulitoka, tuliyende yo, the 12 kilometer mark maze tukiyo, eni tukiyo, ee, tension unneza katana kisu, jwa tu amini eni bili, eni umzungo na ta.","Eni tulitoka, tuliyende yo, the 12 kilometer mark maze tukiyo, eni tukiyo, ee, tension unneza katana kisu, jwa tu amini eni bili, eni umzungo na ta.",/home/ray/Desktop/mkuru/dataset/segmented/gn3q-QJO2cw_Kenya_s_Super_Athletes____Mk/gn3q-QJO2cw_Kenya_s_Super_Athletes____Mk_00110.wav,gn3q-QJO2cw_Kenya_s_Super_Athletes____Mk
sheng_rev_0320,gn3q-QJO2cw_Kenya_s_Super_Athletes____Mk_00111.wav,13.05,"So tu kenda tu ka fika yu place ya 12 kilometer, ni kata wakadogo kana itwa Shandolin. Pale Shandolin, diyo mama jizi konini, diyo wakifi kapale, wakona sponge za kujimogili ya maji, wakona maji ya kukunyo na azile maham.","So tu kenda tu ka fika yu place ya 12 kilometer, ni kata wakadogo kana itwa Shandolin. Pale Shandolin, diyo mama jizi konini, diyo wakifi kapale, wakona sponge za kujimogili ya maji, wakona maji ya kukunyo na azile maham.",/home/ray/Desktop/mkuru/dataset/segmented/gn3q-QJO2cw_Kenya_s_Super_Athletes____Mk/gn3q-QJO2cw_Kenya_s_Super_Athletes____Mk_00111.wav,gn3q-QJO2cw_Kenya_s_Super_Athletes____Mk
sheng_rev_0321,gn3q-QJO2cw_Kenya_s_Super_Athletes____Mk_00112.wav,10.97,Electrolites. Sahiba nasiji katendeketu nini mehapen atupati atafid.,Electrolites. Sahiba nasiji katendeketu nini mehapen atupati atafid.,/home/ray/Desktop/mkuru/dataset/segmented/gn3q-QJO2cw_Kenya_s_Super_Athletes____Mk/gn3q-QJO2cw_Kenya_s_Super_Athletes____Mk_00112.wav,gn3q-QJO2cw_Kenya_s_Super_Athletes____Mk
sheng_rev_0322,gn3q-QJO2cw_Kenya_s_Super_Athletes____Mk_00115.wav,12.57,Mazi na ona. Filemon Kenyabi. Hapa na Patrick Kipngeno. Like atawwezu ju anani ya kumbele wa koiri. Bega kwa bega. Mazi wa kapite.,Mazi na ona. Filemon Kenyabi. Hapa na Hapa na Patrick Kipngeno. Like atawwezu ju anani ya kumbele wa koiri. Bega kwa bega. Mazi wa kapite.,/home/ray/Desktop/mkuru/dataset/segmented/gn3q-QJO2cw_Kenya_s_Super_Athletes____Mk/gn3q-QJO2cw_Kenya_s_Super_Athletes____Mk_00115.wav,gn3q-QJO2cw_Kenya_s_Super_Athletes____Mk
sheng_rev_0323,gn3q-QJO2cw_Kenya_s_Super_Athletes____Mk_00116.wav,13.16,"Ule mbretoe tu wa I think kudiyali fwata, then says Michael Saoli, Selelo Saoli, aka fwata apu. Kido apu, kitu kama namba 6, 7, ule atuia.","Ule mbretoe tu wa I think kudiyali fwata, then says Michael Saoli, Selelo Saoli, aka fwata apu. Kido kido apu, kitu kama namba 6, 7, ule atuia.",/home/ray/Desktop/mkuru/dataset/segmented/gn3q-QJO2cw_Kenya_s_Super_Athletes____Mk/gn3q-QJO2cw_Kenya_s_Super_Athletes____Mk_00116.wav,gn3q-QJO2cw_Kenya_s_Super_Athletes____Mk
sheng_rev_0324,gn3q-QJO2cw_Kenya_s_Super_Athletes____Mk_00117.wav,12.58,"Kafuata tukajambia. Ah, ikosa hawa. At least we janoa merigame, wacha sasa tutokei 12 kilometer mark, to finye mbaka finish line, 22one, nani sasa na kam kumaliza. Niku panda milimata ena milimama.","Kafuata tukajambia. Ah, ikosa hawa. At least we janoa merigame, wacha sasa tutokei 12 kilometer mark, to finye mbaka finish line, 22one, nani sasa na kam kumaliza. Niku panda milimata ena milimama.",/home/ray/Desktop/mkuru/dataset/segmented/gn3q-QJO2cw_Kenya_s_Super_Athletes____Mk/gn3q-QJO2cw_Kenya_s_Super_Athletes____Mk_00117.wav,gn3q-QJO2cw_Kenya_s_Super_Athletes____Mk
sheng_rev_0325,gn3q-QJO2cw_Kenya_s_Super_Athletes____Mk_00118.wav,12.66,"Izi milima tu na pandana gari, tu na choka, awa sawa na pandamugu. Tukenda tu ka fika zinal. Pale sasa ma li finish line niko, tu ka pakgaria pwa raka fasta, tu kakuja taken baka kwa finish line. Sasa niku kama zewna ango.","Izi milima tu na pandana gari, tu na choka, awa sawa na pandamugu. Tukenda tu ka fika zinal. Pale sasa ma li finish line niko, tu ka pakgaria pwa raka fasta, tu kakuja taken baka kwa finish line. Sasa niku kama zewna ango.",/home/ray/Desktop/mkuru/dataset/segmented/gn3q-QJO2cw_Kenya_s_Super_Athletes____Mk/gn3q-QJO2cw_Kenya_s_Super_Athletes____Mk_00118.wav,gn3q-QJO2cw_Kenya_s_Super_Athletes____Mk
sheng_rev_0326,gn3q-QJO2cw_Kenya_s_Super_Athletes____Mk_00119.wav,11.51,"Una ngaoja jo. Ulem semonya na tanga za uko maze atuambi bitutuna ta kuskia. Ya kutu stories ingi, na shingo manze. So utuambi eni nani, ya kumpere lewebe.","Una ngaoja jo. Ulem semonya na tanga za uko maze atuambi bitutuna ta kuskia. Ya kutu stories ingi, na shingo manze. So utuambi eni nani, ya kumpere lewebe.",/home/ray/Desktop/mkuru/dataset/segmented/gn3q-QJO2cw_Kenya_s_Super_Athletes____Mk/gn3q-QJO2cw_Kenya_s_Super_Athletes____Mk_00119.wav,gn3q-QJO2cw_Kenya_s_Super_Athletes____Mk
sheng_rev_0327,gn3q-QJO2cw_Kenya_s_Super_Athletes____Mk_00120.wav,12.6,"So mazetumibanga isa apobana klok tu nangalia tu no na reisiko tu, mii 2 hours 25 minutes na awasia tu aski, then all of a sudden, bila 2 klok inenda kugonga 2 hours 20.","So mazetumibanga isa apobana klok tu nangalia tu no na reisiko tu, mii 2 hours 25 minutes na awasia tu aski, then all of a sudden, bila 2 klok inenda kugonga 2 hours 20.",/home/ray/Desktop/mkuru/dataset/segmented/gn3q-QJO2cw_Kenya_s_Super_Athletes____Mk/gn3q-QJO2cw_Kenya_s_Super_Athletes____Mk_00120.wav,gn3q-QJO2cw_Kenya_s_Super_Athletes____Mk
sheng_rev_0328,gn3q-QJO2cw_Kenya_s_Super_Athletes____Mk_00121.wav,11.33,Ni ka-skejiu ule komentikapa lejiwa mese nama ze something about Kenyans being at the fryer. Yali karimu tu cheese yapo. Dey noluba sade nuna tu.,Ni ka-skejiu ule komentikapa lejiwa mese nama ze something about Kenyans being at the fryer. Yali karimu tu cheese yapo. Dey noluba sade nuna tu.,/home/ray/Desktop/mkuru/dataset/segmented/gn3q-QJO2cw_Kenya_s_Super_Athletes____Mk/gn3q-QJO2cw_Kenya_s_Super_Athletes____Mk_00121.wav,gn3q-QJO2cw_Kenya_s_Super_Athletes____Mk
sheng_rev_0329,gn3q-QJO2cw_Kenya_s_Super_Athletes____Mk_00122.wav,13.23,"Kwa na tuivi filemun kiriya kwa na tokema, sendi uyo, anaka anikandi wa mezali wa sayi, ataka inika me choka. Mina shinu hup jamal. Uleza je kwa na ilaji wei, after 31 kms, mepanda 2,000 meters elevation.","Kwa na tuivi filemun kiriya kwa na tokema, sendi uyo, anaka anikandi wa mezali wa sayi, ataka inika me choka. Mina shinu hup jamal. Uleza je kwa na ilaji wei, after 31 kms, mepanda 2,000 meters elevation.",/home/ray/Desktop/mkuru/dataset/segmented/gn3q-QJO2cw_Kenya_s_Super_Athletes____Mk/gn3q-QJO2cw_Kenya_s_Super_Athletes____Mk_00122.wav,gn3q-QJO2cw_Kenya_s_Super_Athletes____Mk
sheng_rev_0330,gn3q-QJO2cw_Kenya_s_Super_Athletes____Mk_00123.wav,13.87,Maziya na wan'a finish line du ilia na ifa nyeivi. Eeeeee! na iye na aiaiaiaia kaributu cheese zi tulkotu na cheese zi bale aka kumkame pita tu wap aka bita na ile ribo na raka fasta,Maziya na wan'a finish line du ilia na ifa nyeivi. Eeeeee! na iye na aiaiaiaia kaributu cheese zi tulkotu na cheese zi bale aka kumkame pita tu wap aka bita na ile ribo na raka fasta,/home/ray/Desktop/mkuru/dataset/segmented/gn3q-QJO2cw_Kenya_s_Super_Athletes____Mk/gn3q-QJO2cw_Kenya_s_Super_Athletes____Mk_00123.wav,gn3q-QJO2cw_Kenya_s_Super_Athletes____Mk
sheng_rev_0331,gn3q-QJO2cw_Kenya_s_Super_Athletes____Mk_00124.wav,12.39,"So tu najiambia maze mungu. Najiwa tuliko tumekuomba 123 finish, lakini wu katupati yata 12 tuko saaw. Ata utunime namba 2 utupati yata 13. As long as kwa top 3, tuko eno wa wili. Manze tu.","So tu najiambia maze mungu. Najiwa tuliko tumekuomba 123 finish, lakini wu katupati yata 12 tuko saaw. Ata utunime namba 2 utupati yata 13. As long as kwa top 3, tuko eno wa wili. Manze tu.",/home/ray/Desktop/mkuru/dataset/segmented/gn3q-QJO2cw_Kenya_s_Super_Athletes____Mk/gn3q-QJO2cw_Kenya_s_Super_Athletes____Mk_00124.wav,gn3q-QJO2cw_Kenya_s_Super_Athletes____Mk
sheng_rev_0332,gn3q-QJO2cw_Kenya_s_Super_Athletes____Mk_00125.wav,13.68,Ono Vasade. Patrick Kipngenon. Uyo! Ame ingia! Ako moto deadly. Shepa kakudia kapiga na mambili. Sosa kulikwa na gap between Patrick Kipngenon na the personal money.,Ono Vasade. Patrick Kipngenon. Uyo! Ame ingia! Ako moto deadly. Shepa kakudia kapiga na mambili. Sosa kulikwa na gap between Patrick Kipngenon na the personal money.,/home/ray/Desktop/mkuru/dataset/segmented/gn3q-QJO2cw_Kenya_s_Super_Athletes____Mk/gn3q-QJO2cw_Kenya_s_Super_Athletes____Mk_00125.wav,gn3q-QJO2cw_Kenya_s_Super_Athletes____Mk
sheng_rev_0333,gn3q-QJO2cw_Kenya_s_Super_Athletes____Mk_00126.wav,6.19,Namba 3. Mazi tukwa pola. Nasi siye nyeru. We are so ungrateful human beings.,Namba 3. Mazi tukwa pola. Nasi siye nyeru. We are so ungrateful human beings.,/home/ray/Desktop/mkuru/dataset/segmented/gn3q-QJO2cw_Kenya_s_Super_Athletes____Mk/gn3q-QJO2cw_Kenya_s_Super_Athletes____Mk_00126.wav,gn3q-QJO2cw_Kenya_s_Super_Athletes____Mk
sheng_rev_0334,gn3q-QJO2cw_Kenya_s_Super_Athletes____Mk_00128.wav,13.93,"Apuniketu yupodi ambezuri tu kutuna top 3, ai Nani Godue na ta, nani tuta kutumbuizavewe, tuta kusifu e tuta kusudyudu Ha Manze after abu","Apuniketu yupodi ambezuri tu kutuna top 3, ai ai ai ai Nani Godue na ta, nani tuta kutumbuizavewe, tuta kusifu e tuta kusudyudu Ha ha ha ha ha Manze after abu",/home/ray/Desktop/mkuru/dataset/segmented/gn3q-QJO2cw_Kenya_s_Super_Athletes____Mk/gn3q-QJO2cw_Kenya_s_Super_Athletes____Mk_00128.wav,gn3q-QJO2cw_Kenya_s_Super_Athletes____Mk
sheng_rev_0335,gn3q-QJO2cw_Kenya_s_Super_Athletes____Mk_00129.wav,10.73,A few minutes. Dukwa na dumazeki vest ki na doke aiwi na Very long legs. Dukwa jua kwisha.,A few minutes. Dukwa na dumazeki vest ki na doke aiwi na Very long legs. Very long legs. Dukwa jua kwisha.,/home/ray/Desktop/mkuru/dataset/segmented/gn3q-QJO2cw_Kenya_s_Super_Athletes____Mk/gn3q-QJO2cw_Kenya_s_Super_Athletes____Mk_00129.wav,gn3q-QJO2cw_Kenya_s_Super_Athletes____Mk
sheng_rev_0336,gn3q-QJO2cw_Kenya_s_Super_Athletes____Mk_00130.wav,11.51,"Izo migu atu jazi onan amtumungine ko yo kompetisyon, buyoninan ana dan Michael Thelelo Saaroli. Maze alikam aka ingihaa po ba na tunan ba...","Izo migu atu jazi onan amtumungine ko yo kompetisyon, buyoninan ana dan Michael Thelelo Saaroli. Maze alikam aka ingihaa po ba na tunan ba...",/home/ray/Desktop/mkuru/dataset/segmented/gn3q-QJO2cw_Kenya_s_Super_Athletes____Mk/gn3q-QJO2cw_Kenya_s_Super_Athletes____Mk_00130.wav,gn3q-QJO2cw_Kenya_s_Super_Athletes____Mk
sheng_rev_0337,gn3q-QJO2cw_Kenya_s_Super_Athletes____Mk_00131.wav,12.2,"Amitri piyango ilisha yapo. Ah! Kitiyote nili kwa nataka kwa hisha, inili ipata kwa yu finish line. Mazi 1, 2, 3, Kenyans. Water. Same team.","Amitri piyango ilisha yapo. Ah! Kitiyote nili kwa nataka kwa hisha, inili ipata kwa yu finish line. Mazi 1, 2, 3, Kenyans. Water. Same team.",/home/ray/Desktop/mkuru/dataset/segmented/gn3q-QJO2cw_Kenya_s_Super_Athletes____Mk/gn3q-QJO2cw_Kenya_s_Super_Athletes____Mk_00131.wav,gn3q-QJO2cw_Kenya_s_Super_Athletes____Mk
sheng_rev_0338,gn3q-QJO2cw_Kenya_s_Super_Athletes____Mk_00132.wav,12.73,Wato ako sponsor din na on. Hafsayo tumipiga maguwanda sa on. Tukom on juchin. Aduwa na tuongali anashinu. On ime jipangai. Tulipuru gawewe.,Wato ako sponsor din na on. Hafsayo tumipiga maguwanda sa on. Tukom on juchin. Aduwa na tuongali anashinu. On ime jipangai. Tulipuru gawewe.,/home/ray/Desktop/mkuru/dataset/segmented/gn3q-QJO2cw_Kenya_s_Super_Athletes____Mk/gn3q-QJO2cw_Kenya_s_Super_Athletes____Mk_00132.wav,gn3q-QJO2cw_Kenya_s_Super_Athletes____Mk
sheng_rev_0339,gn3q-QJO2cw_Kenya_s_Super_Athletes____Mk_00133.wav,11.73,"Two weeks later, just a year has not been a story in the two weeks that we have competition. Baddo wa naongia jiyo res. Vile Kenyanswa liyenda waka buruga resi ya wenewe wiko, ah it was amazing. Crazy. Yeni...","Two weeks later, just a year has not been a story in the two weeks that we have competition. Baddo wa naongia jiyo res. Vile Kenyanswa liyenda waka buruga resi ya wenewe wiko, ah it was amazing. Crazy. Yeni...",/home/ray/Desktop/mkuru/dataset/segmented/gn3q-QJO2cw_Kenya_s_Super_Athletes____Mk/gn3q-QJO2cw_Kenya_s_Super_Athletes____Mk_00133.wav,gn3q-QJO2cw_Kenya_s_Super_Athletes____Mk
sheng_rev_0340,gn3q-QJO2cw_Kenya_s_Super_Athletes____Mk_00134.wav,13.95,"Sige skumbuki the last time nili feel patrioticivo. I can't remember. Hei guys. Az nafunga e re kapot, tekomi anguni.","Sige skumbuki the last time nili feel patrioticivo. I can't remember. Hei guys. Az nafunga e re kapot, tekomi anguni.",/home/ray/Desktop/mkuru/dataset/segmented/gn3q-QJO2cw_Kenya_s_Super_Athletes____Mk/gn3q-QJO2cw_Kenya_s_Super_Athletes____Mk_00134.wav,gn3q-QJO2cw_Kenya_s_Super_Athletes____Mk
sheng_rev_0341,gn3q-QJO2cw_Kenya_s_Super_Athletes____Mk_00136.wav,12.43,"Umeto Kakenya. Kila mtua nati. Aa, ya. We know you for running. Aso umetua kambela kuliko kila kid. Misijuni nani ame kakenya nsmbela kuliko athletes.","Umeto Kakenya. Kila mtua nati. Aa, ya, ya, ya, ya, ya. We know you for running. Aso umetua kambela kuliko kila kid. Misijuni nani ame kakenya nsmbela kuliko athletes.",/home/ray/Desktop/mkuru/dataset/segmented/gn3q-QJO2cw_Kenya_s_Super_Athletes____Mk/gn3q-QJO2cw_Kenya_s_Super_Athletes____Mk_00136.wav,gn3q-QJO2cw_Kenya_s_Super_Athletes____Mk
sheng_rev_0342,gn3q-QJO2cw_Kenya_s_Super_Athletes____Mk_00137.wav,11.26,"Wau kapatiwatu a day in the life of an athlete. Unakuit sa tatu wasubui. Skudam gani. Mili ka nao isu sku, ah. It's not easy. So tuwa nyeshenima.","Wau kapatiwatu a day in the life of an athlete. Unakuit sa tatu wasubui. Skudam gani. Mili ka nao isu sku, ah ah ah. It's not easy. So tuwa nyeshenima.",/home/ray/Desktop/mkuru/dataset/segmented/gn3q-QJO2cw_Kenya_s_Super_Athletes____Mk/gn3q-QJO2cw_Kenya_s_Super_Athletes____Mk_00137.wav,gn3q-QJO2cw_Kenya_s_Super_Athletes____Mk
sheng_rev_0343,gn3q-QJO2cw_Kenya_s_Super_Athletes____Mk_00138.wav,13.2,"Yo Resi kukwa YouTube ukitaka wuna zanda wu yu watch, ni tosi Arizona Race 2026. Nanda wu yu shuhu dia. Acha ni kungiwa pamazeh me kuatru tula ni watwangu vutu, nana neraun tu. Adios mu chachos.","Yo Resi kukwa YouTube ukitaka wuna zanda wu yu watch, ni tosi Arizona Race 2026. Nanda wu yu shuhu dia. Acha ni kungiwa pamazeh me kuatru tula ni ni watwangu vutu, nana neraun tu. Adios mu chachos.",/home/ray/Desktop/mkuru/dataset/segmented/gn3q-QJO2cw_Kenya_s_Super_Athletes____Mk/gn3q-QJO2cw_Kenya_s_Super_Athletes____Mk_00138.wav,gn3q-QJO2cw_Kenya_s_Super_Athletes____Mk
sheng_rev_0344,chunk_00000.wav,11.47,"Kwa nanske wuna zijuman heya, nene nadi na 500. Dugula slek, dugula.","Kwa na nanske wuna zijuman heya, nene nadi na 500. Dugula slek, dugula.",/home/ray/Desktop/mkuru/dataset/segmented/Recording_4/chunk_00000.wav,sheng0001
sheng_rev_0345,chunk_00004.wav,11.14,We want to ask for money. We want to ask for money. Sorry. I want to ask for money. I want to ask for money. I want to ask for money. I want to ask for money. I want to ask for money. I want to ask for money. I want to ask for money. I want to ask for money. I want to ask for money. I want to ask for money. I want to ask for money. I want to ask for money. I want to ask for money. I want to ask for money. I want to ask for money. I want to ask for money. I want to ask for money. I want to ask for money. I want to ask for money. I want to ask for money. I want to ask for money. I want to ask for money.,We want to ask for money. We want to ask for money. Sorry. I want to ask for money. I want to ask for money. I want to ask for money. I want to ask for money. I want to ask for money. I want to ask for money. I want to ask for money. I want to ask for money. I want to ask for money. I want to ask for money. I want to ask for money. I want to ask for money. I want to ask for money. I want to ask for money. I want to ask for money. I want to ask for money. I want to ask for money. I want to ask for money. I want to ask for money. I want to ask for money. I want to ask for money. I want to ask for money.,/home/ray/Desktop/mkuru/dataset/segmented/sheng0001/chunk_00004.wav,sheng0001
sheng_rev_0346,sheng0001_00000.wav,13.26,"Masta, bia taw.","Masta, bia taw.",/home/ray/Desktop/mkuru/dataset/segmented/sheng0001/sheng0001_00000.wav,sheng0001
sheng_rev_0347,sheng0001_00006.wav,13.01,"We followed the apps, but didn't.","We followed the apps, but didn't.",/home/ray/Desktop/mkuru/dataset/segmented/sheng0001/sheng0001_00006.wav,sheng0001
sheng_rev_0348,sheng0001_00008.wav,13.45,"Sorry, are you ready? I don't intend on enabling a partner there with...","Sorry, are you ready? I don't intend on enabling a partner there with...",/home/ray/Desktop/mkuru/dataset/segmented/sheng0001/sheng0001_00008.wav,sheng0001
sheng_rev_0349,sheng0001_00009.wav,9.1,Iku asho. Adem frumnawa. Adem mihako.,Iku asho. Adem frumnawa. Adem mihako.,/home/ray/Desktop/mkuru/dataset/segmented/sheng0001/sheng0001_00009.wav,sheng0001
