id,audio_filepath,duration,raw_transcription,normalized_text,clean_sheng_text,language
abel_mutua_000001,/home/ray/Desktop/mkuru/dataset/segmented/6vNZzV0PYsQ_Enter_The_Dragon____Mkurugen/6vNZzV0PYsQ_Enter_The_Dragon____Mkurugen_00000.wav,12.25,"Niaje Wakurugenzi kabiliatumge po kipini maze nikona, a super special announcement. The second edition of Becoming CEO Live, when it happened this weekend maze, and I cannot wait.","Niaje Wakurugenzi kabiliatumge po kipini maze nikona, a super special announcement. The second edition of Becoming CEO Live, when it happened this weekend maze, and I cannot wait.","Niaje Wakurugenzi kabiliatumge po kipini maze nikona, a super special announcement. The second edition of Becoming CEO Live, when it happened this weekend maze, and I cannot wait.",sw-KE
abel_mutua_000002,/home/ray/Desktop/mkuru/dataset/segmented/6vNZzV0PYsQ_Enter_The_Dragon____Mkurugen/6vNZzV0PYsQ_Enter_The_Dragon____Mkurugen_00001.wav,11.61,"Hei, hii arila ondi ni muechechew, na bagatime tige apro. Hei leku pika, li na piku wa pale ni noma, atari sana. Ehm, MD, arrekecho hospital ma solo kopata kwa in the izal.","Hei, hii arila ondi ni muechechew, na bagatime tige apro. Hei leku pika, li na piku wa pale ni noma, atari sana. Ehm, MD, arrekecho hospital ma solo kopata kwa in the izal.","Hei, hii arila ondi ni muechechew, na bagatime tige apro. Hei leku pika, li na piku wa pale ni noma, atari sana. Ehm, MD, arrekecho hospital ma solo kopata kwa in the izal.",sw-KE
abel_mutua_000003,/home/ray/Desktop/mkuru/dataset/segmented/6vNZzV0PYsQ_Enter_The_Dragon____Mkurugen/6vNZzV0PYsQ_Enter_The_Dragon____Mkurugen_00002.wav,13.12,"Dennis Mora, bossipale denri atakwa in the his house na bada naskiya pununu. Duru za pominika zna semakunenda kwa na another surprise guest. Siko shuwa, but niduru za pominika zna.","Dennis Mora, bossipale denri atakwa in the his house na bada naskiya pununu. Duru za pominika zna semakunenda kwa na another surprise guest. Siko shuwa, but niduru za pominika zna.","Dennis Mora, bossipale denri atakwa in the his house na bada naskiya pununu. Duru za pominika zna semakunenda kwa na another surprise guest. Siko shuwa, but niduru za pominika zna.",sw-KE
abel_mutua_000004,/home/ray/Desktop/mkuru/dataset/segmented/6vNZzV0PYsQ_Enter_The_Dragon____Mkurugen/6vNZzV0PYsQ_Enter_The_Dragon____Mkurugen_00003.wav,11.6,"Na saima hibon, na mnose uro tainizu na kuwaga na kuwanu nika. Ya, so chukwa tiki tiya kwa pala na kwa kia linka pwa kwa description na piya nita ipin kwa comment Ngiya pala na pata tiki tiya kwa pala mad fan.","Na saima hibon, na mnose uro tainizu na kuwaga na kuwanu nika. Ya, so chukwa tiki tiya kwa pala na kwa kia linka pwa kwa description na piya nita ipin kwa comment Ngiya pala na pata tiki tiya kwa pala mad fan.","Na saima hibon, na mnose uro tainizu na kuwaga na kuwanu nika. Ya, so chukwa tiki tiya kwa pala na kwa kia linka pwa kwa description na piya nita ipin kwa comment Ngiya pala na pata tiki tiya kwa pala mad fan.",sw-KE
abel_mutua_000005,/home/ray/Desktop/mkuru/dataset/segmented/6vNZzV0PYsQ_Enter_The_Dragon____Mkurugen/6vNZzV0PYsQ_Enter_The_Dragon____Mkurugen_00004.wav,12.08,"Eee, pesaki drogo na ingiapale, tu na toke jemz, ni jemz tuza biyashara, especially if you're a business owner, you're an offheb hanoo, ama you're an aspiring business, bas wepuja.","Eee, pesaki drogo na ingiapale, tu na toke jemz, ni jemz tuza biyashara, especially if you're a business owner, you're an offheb hanoo, ama you're an aspiring business, bas wepuja.","Eee, pesaki drogo na ingiapale, tu na toke jemz, ni jemz tuza biyashara, especially if you're a business owner, you're an offheb hanoo, ama you're an aspiring business, bas wepuja.",sw-KE
abel_mutua_000006,/home/ray/Desktop/mkuru/dataset/segmented/6vNZzV0PYsQ_Enter_The_Dragon____Mkurugen/6vNZzV0PYsQ_Enter_The_Dragon____Mkurugen_00005.wav,7.66,"Kujabana tu skize, skize mamboja, bihashara, bihashara paliao sila. Aposawa dao ka na tuwei to sila, tu na nene kuni.","Kujabana tu skize, skize mamboja, bihashara, bihashara paliao sila. Aposawa dao ka na tuwei to sila, tu na nene kuni.","Kujabana tu skize, skize mamboja, bihashara, bihashara paliao sila. Aposawa dao ka na tuwei to sila, tu na nene kuni.",sw-KE
abel_mutua_000007,/home/ray/Desktop/mkuru/dataset/segmented/6vNZzV0PYsQ_Enter_The_Dragon____Mkurugen/6vNZzV0PYsQ_Enter_The_Dragon____Mkurugen_00006.wav,10.94,"Wakurugenzi, mkurugenzi, minisodes na kamake, kablas jengia kwa hekawana, lazima tofanyaile kitu sudu, man, lazima to skumea, super shout out.","Wakurugenzi, Mkurugenzi, minisodes na kamake, kablas jengia kwa hekawana, lazima tofanyaile kitu sudu, man, lazima to skumea, super shout out.","Wakurugenzi, Mkurugenzi, minisodes na kamake, kablas jengia kwa hekawana, lazima tofanyaile kitu sudu, man, lazima to skumea, super shout out.",sw-KE
abel_mutua_000008,/home/ray/Desktop/mkuru/dataset/segmented/6vNZzV0PYsQ_Enter_The_Dragon____Mkurugen/6vNZzV0PYsQ_Enter_The_Dragon____Mkurugen_00007.wav,25.15,"To a super custom of the day na leo ni nan, other than Itaba David, alo. All the way kutokabo angotizi, alo. Aa, nice. Hey, apa deri kanapa ekele songia. Nipe tano na na na na na na na na na na na na na na na na na na na na na na na na na na na na na na na na na na na na na na na na na na na na na na na na na na na na na na na na na na na na na na na na na na na na na na na na na na na na na na na na na na na na na na na na na na na na na na na na na na na na na na na na na na na na na na na na na na na na na na na na na na na na na na na na na na na na na na na na na na na na na na na na na na na na na na na na na na na na na na na na na na na na na na na na na na na na na na na na na na na na na na na na na na na na na na na na na na na na na na na na na na na na na na na na na na na na na na na na na na na","To a super custom of the day na leo ni nan, other than Itaba David, alo. All the way kutokabo angotizi, alo. Aa, nice. Hey, apa deri kanapa ekele songia. Nipe tano na na na na na na na na na na na na na na na na na na na na na na na na na na na na na na na na na na na na na na na na na na na na na na na na na na na na na na na na na na na na na na na na na na na na na na na na na na na na na na na na na na na na na na na na na na na na na na na na na na na na na na na na na na na na na na na na na na na na na na na na na na na na na na na na na na na na na na na na na na na na na na na na na na na na na na na na na na na na na na na na na na na na na na na na na na na na na na na na na na na na na na na na na na na na na na na na na na na na na na na na na na na na na na na na na na na na na na na na na na na","To a super custom of the day na leo ni nan, other than Itaba David, alo. All the way kutokabo angotizi, alo. Aa, nice. Hey, apa deri kanapa ekele songia. Nipe tano na na na na na na na na na na na na na na na na na na na na na na na na na na na na na na na na na na na na na na na na na na na na na na na na na na na na na na na na na na na na na na na na na na na na na na na na na na na na na na na na na na na na na na na na na na na na na na na na na na na na na na na na na na na na na na na na na na na na na na na na na na na na na na na na na na na na na na na na na na na na na na na na na na na na na na na na na na na na na na na na na na na na na na na na na na na na na na na na na na na na na na na na na na na na na na na na na na na na na na na na na na na na na na na na na na na na na na na na na na na",sw-KE
abel_mutua_000009,/home/ray/Desktop/mkuru/dataset/segmented/6vNZzV0PYsQ_Enter_The_Dragon____Mkurugen/6vNZzV0PYsQ_Enter_The_Dragon____Mkurugen_00008.wav,12.13,"Eyo lazima, eyo lazima niku guzia, apakidogo. Izin deyo vitu zili kwa zina tukumbusha tizi, tukigro. Kwa na kumbuka chaneli liku enituwa East African TV.","Eyo lazima, eyo lazima niku guzia, apakidogo. Izin deyo vitu zili kwa zina tukumbusha tizi, tukigro. Kwa na kumbuka chaneli liku enituwa East African TV.","Eyo lazima, eyo lazima niku guzia, apakidogo. Izin deyo vitu zili kwa zina tukumbusha tizi, tukigro. Kwa na kumbuka chaneli liku enituwa East African TV.",sw-KE
abel_mutua_000010,/home/ray/Desktop/mkuru/dataset/segmented/6vNZzV0PYsQ_Enter_The_Dragon____Mkurugen/6vNZzV0PYsQ_Enter_The_Dragon____Mkurugen_00009.wav,11.55,"E li kwa na kipindi na itwa bongo, bongo, bongo, bongo something, isi bongo 5? Isi a bongo flavor. A bongo flavor sana umziki wao.","E li kwa na kipindi na itwa bongo, bongo, bongo, bongo something, isi bongo 5? Isi a bongo flavor. A bongo flavor sana umziki wao.","E li kwa na kipindi na itwa bongo, bongo, bongo, bongo something, isi bongo 5? Isi a bongo flavor. A bongo flavor sana umziki wao.",sw-KE
abel_mutua_000011,/home/ray/Desktop/mkuru/dataset/segmented/6vNZzV0PYsQ_Enter_The_Dragon____Mkurugen/6vNZzV0PYsQ_Enter_The_Dragon____Mkurugen_00010.wav,13.52,"Niaje Wakurugenzi, cheki vile kimenuka, morio, mkurugenzi, cheki vile kimenuka, morio, mkurugenzi, cheki vile kimenuka, morio, mkurugenzi, cheki vile kimenuka, morio, mkurugenzi, cheki vile kimenuka, morio, mkurugenzi, cheki vile kimenuka, morio, mkurugenzi, cheki vile kimenuka, morio, mkurugenzi, cheki vile kimenuka, morio, mkurugenzi, cheki vile kimenuka, morio, mkurugenzi, cheki vile kimenuka, morio, mkurugenzi, cheki vile kimenuka, morio, mkurugenzi, cheki vile kimenuka, morio, mkurugenzi, cheki vile kimenuka, morio, mkurugenzi, cheki vile kimenuka","Niaje Wakurugenzi, cheki vile kimenuka, morio, Mkurugenzi, cheki vile kimenuka, morio, Mkurugenzi, cheki vile kimenuka, morio, Mkurugenzi, cheki vile kimenuka, morio, Mkurugenzi, cheki vile kimenuka, morio, Mkurugenzi, cheki vile kimenuka, morio, Mkurugenzi, cheki vile kimenuka, morio, Mkurugenzi, cheki vile kimenuka, morio, Mkurugenzi, cheki vile kimenuka, morio, Mkurugenzi, cheki vile kimenuka, morio, Mkurugenzi, cheki vile kimenuka, morio, Mkurugenzi, cheki vile kimenuka, morio, Mkurugenzi, cheki vile kimenuka, morio, Mkurugenzi, cheki vile kimenuka","Niaje Wakurugenzi, cheki vile kimenuka, morio, Mkurugenzi, cheki vile kimenuka, morio, Mkurugenzi, cheki vile kimenuka, morio, Mkurugenzi, cheki vile kimenuka, morio, Mkurugenzi, cheki vile kimenuka, morio, Mkurugenzi, cheki vile kimenuka, morio, Mkurugenzi, cheki vile kimenuka, morio, Mkurugenzi, cheki vile kimenuka, morio, Mkurugenzi, cheki vile kimenuka, morio, Mkurugenzi, cheki vile kimenuka, morio, Mkurugenzi, cheki vile kimenuka, morio, Mkurugenzi, cheki vile kimenuka, morio, Mkurugenzi, cheki vile kimenuka, morio, Mkurugenzi, cheki vile kimenuka",sw-KE
abel_mutua_000012,/home/ray/Desktop/mkuru/dataset/segmented/6vNZzV0PYsQ_Enter_The_Dragon____Mkurugen/6vNZzV0PYsQ_Enter_The_Dragon____Mkurugen_00011.wav,13.84,"Aizu wufanya taia kutuniki wa tuftia mziki, muju isu o nga aje. Ha ha ha ha, ready?","Aizu wufanya taia kutuniki wa tuftia mziki, muju isu o nga aje. Ha ha ha ha, ready?","Aizu wufanya taia kutuniki wa tuftia mziki, muju isu o nga aje. Ha ha ha ha, ready?",sw-KE
abel_mutua_000013,/home/ray/Desktop/mkuru/dataset/segmented/6vNZzV0PYsQ_Enter_The_Dragon____Mkurugen/6vNZzV0PYsQ_Enter_The_Dragon____Mkurugen_00012.wav,10.18,"Alright, light. Baz, das baba featuring das nun das.","Alright, light. Baz, das baba featuring das nun das.","Alright, light. Baz, das baba featuring das nun das.",sw-KE
abel_mutua_000014,/home/ray/Desktop/mkuru/dataset/segmented/6vNZzV0PYsQ_Enter_The_Dragon____Mkurugen/6vNZzV0PYsQ_Enter_The_Dragon____Mkurugen_00013.wav,13.66,"Mbogi, bazenga, morio, mkurugenzi, cheki vile kimenuka, morio, mkurugenzi, cheki vile kimenuka, morio, mkurugenzi, cheki vile kimenuka, morio, mkurugenzi, cheki vile kimenuka, morio, mkurugenzi, cheki vile kimenuka, morio, mkurugenzi, cheki vile kimenuka, morio, mkurugenzi, cheki vile kimenuka, morio, mkurugenzi, cheki vile kimenuka, morio, mkurugenzi, cheki vile kimenuka, morio, mkurugenzi, cheki vile kimenuka, morio, mkurugenzi, cheki vile kimenuka, morio, mkurugenzi, cheki vile kimenuka, morio, mkurugenzi, cheki vile kimenuka, morio, mkurugenzi,","Mbogi, bazenga, morio, Mkurugenzi, cheki vile kimenuka, morio, Mkurugenzi, cheki vile kimenuka, morio, Mkurugenzi, cheki vile kimenuka, morio, Mkurugenzi, cheki vile kimenuka, morio, Mkurugenzi, cheki vile kimenuka, morio, Mkurugenzi, cheki vile kimenuka, morio, Mkurugenzi, cheki vile kimenuka, morio, Mkurugenzi, cheki vile kimenuka, morio, Mkurugenzi, cheki vile kimenuka, morio, Mkurugenzi, cheki vile kimenuka, morio, Mkurugenzi, cheki vile kimenuka, morio, Mkurugenzi, cheki vile kimenuka, morio, Mkurugenzi, cheki vile kimenuka, morio, Mkurugenzi,","Mbogi, bazenga, morio, Mkurugenzi, cheki vile kimenuka, morio, Mkurugenzi, cheki vile kimenuka, morio, Mkurugenzi, cheki vile kimenuka, morio, Mkurugenzi, cheki vile kimenuka, morio, Mkurugenzi, cheki vile kimenuka, morio, Mkurugenzi, cheki vile kimenuka, morio, Mkurugenzi, cheki vile kimenuka, morio, Mkurugenzi, cheki vile kimenuka, morio, Mkurugenzi, cheki vile kimenuka, morio, Mkurugenzi, cheki vile kimenuka, morio, Mkurugenzi, cheki vile kimenuka, morio, Mkurugenzi, cheki vile kimenuka, morio, Mkurugenzi, cheki vile kimenuka, morio, Mkurugenzi,",sw-KE
abel_mutua_000015,/home/ray/Desktop/mkuru/dataset/segmented/6vNZzV0PYsQ_Enter_The_Dragon____Mkurugen/6vNZzV0PYsQ_Enter_The_Dragon____Mkurugen_00014.wav,13.19,"Ah, safi. Alright, David Di Tabas, shukran sana manze, wabongo kwanza poleni, jo na jo nili kwa ni me panga ningi e kule, ikwa wakati muli ni ali kapale. Nili kwa ni mejipanga kabisa, kabisa kabisa nili kwa ni lakini.","Ah, safi. Alright, David Di Tabas, shukran sana manze, wabongo kwanza poleni, jo na jo nili kwa ni me panga ningi e kule, ikwa wakati muli ni ali kapale. Nili kwa ni mejipanga kabisa, kabisa kabisa nili kwa ni lakini.","Ah, safi. Alright, David Di Tabas, shukran sana manze, wabongo kwanza poleni, jo na jo nili kwa ni me panga ningi e kule, ikwa wakati muli ni ali kapale. Nili kwa ni mejipanga kabisa, kabisa kabisa nili kwa ni lakini.",sw-KE
abel_mutua_000016,/home/ray/Desktop/mkuru/dataset/segmented/6vNZzV0PYsQ_Enter_The_Dragon____Mkurugen/6vNZzV0PYsQ_Enter_The_Dragon____Mkurugen_00015.wav,13.16,"Mamboa ya kaenda jeansi mulivona, uchaguzibana ulikudiana mamboa ke, kabidi tu me pigya pause ki dogo. Batza sana nkoshu wa kumetulia, se tu naiza ingi yasas, ndogu ingi yasas.","Mamboa ya kaenda jeansi mulivona, uchaguzibana ulikudiana mamboa ke, kabidi tu me pigya pause ki dogo. Batza sana nkoshu wa kumetulia, se tu naiza ingi yasas, ndogu ingi yasas.","Mamboa ya kaenda jeansi mulivona, uchaguzibana ulikudiana mamboa ke, kabidi tu me pigya pause ki dogo. Batza sana nkoshu wa kumetulia, se tu naiza ingi yasas, ndogu ingi yasas.",sw-KE
abel_mutua_000017,/home/ray/Desktop/mkuru/dataset/segmented/6vNZzV0PYsQ_Enter_The_Dragon____Mkurugen/6vNZzV0PYsQ_Enter_The_Dragon____Mkurugen_00016.wav,13.11,"This is Russia, okay. Sao. Eeeem, ya, eee, na anybody else mwenya lingi ya kwa sayita, kufanya mamboa ya ke maze, bariki wa sana. Eee, unaziana! Isa sayina ito ivory. Hmm.","This is Russia, okay. Sao. Eeeem, ya, eee, na anybody else mwenya lingi ya kwa sayita, kufanya mamboa ya ke maze, bariki wa sana. Eee, unaziana! Isa sayina ito ivory. Hmm.","This is Russia, okay. Sao. Eeeem, ya, eee, na anybody else mwenya lingi ya kwa sayita, kufanya mamboa ya ke maze, bariki wa sana. Eee, unaziana! Isa sayina ito ivory. Hmm.",sw-KE
abel_mutua_000018,/home/ray/Desktop/mkuru/dataset/segmented/6vNZzV0PYsQ_Enter_The_Dragon____Mkurugen/6vNZzV0PYsQ_Enter_The_Dragon____Mkurugen_00017.wav,12.88,"Sasa ukisha piga aivori ako, kuna topingine, kuna ii quota zip, almost simila kala, almost. Sasa unato aii, una piga yo, dawa wali ako e-episode ngini, muta yona. Eee, ya ni?","Sasa ukisha piga aivori ako, kuna topingine, kuna ii quota zip, almost simila kala, almost. Sasa unato aii, una piga yo, dawa wali ako e-episode ngini, muta yona. Eee, ya ni?","Sasa ukisha piga aivori ako, kuna topingine, kuna ii quota zip, almost simila kala, almost. Sasa unato aii, una piga yo, dawa wali ako e-episode ngini, muta yona. Eee, ya ni?",sw-KE
abel_mutua_000019,/home/ray/Desktop/mkuru/dataset/segmented/6vNZzV0PYsQ_Enter_The_Dragon____Mkurugen/6vNZzV0PYsQ_Enter_The_Dragon____Mkurugen_00018.wav,13.51,"You have options, ukona options. Ha Ha Ha Ha Ha Ha Ha Ha Ha Ha Ha Ha Ha Ha Ha Ha Ha Ha Ha Ha Ha Ha Ha Ha Ha Ha Ha Ha Ha Ha Ha Ha Ha Ha Ha Ha Ha Ha Ha Ha Ha Ha Ha Ha Ha Ha Ha Ha Ha Ha Ha Ha Ha Ha Ha Ha Ha Ha Ha Ha Ha Ha Ha Ha Ha Ha Ha Ha Ha Ha Ha Ha Ha Ha Ha Ha Ha Ha Ha Ha Ha Ha Ha Ha Ha Ha Ha Ha Ha Ha Ha Ha Ha Ha Ha Ha Ha Ha Ha Ha Ha Ha Ha Ha Ha Ha Ha Ha Ha Ha Ha Ha Ha Ha Ha Ha Ha Ha Ha Ha Ha Ha Ha Ha Ha Ha Ha Ha Ha Ha Ha Ha Ha Ha Ha Ha Ha Ha Ha Ha Ha Ha Ha Ha Ha Ha Ha Ha Ha Ha Ha Ha Ha Ha Ha Ha Ha Ha Ha Ha Ha Ha Ha Ha Ha Ha Ha Ha Ha Ha Ha Ha Ha Ha Ha Ha Ha Ha Ha Ha Ha Ha Ha Ha Ha Ha Ha Ha Ha Ha Ha Ha Ha Ha Ha Ha Ha Ha Ha Ha Ha Ha Ha Ha Ha Ha Ha Ha Ha Ha Ha Ha Ha Ha Ha Ha Ha Ha Ha Ha Ha Ha Ha","You have options, ukona options. Ha Ha Ha Ha Ha Ha Ha Ha Ha Ha Ha Ha Ha Ha Ha Ha Ha Ha Ha Ha Ha Ha Ha Ha Ha Ha Ha Ha Ha Ha Ha Ha Ha Ha Ha Ha Ha Ha Ha Ha Ha Ha Ha Ha Ha Ha Ha Ha Ha Ha Ha Ha Ha Ha Ha Ha Ha Ha Ha Ha Ha Ha Ha Ha Ha Ha Ha Ha Ha Ha Ha Ha Ha Ha Ha Ha Ha Ha Ha Ha Ha Ha Ha Ha Ha Ha Ha Ha Ha Ha Ha Ha Ha Ha Ha Ha Ha Ha Ha Ha Ha Ha Ha Ha Ha Ha Ha Ha Ha Ha Ha Ha Ha Ha Ha Ha Ha Ha Ha Ha Ha Ha Ha Ha Ha Ha Ha Ha Ha Ha Ha Ha Ha Ha Ha Ha Ha Ha Ha Ha Ha Ha Ha Ha Ha Ha Ha Ha Ha Ha Ha Ha Ha Ha Ha Ha Ha Ha Ha Ha Ha Ha Ha Ha Ha Ha Ha Ha Ha Ha Ha Ha Ha Ha Ha Ha Ha Ha Ha Ha Ha Ha Ha Ha Ha Ha Ha Ha Ha Ha Ha Ha Ha Ha Ha Ha Ha Ha Ha Ha Ha Ha Ha Ha Ha Ha Ha Ha Ha Ha Ha Ha Ha Ha Ha Ha Ha Ha Ha Ha Ha Ha Ha","You have options, ukona options. Ha Ha Ha Ha Ha Ha Ha Ha Ha Ha Ha Ha Ha Ha Ha Ha Ha Ha Ha Ha Ha Ha Ha Ha Ha Ha Ha Ha Ha Ha Ha Ha Ha Ha Ha Ha Ha Ha Ha Ha Ha Ha Ha Ha Ha Ha Ha Ha Ha Ha Ha Ha Ha Ha Ha Ha Ha Ha Ha Ha Ha Ha Ha Ha Ha Ha Ha Ha Ha Ha Ha Ha Ha Ha Ha Ha Ha Ha Ha Ha Ha Ha Ha Ha Ha Ha Ha Ha Ha Ha Ha Ha Ha Ha Ha Ha Ha Ha Ha Ha Ha Ha Ha Ha Ha Ha Ha Ha Ha Ha Ha Ha Ha Ha Ha Ha Ha Ha Ha Ha Ha Ha Ha Ha Ha Ha Ha Ha Ha Ha Ha Ha Ha Ha Ha Ha Ha Ha Ha Ha Ha Ha Ha Ha Ha Ha Ha Ha Ha Ha Ha Ha Ha Ha Ha Ha Ha Ha Ha Ha Ha Ha Ha Ha Ha Ha Ha Ha Ha Ha Ha Ha Ha Ha Ha Ha Ha Ha Ha Ha Ha Ha Ha Ha Ha Ha Ha Ha Ha Ha Ha Ha Ha Ha Ha Ha Ha Ha Ha Ha Ha Ha Ha Ha Ha Ha Ha Ha Ha Ha Ha Ha Ha Ha Ha Ha Ha Ha Ha Ha Ha Ha Ha",sw-KE
abel_mutua_000020,/home/ray/Desktop/mkuru/dataset/segmented/6vNZzV0PYsQ_Enter_The_Dragon____Mkurugen/6vNZzV0PYsQ_Enter_The_Dragon____Mkurugen_00019.wav,2.7,Rokit wi pride. Okay!,Rokit wi pride. Okay!,Rokit wi pride. Okay!,sw-KE
abel_mutua_000021,/home/ray/Desktop/mkuru/dataset/segmented/6vNZzV0PYsQ_Enter_The_Dragon____Mkurugen/6vNZzV0PYsQ_Enter_The_Dragon____Mkurugen_00020.wav,12.65,Nyambu muna pointiwa sabi. Nyambu muna sema hii alishika imeku angozi. Atoi? Atoi? Analala na yo.,Nyambu muna pointiwa sabi. Nyambu muna sema hii alishika imeku angozi. Atoi? Atoi? Analala na yo.,Nyambu muna pointiwa sabi. Nyambu muna sema hii alishika imeku angozi. Atoi? Atoi? Analala na yo.,sw-KE
abel_mutua_000022,/home/ray/Desktop/mkuru/dataset/segmented/6vNZzV0PYsQ_Enter_The_Dragon____Mkurugen/6vNZzV0PYsQ_Enter_The_Dragon____Mkurugen_00021.wav,13.54,"Alaitu a Rusi, ako naio, interview ya kazi, naio, maradona, maradona na kimia, naio. Amali naeni, surfing.","Alaitu a Rusi, ako naio, interview ya kazi, naio, maradona, maradona na kimia, naio. Amali naeni, surfing.","Alaitu a Rusi, ako naio, interview ya kazi, naio, maradona, maradona na kimia, naio. Amali naeni, surfing.",sw-KE
abel_mutua_000023,/home/ray/Desktop/mkuru/dataset/segmented/6vNZzV0PYsQ_Enter_The_Dragon____Mkurugen/6vNZzV0PYsQ_Enter_The_Dragon____Mkurugen_00022.wav,13.61,"Ha, nyambuwe usi ambiwe, wepega, wepega. Ha, imkwani ikonini. Ha, very nice. Okay, now, hii episode ya leo, in fact.","Ha, nyambuwe usi ambiwe, wepega, wepega. Ha, imkwani ikonini. Ha, very nice. Okay, now, hii episode ya leo, in fact.","Ha, nyambuwe usi ambiwe, wepega, wepega. Ha, imkwani ikonini. Ha, very nice. Okay, now, hii episode ya leo, in fact.",sw-KE
abel_mutua_000024,/home/ray/Desktop/mkuru/dataset/segmented/6vNZzV0PYsQ_Enter_The_Dragon____Mkurugen/6vNZzV0PYsQ_Enter_The_Dragon____Mkurugen_00023.wav,10.78,"Nimei piti ya, wala hii siya mini, watu wangu wa tek nia mbieni kama hii zivitu niposibol. Jumi ni, hii, nili kwa, nimefika malin kanza kuna, hii siya, bye, hii.","Nimei piti ya, wala hii siya mini, watu wangu wa tek nia mbieni kama hii zivitu niposibol. Jumi ni, hii, nili kwa, nimefika malin kanza kuna, hii siya, bye, hii.","Nimei piti ya, wala hii siya mini, watu wangu wa tek nia mbieni kama hii zivitu niposibol. Jumi ni, hii, nili kwa, nimefika malin kanza kuna, hii siya, bye, hii.",sw-KE
abel_mutua_000025,/home/ray/Desktop/mkuru/dataset/segmented/6vNZzV0PYsQ_Enter_The_Dragon____Mkurugen/6vNZzV0PYsQ_Enter_The_Dragon____Mkurugen_00024.wav,11.08,"Juhu ei kukuna vidumutu watu etu wa mefaini wa apa, maa jabu. Na juna juhu anikona watu watu ei kataari sana, infakt, anytime saiteki wa naka noma kido gukuna tuki kosia teki wa wakurugenzi.","Juhu ei kukuna vidumutu watu etu wa mefaini wa apa, maa jabu. Na juna juhu anikona watu watu ei kataari sana, infakt, anytime saiteki wa naka noma kido gukuna tuki kosia teki wa Wakurugenzi.","Juhu ei kukuna vidumutu watu etu wa mefaini wa apa, maa jabu. Na juna juhu anikona watu watu ei kataari sana, infakt, anytime saiteki wa naka noma kido gukuna tuki kosia teki wa Wakurugenzi.",sw-KE
abel_mutua_000026,/home/ray/Desktop/mkuru/dataset/segmented/6vNZzV0PYsQ_Enter_The_Dragon____Mkurugen/6vNZzV0PYsQ_Enter_The_Dragon____Mkurugen_00025.wav,10.7,"Wana richa utu wana nia mbe niaje, oh, sijuku na nini, nini, flani apoko nini, nini, nini, ei, bitu deep. Natu na ndatuna pata gai ni ukueli, hei hei hei hei hei hei hei hei hei hei hei hei hei hei hei hei hei hei hei hei hei hei hei hei hei hei hei hei hei hei hei hei hei hei hei hei hei hei hei hei hei hei hei hei hei hei hei hei hei hei hei hei hei hei hei hei hei hei hei hei hei hei hei hei hei hei hei hei hei hei hei hei hei hei hei hei hei hei hei hei hei hei hei hei hei hei hei hei hei hei hei hei hei hei hei hei hei hei hei hei hei hei hei he","Wana richa utu wana nia mbe niaje, oh, sijuku na nini, nini, flani apoko nini, nini, nini, ei, bitu deep. Natu na ndatuna pata gai ni ukueli, hei hei hei hei hei hei hei hei hei hei hei hei hei hei hei hei hei hei hei hei hei hei hei hei hei hei hei hei hei hei hei hei hei hei hei hei hei hei hei hei hei hei hei hei hei hei hei hei hei hei hei hei hei hei hei hei hei hei hei hei hei hei hei hei hei hei hei hei hei hei hei hei hei hei hei hei hei hei hei hei hei hei hei hei hei hei hei hei hei hei hei hei hei hei hei hei hei hei hei hei hei hei hei he","Wana richa utu wana nia mbe niaje, oh, sijuku na nini, nini, flani apoko nini, nini, nini, ei, bitu deep. Natu na ndatuna pata gai ni ukueli, hei hei hei hei hei hei hei hei hei hei hei hei hei hei hei hei hei hei hei hei hei hei hei hei hei hei hei hei hei hei hei hei hei hei hei hei hei hei hei hei hei hei hei hei hei hei hei hei hei hei hei hei hei hei hei hei hei hei hei hei hei hei hei hei hei hei hei hei hei hei hei hei hei hei hei hei hei hei hei hei hei hei hei hei hei hei hei hei hei hei hei hei hei hei hei hei hei hei hei hei hei hei hei he",sw-KE
abel_mutua_000027,/home/ray/Desktop/mkuru/dataset/segmented/6vNZzV0PYsQ_Enter_The_Dragon____Mkurugen/6vNZzV0PYsQ_Enter_The_Dragon____Mkurugen_00026.wav,6.08,"Nini ambiyeni kama hiki tu niposibol, kama niposibol wa tutu wakua kiafula pa inje. So kuna boy flani.","Nini ambiyeni kama hiki tu niposibol, kama niposibol wa tutu wakua kiafula pa inje. So kuna boy flani.","Nini ambiyeni kama hiki tu niposibol, kama niposibol wa tutu wakua kiafula pa inje. So kuna boy flani.",sw-KE
abel_mutua_000028,/home/ray/Desktop/mkuru/dataset/segmented/6vNZzV0PYsQ_Enter_The_Dragon____Mkurugen/6vNZzV0PYsQ_Enter_The_Dragon____Mkurugen_00027.wav,8.34,"Ha me maliza chuo fiti, I think ame ingi akampo, ame pigama ingenia ringza, ke safi ame maliza, lakini sunad yua situation bile iko, pokaziki dogo triki.","Ha me maliza chuo fiti, I think ame ingi akampo, ame pigama ingenia ringza, ke safi ame maliza, lakini sunad yua situation bile iko, pokaziki dogo triki.","Ha me maliza chuo fiti, I think ame ingi akampo, ame pigama ingenia ringza, ke safi ame maliza, lakini sunad yua situation bile iko, pokaziki dogo triki.",sw-KE
abel_mutua_000029,/home/ray/Desktop/mkuru/dataset/segmented/6vNZzV0PYsQ_Enter_The_Dragon____Mkurugen/6vNZzV0PYsQ_Enter_The_Dragon____Mkurugen_00028.wav,11.97,"So skumoja kiyo me bangeiza, bangeiza pale, one of his uncles anakam, nani uncle anapendam baya, wana jua kila familie na koga, na ule angkoflani hii, anakwa ga, yaa kakwetusim na juhu angkoni nani.","So skumoja kiyo me bangeiza, bangeiza pale, one of his uncles anakam, nani uncle anapendam baya, wana jua kila familie na koga, na ule angkoflani hii, anakwa ga, yaa kakwetusim na juhu angkoni nani.","So skumoja kiyo me bangeiza, bangeiza pale, one of his uncles anakam, nani uncle anapendam baya, wana jua kila familie na koga, na ule angkoflani hii, anakwa ga, yaa kakwetusim na juhu angkoni nani.",sw-KE
abel_mutua_000030,/home/ray/Desktop/mkuru/dataset/segmented/6vNZzV0PYsQ_Enter_The_Dragon____Mkurugen/6vNZzV0PYsQ_Enter_The_Dragon____Mkurugen_00029.wav,11.7,"Niaja kito keada, aa, muna diwa, ei, anko wama fo. Okay, so, ei, anko akakam, akam shojo, ei, miti anko.","Niaja kito keada, aa, muna diwa, ei, anko wama fo. Okay, so, ei, anko akakam, akam shojo, ei, miti anko.","Niaja kito keada, aa, muna diwa, ei, anko wama fo. Okay, so, ei, anko akakam, akam shojo, ei, miti anko.",sw-KE
abel_mutua_000031,/home/ray/Desktop/mkuru/dataset/segmented/6vNZzV0PYsQ_Enter_The_Dragon____Mkurugen/6vNZzV0PYsQ_Enter_The_Dragon____Mkurugen_00030.wav,13.78,"Kuna wile, imaisha na ka ena kupiga na pesa hii kwa pa inje, money is out here to be made bana. Unafanya ni ni, weka mbanani kwingi zemboka. So kijana ka ena kutana na anko, na anko aka mwingi zakwa, kwenboka.","Kuna wile, imaisha na ka ena kupiga na pesa hii kwa pa inje, money is out here to be made bana. Unafanya ni ni, weka mbanani kwingi zemboka. So kijana ka ena kutana na anko, na anko aka mwingi zakwa, kwenboka.","Kuna wile, imaisha na ka ena kupiga na pesa hii kwa pa inje, money is out here to be made bana. Unafanya ni ni, weka mbanani kwingi zemboka. So kijana ka ena kutana na anko, na anko aka mwingi zakwa, kwenboka.",sw-KE
abel_mutua_000032,/home/ray/Desktop/mkuru/dataset/segmented/6vNZzV0PYsQ_Enter_The_Dragon____Mkurugen/6vNZzV0PYsQ_Enter_The_Dragon____Mkurugen_00031.wav,9.6,"Kazi li kwa gani, kazi li kwa kusuka muatu, masimu, kwa market place. Osu ju ya kina Gigi, Facebook Market Place, ee, anakam.","Kazi li kwa gani, kazi li kwa kusuka muatu, masimu, kwa market place. Osu ju ya kina Gigi, Facebook Market Place, ee, anakam.","Kazi li kwa gani, kazi li kwa kusuka muatu, masimu, kwa market place. Osu ju ya kina Gigi, Facebook Market Place, ee, anakam.",sw-KE
abel_mutua_000033,/home/ray/Desktop/mkuru/dataset/segmented/6vNZzV0PYsQ_Enter_The_Dragon____Mkurugen/6vNZzV0PYsQ_Enter_The_Dragon____Mkurugen_00032.wav,13.47,"Ana pretenda nata kakununu asimu, dhen kidogo kidogos, jia meyenda kutokta waifa yoa, pichuwaa meyenda. So yundi wo shugli anko ame kwa kipigena, ame kwa kivunan bae. Juhie anata get two high end phones, specially android.","Ana pretenda nata kakununu asimu, dhen kidogo kidogos, jia meyenda kutokta waifa yoa, pichuwaa meyenda. So yundi wo shugli anko ame kwa kipigena, ame kwa kivunan bae. Juhie anata get two high end phones, specially android.","Ana pretenda nata kakununu asimu, dhen kidogo kidogos, jia meyenda kutokta waifa yoa, pichuwaa meyenda. So yundi wo shugli anko ame kwa kipigena, ame kwa kivunan bae. Juhie anata get two high end phones, specially android.",sw-KE
abel_mutua_000034,/home/ray/Desktop/mkuru/dataset/segmented/6vNZzV0PYsQ_Enter_The_Dragon____Mkurugen/6vNZzV0PYsQ_Enter_The_Dragon____Mkurugen_00033.wav,12.38,"So sijuka manze yuza Fupal sama nini, ee, but ee, alikwame kimbiza wase, alikwana ishi fiti sana. Garimbili, hawpua, tatu bedrum lakini, ako peki akena ni special sufi, ya ni alikwana stay poa.","So sijuka manze yuza Fupal sama nini, ee, but ee, alikwame kimbiza wase, alikwana ishi fiti sana. Garimbili, hawpua, tatu bedrum lakini, ako peki akena ni special sufi, ya ni alikwana stay poa.","So sijuka manze yuza Fupal sama nini, ee, but ee, alikwame kimbiza wase, alikwana ishi fiti sana. Garimbili, hawpua, tatu bedrum lakini, ako peki akena ni special sufi, ya ni alikwana stay poa.",sw-KE
abel_mutua_000035,/home/ray/Desktop/mkuru/dataset/segmented/6vNZzV0PYsQ_Enter_The_Dragon____Mkurugen/6vNZzV0PYsQ_Enter_The_Dragon____Mkurugen_00034.wav,11.97,"So ukijanaka ona ile maisha ujama na isi ya ka, tamina takad yo, so that is how he was recruited. So aka ingeyo, sugli na wali kwa na pigeyo, ninina ena wali kwa na vuna deadly, utapataina wik, wame la lisha kitu kama mi ambili.","So ukijanaka ona ile maisha ujama na isi ya ka, tamina takad yo, so that is how he was recruited. So aka ingeyo, sugli na wali kwa na pigeyo, ninina ena wali kwa na vuna deadly, utapataina wik, wame la lisha kitu kama mi ambili.","So ukijanaka ona ile maisha ujama na isi ya ka, tamina takad yo, so that is how he was recruited. So aka ingeyo, sugli na wali kwa na pigeyo, ninina ena wali kwa na vuna deadly, utapataina wik, wame la lisha kitu kama mi ambili.",sw-KE
abel_mutua_000036,/home/ray/Desktop/mkuru/dataset/segmented/6vNZzV0PYsQ_Enter_The_Dragon____Mkurugen/6vNZzV0PYsQ_Enter_The_Dragon____Mkurugen_00035.wav,11.01,"Hei, like wuki kambaya, wuki mojata zahidi wana ingiza. So, hii ndi ikakwaga routine, baka palehom mali wuki janawe tumdoga me toka.","Hei, like wuki kambaya, wuki mojata zahidi wana ingiza. So, hii ndi ikakwaga routine, baka palehom mali wuki janawe tumdoga me toka.","Hei, like wuki kambaya, wuki mojata zahidi wana ingiza. So, hii ndi ikakwaga routine, baka palehom mali wuki janawe tumdoga me toka.",sw-KE
abel_mutua_000037,/home/ray/Desktop/mkuru/dataset/segmented/6vNZzV0PYsQ_Enter_The_Dragon____Mkurugen/6vNZzV0PYsQ_Enter_The_Dragon____Mkurugen_00036.wav,10.78,"Watoa kanzakunutis, hei, hei, boi weitu mamba ya kei memfukia, hei ya na kuna vile tua kosawa. So skumoja mazeu wame ingia shugli kama kao, wame ingia kwa metandao.","Watoa kanzakunutis, hei, hei, boi weitu mamba ya kei memfukia, hei ya na kuna vile tua kosawa. So skumoja mazeu wame ingia shugli kama kao, wame ingia kwa metandao.","Watoa kanzakunutis, hei, hei, boi weitu mamba ya kei memfukia, hei ya na kuna vile tua kosawa. So skumoja mazeu wame ingia shugli kama kao, wame ingia kwa metandao.",sw-KE
abel_mutua_000038,/home/ray/Desktop/mkuru/dataset/segmented/6vNZzV0PYsQ_Enter_The_Dragon____Mkurugen/6vNZzV0PYsQ_Enter_The_Dragon____Mkurugen_00037.wav,13.28,"Pale kwa Gigi, waka identify mse moja li kwa nausasi mumbili, moja li kwa Apple na Android, na zote zi li kwa zahiyo muaka. So I guess li kwa 2014, so yo time li kwa kani 14, li kwa ju?","Pale kwa Gigi, waka identify mse moja li kwa nausasi mumbili, moja li kwa Apple na Android, na zote zi li kwa zahiyo muaka. So I guess li kwa 2014, so yo time li kwa kani 14, li kwa ju?","Pale kwa Gigi, waka identify mse moja li kwa nausasi mumbili, moja li kwa Apple na Android, na zote zi li kwa zahiyo muaka. So I guess li kwa 2014, so yo time li kwa kani 14, li kwa ju?",sw-KE
abel_mutua_000039,/home/ray/Desktop/mkuru/dataset/segmented/6vNZzV0PYsQ_Enter_The_Dragon____Mkurugen/6vNZzV0PYsQ_Enter_The_Dragon____Mkurugen_00038.wav,11.6,"Amani 15. I think ni 14 nili kwa ju. So li kwa na wuza iyo, na samsa nia iyo times, geni S21 li kwa ni 2014. Ah, see 2014, 2024, sorry, 2024.","Amani 15. I think ni 14 nili kwa ju. So li kwa na wuza iyo, na samsa nia iyo times, geni S21 li kwa ni 2014. Ah, see 2014, 2024, sorry, 2024.","Amani 15. I think ni 14 nili kwa ju. So li kwa na wuza iyo, na samsa nia iyo times, geni S21 li kwa ni 2014. Ah, see 2014, 2024, sorry, 2024.",sw-KE
abel_mutua_000040,/home/ray/Desktop/mkuru/dataset/segmented/6vNZzV0PYsQ_Enter_The_Dragon____Mkurugen/6vNZzV0PYsQ_Enter_The_Dragon____Mkurugen_00039.wav,13.93,"So, wama enda wama organize feety meeting, wama kutana, then maliwana kutana hii li kwa samu ya pa thika road. So, sigiwa li kwa na hii gia kwa hoteli ikon Tania Mall. Ya, I think wila Tania Mall kuna kwa gana nii kwa food court.","So, wama enda wama organize feety meeting, wama kutana, then maliwana kutana hii li kwa samu ya pa thika road. So, sigiwa li kwa na hii gia kwa hoteli ikon Tania Mall. Ya, I think wila Tania Mall kuna kwa gana nii kwa food court.","So, wama enda wama organize feety meeting, wama kutana, then maliwana kutana hii li kwa samu ya pa thika road. So, sigiwa li kwa na hii gia kwa hoteli ikon Tania Mall. Ya, I think wila Tania Mall kuna kwa gana nii kwa food court.",sw-KE
abel_mutua_000041,/home/ray/Desktop/mkuru/dataset/segmented/6vNZzV0PYsQ_Enter_The_Dragon____Mkurugen/6vNZzV0PYsQ_Enter_The_Dragon____Mkurugen_00040.wav,11.04,"I think so. I'm at the hotel na kwa gapachini kwa ground floor. So amekutana pale maze, kwa zahama boiwe tuwa kawanao jama kishuka, nabagia kia laptop na masimumbili kwanfuko.","I think so. I'm at the hotel na kwa gapachini kwa ground floor. So amekutana pale maze, kwa zahama boiwe tuwa kawanao jama kishuka, nabagia kia laptop na masimumbili kwanfuko.","I think so. I'm at the hotel na kwa gapachini kwa ground floor. So amekutana pale maze, kwa zahama boiwe tuwa kawanao jama kishuka, nabagia kia laptop na masimumbili kwanfuko.",sw-KE
abel_mutua_000042,/home/ray/Desktop/mkuru/dataset/segmented/6vNZzV0PYsQ_Enter_The_Dragon____Mkurugen/6vNZzV0PYsQ_Enter_The_Dragon____Mkurugen_00041.wav,10.36,"Na meshuka awdi flani, ee, baridi, ee, ee, ee, ee, ee, ee, ee, ee, ee, ee, ee, ee, ee, ee, ee, ee, ee, ee, ee, ee, ee, ee, ee, ee, ee, ee, ee, ee, ee, ee, ee, ee, ee, ee, ee, ee, ee, ee, ee, ee, ee, ee, ee, ee, ee, ee, ee, ee, ee, ee, ee, ee, ee, ee, ee, ee, ee, ee, ee, ee, ee, ee, ee, ee, ee, ee, ee, ee, ee, ee","Na meshuka awdi flani, ee, baridi, ee, ee, ee, ee, ee, ee, ee, ee, ee, ee, ee, ee, ee, ee, ee, ee, ee, ee, ee, ee, ee, ee, ee, ee, ee, ee, ee, ee, ee, ee, ee, ee, ee, ee, ee, ee, ee, ee, ee, ee, ee, ee, ee, ee, ee, ee, ee, ee, ee, ee, ee, ee, ee, ee, ee, ee, ee, ee, ee, ee, ee, ee, ee, ee, ee, ee, ee, ee, ee, ee","Na meshuka awdi flani, ee, baridi, ee, ee, ee, ee, ee, ee, ee, ee, ee, ee, ee, ee, ee, ee, ee, ee, ee, ee, ee, ee, ee, ee, ee, ee, ee, ee, ee, ee, ee, ee, ee, ee, ee, ee, ee, ee, ee, ee, ee, ee, ee, ee, ee, ee, ee, ee, ee, ee, ee, ee, ee, ee, ee, ee, ee, ee, ee, ee, ee, ee, ee, ee, ee, ee, ee, ee, ee, ee, ee, ee",sw-KE
abel_mutua_000043,/home/ray/Desktop/mkuru/dataset/segmented/6vNZzV0PYsQ_Enter_The_Dragon____Mkurugen/6vNZzV0PYsQ_Enter_The_Dragon____Mkurugen_00042.wav,11.37,"So wubo yutum dogo, e, akashindomaze wubo mid-twenties maze umeto api gari kamahi na. Ono jokunile sura inaka gaia mtu alizali wanda niya pesa. Inaka ni pesa ame ipata juzi.","So wubo yutum dogo, e, akashindomaze wubo mid-twenties maze umeto api gari kamahi na. Ono jokunile sura inaka gaia mtu alizali wanda niya pesa. Inaka ni pesa ame ipata juzi.","So wubo yutum dogo, e, akashindomaze wubo mid-twenties maze umeto api gari kamahi na. Ono jokunile sura inaka gaia mtu alizali wanda niya pesa. Inaka ni pesa ame ipata juzi.",sw-KE
abel_mutua_000044,/home/ray/Desktop/mkuru/dataset/segmented/6vNZzV0PYsQ_Enter_The_Dragon____Mkurugen/6vNZzV0PYsQ_Enter_The_Dragon____Mkurugen_00043.wav,10.59,"Una jua, uko umeku langori, na chikwaga muda. Hehehehe, hehehehe, hehehehe, hehehehe, na chikwaga, lei, lei, kamamichi no nasaya konjia kuendaku kuwa milyonea.","Una jua, uko umeku langori, na chikwaga muda. Hehehehe, hehehehe, hehehehe, hehehehe, na chikwaga, lei, lei, kamamichi no nasaya konjia kuendaku kuwa milyonea.","Una jua, uko umeku langori, na chikwaga muda. Hehehehe, hehehehe, hehehehe, hehehehe, na chikwaga, lei, lei, kamamichi no nasaya konjia kuendaku kuwa milyonea.",sw-KE
abel_mutua_000045,/home/ray/Desktop/mkuru/dataset/segmented/6vNZzV0PYsQ_Enter_The_Dragon____Mkurugen/6vNZzV0PYsQ_Enter_The_Dragon____Mkurugen_00044.wav,12.73,"Laki na ita mchu kwa miyaka 30 ndio, hiu mamba hii kwa nini ndi toke. Atashka million sayi lakini ndio sasa akwe msmuth, hiu mpati ekama miyaka zingine 25-30 yabu.","Laki na ita mchu kwa miyaka 30 ndio, hiu mamba hii kwa nini ndi toke. Atashka million sayi lakini ndio sasa akwe msmuth, hiu mpati ekama miyaka zingine 25-30 yabu.","Laki na ita mchu kwa miyaka 30 ndio, hiu mamba hii kwa nini ndi toke. Atashka million sayi lakini ndio sasa akwe msmuth, hiu mpati ekama miyaka zingine 25-30 yabu.",sw-KE
abel_mutua_000046,/home/ray/Desktop/mkuru/dataset/segmented/6vNZzV0PYsQ_Enter_The_Dragon____Mkurugen/6vNZzV0PYsQ_Enter_The_Dragon____Mkurugen_00045.wav,12.99,"Uki yunga leo kijana una ya, ya, ya, ya, ya, ya, ya, ya, ya, ya, ya, ya, ya, ya, ya, ya, ya, ya, ya, ya, ya, ya, ya, ya, ya, ya, ya, ya, ya, ya, ya, ya, ya, ya, ya, ya, ya, ya, ya, ya, ya, ya, ya, ya, ya, ya, ya, ya, ya, ya, ya, ya, ya, ya, ya, ya, ya, ya, ya, ya, ya, ya, ya, ya, ya, ya, ya, ya, ya, ya, ya, ya, ya, ya, ya, ya, ya, ya, ya, ya, ya, ya, ya, ya, ya, ya, ya, ya, ya, ya, ya, ya, ya, ya, ya, ya, ya, ya, ya, ya, ya, ya, ya, ya, ya, ya,","Uki yunga leo kijana una ya, ya, ya, ya, ya, ya, ya, ya, ya, ya, ya, ya, ya, ya, ya, ya, ya, ya, ya, ya, ya, ya, ya, ya, ya, ya, ya, ya, ya, ya, ya, ya, ya, ya, ya, ya, ya, ya, ya, ya, ya, ya, ya, ya, ya, ya, ya, ya, ya, ya, ya, ya, ya, ya, ya, ya, ya, ya, ya, ya, ya, ya, ya, ya, ya, ya, ya, ya, ya, ya, ya, ya, ya, ya, ya, ya, ya, ya, ya, ya, ya, ya, ya, ya, ya, ya, ya, ya, ya, ya, ya, ya, ya, ya, ya, ya, ya, ya, ya, ya, ya, ya, ya, ya, ya, ya,","Uki yunga leo kijana una ya, ya, ya, ya, ya, ya, ya, ya, ya, ya, ya, ya, ya, ya, ya, ya, ya, ya, ya, ya, ya, ya, ya, ya, ya, ya, ya, ya, ya, ya, ya, ya, ya, ya, ya, ya, ya, ya, ya, ya, ya, ya, ya, ya, ya, ya, ya, ya, ya, ya, ya, ya, ya, ya, ya, ya, ya, ya, ya, ya, ya, ya, ya, ya, ya, ya, ya, ya, ya, ya, ya, ya, ya, ya, ya, ya, ya, ya, ya, ya, ya, ya, ya, ya, ya, ya, ya, ya, ya, ya, ya, ya, ya, ya, ya, ya, ya, ya, ya, ya, ya, ya, ya, ya, ya, ya,",sw-KE
abel_mutua_000047,/home/ray/Desktop/mkuru/dataset/segmented/6vNZzV0PYsQ_Enter_The_Dragon____Mkurugen/6vNZzV0PYsQ_Enter_The_Dragon____Mkurugen_00046.wav,13.22,"Wachatu ingi e tu pigele biz ime tule, ime tule eta. So wakachu kwa nana boi wakenda wakengi e kwa kamkaha wa pale, na wakakachini boi a kwa ode ambakacha kula, atari atari a wakule diyo wengi e biz. But wakachu kwa realize, they are the ones doing...","Wachatu ingi e tu pigele biz ime tule, ime tule eta. So wakachu kwa nana boi wakenda wakengi e kwa kamkaha wa pale, na wakakachini boi a kwa ode ambakacha kula, atari atari a wakule diyo wengi e biz. But wakachu kwa realize, they are the ones doing...","Wachatu ingi e tu pigele biz ime tule, ime tule eta. So wakachu kwa nana boi wakenda wakengi e kwa kamkaha wa pale, na wakakachini boi a kwa ode ambakacha kula, atari atari a wakule diyo wengi e biz. But wakachu kwa realize, they are the ones doing...",sw-KE
abel_mutua_000048,/home/ray/Desktop/mkuru/dataset/segmented/6vNZzV0PYsQ_Enter_The_Dragon____Mkurugen/6vNZzV0PYsQ_Enter_The_Dragon____Mkurugen_00047.wav,11.62,"Most of the talking. This guy is semi-kitu, like the entire time wali kuapo, ali omgia not more than 50 words. Ya kazi ya ke tu ni kusmail, ya na waskiza, akona laptop ya ke apaju ya meza.","Most of the talking. This guy is semi-kitu, like the entire time wali kuapo, ali omgia not more than 50 words. Ya kazi ya ke tu ni kusmail, ya na waskiza, akona laptop ya ke apaju ya meza.","Most of the talking. This guy is semi-kitu, like the entire time wali kuapo, ali omgia not more than 50 words. Ya kazi ya ke tu ni kusmail, ya na waskiza, akona laptop ya ke apaju ya meza.",sw-KE
abel_mutua_000049,/home/ray/Desktop/mkuru/dataset/segmented/6vNZzV0PYsQ_Enter_The_Dragon____Mkurugen/6vNZzV0PYsQ_Enter_The_Dragon____Mkurugen_00048.wav,13.11,"Ako na tu simu simu, na katua na fanya fanya tuvi tu apu, ako na simu, kido kidogo, nai shika-shika kidizai nivi. At some point ubu uitu akashindomse.","Ako na tu simu simu, na katua na fanya fanya tuvi tu apu, ako na simu, kido kidogo, nai shika-shika kidizai nivi. At some point ubu uitu akashindomse.","Ako na tu simu simu, na katua na fanya fanya tuvi tu apu, ako na simu, kido kidogo, nai shika-shika kidizai nivi. At some point ubu uitu akashindomse.",sw-KE
abel_mutua_000050,/home/ray/Desktop/mkuru/dataset/segmented/6vNZzV0PYsQ_Enter_The_Dragon____Mkurugen/6vNZzV0PYsQ_Enter_The_Dragon____Mkurugen_00049.wav,9.6,"Bini chance na neza kwa na tu rekode. I don't know, kuna kitu tu off na dimina ya ke. But again, wakumboka. Wacha wafane, wafane shugli aw.","Bini chance na neza kwa na tu rekode. I don't know, kuna kitu tu off na dimina ya ke. But again, wakumboka. Wacha wafane, wafane shugli aw.","Bini chance na neza kwa na tu rekode. I don't know, kuna kitu tu off na dimina ya ke. But again, wakumboka. Wacha wafane, wafane shugli aw.",sw-KE
abel_mutua_000051,/home/ray/Desktop/mkuru/dataset/segmented/6vNZzV0PYsQ_Enter_The_Dragon____Mkurugen/6vNZzV0PYsQ_Enter_The_Dragon____Mkurugen_00050.wav,13.18,"So wakanzakongi asa sabi asa raju, wali onais malto kuhu boen ka yuku interested sana. So ika kwa ok, simu iko api wacha tu, tuchungulie boi weitu wa katoa simu, uyo boen mone awdi, akekele asimu zote mbili apo.","So wakanzakongi asa sabi asa raju, wali onais malto kuhu boen ka yuku interested sana. So ika kwa ok, simu iko api wacha tu, tuchungulie boi weitu wa katoa simu, uyo boen mone awdi, akekele asimu zote mbili apo.","So wakanzakongi asa sabi asa raju, wali onais malto kuhu boen ka yuku interested sana. So ika kwa ok, simu iko api wacha tu, tuchungulie boi weitu wa katoa simu, uyo boen mone awdi, akekele asimu zote mbili apo.",sw-KE
abel_mutua_000052,/home/ray/Desktop/mkuru/dataset/segmented/6vNZzV0PYsQ_Enter_The_Dragon____Mkurugen/6vNZzV0PYsQ_Enter_The_Dragon____Mkurugen_00051.wav,13.83,"Befo historia si mu kwanza ingiye, aki ulizuatu yu duni niya kasemaye waga ami iva storia hardware. So, kuna wiliya actually software piya.","Befo historia si mu kwanza ingiye, aki ulizuatu yu duni niya kasemaye waga ami iva storia hardware. So, kuna wiliya actually software piya.","Befo historia si mu kwanza ingiye, aki ulizuatu yu duni niya kasemaye waga ami iva storia hardware. So, kuna wiliya actually software piya.",sw-KE
abel_mutua_000053,/home/ray/Desktop/mkuru/dataset/segmented/6vNZzV0PYsQ_Enter_The_Dragon____Mkurugen/6vNZzV0PYsQ_Enter_The_Dragon____Mkurugen_00052.wav,11.81,"So kuna vile, akona ability aku upgrade vitu. So kawkona eni electronic na eni na nida upgrading unan patia. Laikunezan patia android use less sana, ae ndia yung eze Ram.","So kuna vile, akona ability aku upgrade vitu. So kawkona eni electronic na eni na nida upgrading unan patia. Laikunezan patia android use less sana, ae ndia yung eze Ram.","So kuna vile, akona ability aku upgrade vitu. So kawkona eni electronic na eni na nida upgrading unan patia. Laikunezan patia android use less sana, ae ndia yung eze Ram.",sw-KE
abel_mutua_000054,/home/ray/Desktop/mkuru/dataset/segmented/6vNZzV0PYsQ_Enter_The_Dragon____Mkurugen/6vNZzV0PYsQ_Enter_The_Dragon____Mkurugen_00053.wav,11.86,"Aunga zema features flania ziko na yo model, uneza patakuna android dili toka maybe two years ago, hii kwa na AI, aneza itu kwa ayueke. Like nimde dili.","Aunga zema features flania ziko na yo model, uneza patakuna android dili toka maybe two years ago, hii kwa na AI, aneza itu kwa ayueke. Like nimde dili.","Aunga zema features flania ziko na yo model, uneza patakuna android dili toka maybe two years ago, hii kwa na AI, aneza itu kwa ayueke. Like nimde dili.",sw-KE
abel_mutua_000055,/home/ray/Desktop/mkuru/dataset/segmented/6vNZzV0PYsQ_Enter_The_Dragon____Mkurugen/6vNZzV0PYsQ_Enter_The_Dragon____Mkurugen_00054.wav,12.13,"Aalajoizuwe around the stories of tech. In fact, buewe tuu yu kijana wakiyo na ankoia kia apo. Akambia say, e, kama hibon du odu?","Aalajoizuwe around the stories of tech. In fact, buewe tuu yu kijana wakiyo na ankoia kia apo. Akambia say, e, kama hibon du odu?","Aalajoizuwe around the stories of tech. In fact, buewe tuu yu kijana wakiyo na ankoia kia apo. Akambia say, e, kama hibon du odu?",sw-KE
abel_mutua_000056,/home/ray/Desktop/mkuru/dataset/segmented/6vNZzV0PYsQ_Enter_The_Dragon____Mkurugen/6vNZzV0PYsQ_Enter_The_Dragon____Mkurugen_00055.wav,13.04,"Simu hangwa iko up to date witu, neza ni ongezea ram ju mu piga piga tu video sana na tu picha. Uneza ni ongezea ram tu cheki. Nadia mwa kachukua, kai connect na laptop apua raka fasta, aka fanya mamboa ya ke, azo na ongewa kekula.","Simu hangwa iko up to date witu, neza ni ongezea ram ju mu piga piga tu video sana na tu picha. Uneza ni ongezea ram tu cheki. Nadia mwa kachukua, kai connect na laptop apua raka fasta, aka fanya mamboa ya ke, azo na ongewa kekula.","Simu hangwa iko up to date witu, neza ni ongezea ram ju mu piga piga tu video sana na tu picha. Uneza ni ongezea ram tu cheki. Nadia mwa kachukua, kai connect na laptop apua raka fasta, aka fanya mamboa ya ke, azo na ongewa kekula.",sw-KE
abel_mutua_000057,/home/ray/Desktop/mkuru/dataset/segmented/6vNZzV0PYsQ_Enter_The_Dragon____Mkurugen/6vNZzV0PYsQ_Enter_The_Dragon____Mkurugen_00056.wav,11.7,"Nawa lai aka ungeza ram, first of all, ni posibu, mili danisimu kisha wu ziwa, kamarami ko hapo, ko hapo. Miskudu akuna wile unneza ingiza mavitu, fanya fanya mambo ungeza ram ko asimi.","Nawa lai aka ungeza ram, first of all, ni posibu, mili danisimu kisha wu ziwa, kamarami ko hapo, ko hapo. Miskudu akuna wile unneza ingiza mavitu, fanya fanya mambo ungeza ram ko asimi.","Nawa lai aka ungeza ram, first of all, ni posibu, mili danisimu kisha wu ziwa, kamarami ko hapo, ko hapo. Miskudu akuna wile unneza ingiza mavitu, fanya fanya mambo ungeza ram ko asimi.",sw-KE
abel_mutua_000058,/home/ray/Desktop/mkuru/dataset/segmented/6vNZzV0PYsQ_Enter_The_Dragon____Mkurugen/6vNZzV0PYsQ_Enter_The_Dragon____Mkurugen_00057.wav,11.29,"So atuangua tek nia mbieni. Nii ukweli ama moneh storia na nii, ok. So yos shugli kaisha wakengile storia simu sasa, nilikwani mefikapo sasa wami engi akwa simu.","So atuangua tek nia mbieni. Nii ukweli ama moneh storia na nii, ok. So yos shugli kaisha wakengile storia simu sasa, nilikwani mefikapo sasa wami engi akwa simu.","So atuangua tek nia mbieni. Nii ukweli ama moneh storia na nii, ok. So yos shugli kaisha wakengile storia simu sasa, nilikwani mefikapo sasa wami engi akwa simu.",sw-KE
abel_mutua_000059,/home/ray/Desktop/mkuru/dataset/segmented/6vNZzV0PYsQ_Enter_The_Dragon____Mkurugen/6vNZzV0PYsQ_Enter_The_Dragon____Mkurugen_00058.wav,12.77,Si awa watue mtu na anko ya kewa nata kakununu wa simuza uja ma. So wakacheki zote mbili wakoneile android di kawa bamba. So uiwa anko akase na nata kakwenda kuhu kwingia internet. Indi ususa ayingenda nifiti.,Si awa watue mtu na anko ya kewa nata kakununu wa simuza uja ma. So wakacheki zote mbili wakoneile android di kawa bamba. So uiwa anko akase na nata kakwenda kuhu kwingia internet. Indi ususa ayingenda nifiti.,Si awa watue mtu na anko ya kewa nata kakununu wa simuza uja ma. So wakacheki zote mbili wakoneile android di kawa bamba. So uiwa anko akase na nata kakwenda kuhu kwingia internet. Indi ususa ayingenda nifiti.,sw-KE
abel_mutua_000060,/home/ray/Desktop/mkuru/dataset/segmented/6vNZzV0PYsQ_Enter_The_Dragon____Mkurugen/6vNZzV0PYsQ_Enter_The_Dragon____Mkurugen_00059.wav,10.01,"Mbogi weitu akakubali jamakenda, akawliza uliza uko, pala internet nikai kwa fiti, akarudi akambia monyesimua apa internet nikama nitriiki.","Mbogi weitu akakubali jamakenda, akawliza uliza uko, pala internet nikai kwa fiti, akarudi akambia monyesimua apa internet nikama nitriiki.","Mbogi weitu akakubali jamakenda, akawliza uliza uko, pala internet nikai kwa fiti, akarudi akambia monyesimua apa internet nikama nitriiki.",sw-KE
abel_mutua_000061,/home/ray/Desktop/mkuru/dataset/segmented/6vNZzV0PYsQ_Enter_The_Dragon____Mkurugen/6vNZzV0PYsQ_Enter_The_Dragon____Mkurugen_00060.wav,13.82,"Boiwetunim seyamejipanga, un mungine, mone na uza simu, wa kainki akwa baga katoa pocket wi-fi. Akwa mbiani kona hi, unata kujerbuna hi, ankoa kaka kataa kase maa pana. Wacha ni, nitafte plasingine ni connect mbio-mbio.","Boiwetunim seyamejipanga, un mungine, mone na uza simu, wa kainki akwa baga katoa pocket wi-fi. Akwa mbiani kona hi, unata kujerbuna hi, ankoa kaka kataa kase maa pana. Wacha ni, nitafte plasingine ni connect mbio-mbio.","Boiwetunim seyamejipanga, un mungine, mone na uza simu, wa kainki akwa baga katoa pocket wi-fi. Akwa mbiani kona hi, unata kujerbuna hi, ankoa kaka kataa kase maa pana. Wacha ni, nitafte plasingine ni connect mbio-mbio.",sw-KE
abel_mutua_000062,/home/ray/Desktop/mkuru/dataset/segmented/6vNZzV0PYsQ_Enter_The_Dragon____Mkurugen/6vNZzV0PYsQ_Enter_The_Dragon____Mkurugen_00061.wav,10.28,Denda kam sasa tu tumalizeiki tu. Na wu wu mo nia na uza simu aka moa chak. Sawa nda fanya mambu ako. Anko aka tokana simu na wu wendi yo alizedi. Sasa.,Denda kam sasa tu tumalizeiki tu. Na wu wu mo nia na uza simu aka moa chak. Sawa nda fanya mambu ako. Anko aka tokana simu na wu wendi yo alizedi. Sasa.,Denda kam sasa tu tumalizeiki tu. Na wu wu mo nia na uza simu aka moa chak. Sawa nda fanya mambu ako. Anko aka tokana simu na wu wendi yo alizedi. Sasa.,sw-KE
abel_mutua_000063,/home/ray/Desktop/mkuru/dataset/segmented/6vNZzV0PYsQ_Enter_The_Dragon____Mkurugen/6vNZzV0PYsQ_Enter_The_Dragon____Mkurugen_00062.wav,11.21,"Uyuki jana wetu, anafataften binu ajitoe, sababu iyo simu vile ime nda na hanko, ayroodi iyo ime nda. Soboiwe tu wa katulia, wana piga piga tu smolto kapa ni ni ni ni","Uyuki jana wetu, anafataften binu ajitoe, sababu iyo simu vile ime nda na hanko, ayroodi iyo ime nda. Soboiwe tu wa katulia, wana piga piga tu smolto kapa ni ni ni ni","Uyuki jana wetu, anafataften binu ajitoe, sababu iyo simu vile ime nda na hanko, ayroodi iyo ime nda. Soboiwe tu wa katulia, wana piga piga tu smolto kapa ni ni ni ni",sw-KE
abel_mutua_000064,/home/ray/Desktop/mkuru/dataset/segmented/6vNZzV0PYsQ_Enter_The_Dragon____Mkurugen/6vNZzV0PYsQ_Enter_The_Dragon____Mkurugen_00063.wav,10.25,"At some point, ui mo nyana uza simu waka discover ei na uli anko a lianda na simu siya me kawi yasa na kwa ni rada aken gani. So ui boi wei tuwa kwa po tuwa, ai na mamboa, itik atarudi 2 house, skwena presya.","At some point, ui mo nyana uza simu waka discover ei na uli anko a lianda na simu siya me kawi yasa na kwa ni rada aken gani. So ui boi wei tuwa kwa po tuwa, ai na mamboa, itik atarudi 2 house, skwena presya.","At some point, ui mo nyana uza simu waka discover ei na uli anko a lianda na simu siya me kawi yasa na kwa ni rada aken gani. So ui boi wei tuwa kwa po tuwa, ai na mamboa, itik atarudi 2 house, skwena presya.",sw-KE
abel_mutua_000065,/home/ray/Desktop/mkuru/dataset/segmented/6vNZzV0PYsQ_Enter_The_Dragon____Mkurugen/6vNZzV0PYsQ_Enter_The_Dragon____Mkurugen_00064.wav,13.95,"So ui mo nyanuza simu wakajito wakidoga kwa ambisa, wacha basi ningi woshum kiasi, then, dakam. Now, no na ilapto pali kwa na fanya fanya na hovitu, manze ni expensive kuru ka, wubu ewe tu wakiyo apali, search, komtandao, ni expensive.","So ui mo nyanuza simu wakajito wakidoga kwa ambisa, wacha basi ningi woshum kiasi, then, dakam. Now, no na ilapto pali kwa na fanya fanya na hovitu, manze ni expensive kuru ka, wubu ewe tu wakiyo apali, search, komtandao, ni expensive.","So ui mo nyanuza simu wakajito wakidoga kwa ambisa, wacha basi ningi woshum kiasi, then, dakam. Now, no na ilapto pali kwa na fanya fanya na hovitu, manze ni expensive kuru ka, wubu ewe tu wakiyo apali, search, komtandao, ni expensive.",sw-KE
abel_mutua_000066,/home/ray/Desktop/mkuru/dataset/segmented/6vNZzV0PYsQ_Enter_The_Dragon____Mkurugen/6vNZzV0PYsQ_Enter_The_Dragon____Mkurugen_00065.wav,12.96,"Ei, misdeju akuna laptop za pesa nii giva. So, ubo ya kwa naibya kwa na wa wa wa wa wa. Patronili simu, ei, hata ilapini, yatari. So, akatulia. Sasa ubo ya, mwenye na ibiwa, pa vile lise manata kwinge Oshrun kiasi.","Ei, misdeju akuna laptop za pesa nii giva. So, ubo ya kwa naibya kwa na wa wa wa wa wa. Patronili simu, ei, hata ilapini, yatari. So, akatulia. Sasa ubo ya, mwenye na ibiwa, pa vile lise manata kwinge Oshrun kiasi.","Ei, misdeju akuna laptop za pesa nii giva. So, ubo ya kwa naibya kwa na wa wa wa wa wa. Patronili simu, ei, hata ilapini, yatari. So, akatulia. Sasa ubo ya, mwenye na ibiwa, pa vile lise manata kwinge Oshrun kiasi.",sw-KE
abel_mutua_000067,/home/ray/Desktop/mkuru/dataset/segmented/6vNZzV0PYsQ_Enter_The_Dragon____Mkurugen/6vNZzV0PYsQ_Enter_The_Dragon____Mkurugen_00066.wav,12.44,"Si jamakafu raya kajua, apatruo mio simuimenda yo, ila PPI kai, ina nda naia. Jamakamu kaka nda washroom. Manze, jamakie nda tukush kalapto pibisa sana fungi atoke, ule boi akarudi. Akamu mbye.","Si jamakafu raya kajua, apatruo mio simuimenda yo, ila PPI kai, ina nda naia. Jamakamu kaka nda washroom. Manze, jamakie nda tukush kalapto pibisa sana fungi atoke, ule boi akarudi. Akamu mbye.","Si jamakafu raya kajua, apatruo mio simuimenda yo, ila PPI kai, ina nda naia. Jamakamu kaka nda washroom. Manze, jamakie nda tukush kalapto pibisa sana fungi atoke, ule boi akarudi. Akamu mbye.",sw-KE
abel_mutua_000068,/home/ray/Desktop/mkuru/dataset/segmented/6vNZzV0PYsQ_Enter_The_Dragon____Mkurugen/6vNZzV0PYsQ_Enter_The_Dragon____Mkurugen_00067.wav,12.55,"Baju asasu yu anko yaku amenda na yu phone na siko shua, wacha nisi risk, nisi kuwachena, na easy, wunezapia weni fanyambaya. Akafunga laptopia kia kaiwe kakwa bag na kachukwa hile simu yu iPhone, yu Android demand.","Baju asasu yu anko yaku amenda na yu phone na siko shua, wacha nisi risk, nisi kuwachena, na easy, wunezapia weni fanyambaya. Akafunga laptopia kia kaiwe kakwa bag na kachukwa hile simu yu iPhone, yu Android demand.","Baju asasu yu anko yaku amenda na yu phone na siko shua, wacha nisi risk, nisi kuwachena, na easy, wunezapia weni fanyambaya. Akafunga laptopia kia kaiwe kakwa bag na kachukwa hile simu yu iPhone, yu Android demand.",sw-KE
abel_mutua_000069,/home/ray/Desktop/mkuru/dataset/segmented/6vNZzV0PYsQ_Enter_The_Dragon____Mkurugen/6vNZzV0PYsQ_Enter_The_Dragon____Mkurugen_00068.wav,13.55,"Akaseti kwa bagna, aka nda naia wapi, woshoom. Boiwetu akasema haizuru. Ata kama iyo laptopia pesa mingini mei hata, si bro anko yango amenda nasimu. Aka changam kanae nasimu. Na hivo mihuali ishia, wame kula simu ya wa raka fasta.","Akaseti kwa bagna, aka nda naia wapi, woshoom. Boiwetu akasema haizuru. Ata kama iyo laptopia pesa mingini mei hata, si bro anko yango amenda nasimu. Aka changam kanae nasimu. Na hivo mihuali ishia, wame kula simu ya wa raka fasta.","Akaseti kwa bagna, aka nda naia wapi, woshoom. Boiwetu akasema haizuru. Ata kama iyo laptopia pesa mingini mei hata, si bro anko yango amenda nasimu. Aka changam kanae nasimu. Na hivo mihuali ishia, wame kula simu ya wa raka fasta.",sw-KE
abel_mutua_000070,/home/ray/Desktop/mkuru/dataset/segmented/6vNZzV0PYsQ_Enter_The_Dragon____Mkurugen/6vNZzV0PYsQ_Enter_The_Dragon____Mkurugen_00069.wav,13.53,"So, a few minutes later, wana pata text, so niwyu, boiwe mdogo ndi wana pata text, kuto kakule boiwe wame hii bia. Na hii text na sema...","So, a few minutes later, wana pata text, so niwyu, boiwe mdogo ndi wana pata text, kuto kakule boiwe wame hii bia. Na hii text na sema...","So, a few minutes later, wana pata text, so niwyu, boiwe mdogo ndi wana pata text, kuto kakule boiwe wame hii bia. Na hii text na sema...",sw-KE
abel_mutua_000071,/home/ray/Desktop/mkuru/dataset/segmented/6vNZzV0PYsQ_Enter_The_Dragon____Mkurugen/6vNZzV0PYsQ_Enter_The_Dragon____Mkurugen_00070.wav,11.81,"First of all I jakuja kama text, ilikuja kama pop-up kwa simuake, it's like a pop-up. I hope siku ni ibiya mumeni ibiya, jamakai lenga.","First of all I jakuja kama text, ilikuja kama pop-up kwa simuake, it's like a pop-up. I hope siku ni ibiya mumeni ibiya, jamakai lenga.","First of all I jakuja kama text, ilikuja kama pop-up kwa simuake, it's like a pop-up. I hope siku ni ibiya mumeni ibiya, jamakai lenga.",sw-KE
abel_mutua_000072,/home/ray/Desktop/mkuru/dataset/segmented/6vNZzV0PYsQ_Enter_The_Dragon____Mkurugen/6vNZzV0PYsQ_Enter_The_Dragon____Mkurugen_00071.wav,13.13,"Ako respond, juwame mwibia, si wame nda. After some time, isi mwikalia. Kulia, wule jamakwa ambia, cheki na wapati opportunity ngine ya kure kebisha. Maalitu mumeni wacha.","Ako respond, juwame mwibia, si wame nda. After some time, isi mwikalia. Kulia, wule jamakwa ambia, cheki na wapati opportunity ngine ya kure kebisha. Maalitu mumeni wacha.","Ako respond, juwame mwibia, si wame nda. After some time, isi mwikalia. Kulia, wule jamakwa ambia, cheki na wapati opportunity ngine ya kure kebisha. Maalitu mumeni wacha.",sw-KE
abel_mutua_000073,/home/ray/Desktop/mkuru/dataset/segmented/6vNZzV0PYsQ_Enter_The_Dragon____Mkurugen/6vNZzV0PYsQ_Enter_The_Dragon____Mkurugen_00072.wav,13.31,"Kujeni, nirudishi eni tu kila kitu yangu nita asimakuna kitu mbae mefa nika, nimu ndenji enu, mimi nende, jiya yangu, wuki jana akam tukana, kama mwa biyabana wewa wuna akili jwa wuki ibiwa.","Kujeni, nirudishi eni tu kila kitu yangu nita asimakuna kitu mbae mefa nika, nimu ndenji enu, mimi nende, jiya yangu, wuki jana akam tukana, kama mwa biyabana wewa wuna akili jwa wuki ibiwa.","Kujeni, nirudishi eni tu kila kitu yangu nita asimakuna kitu mbae mefa nika, nimu ndenji enu, mimi nende, jiya yangu, wuki jana akam tukana, kama mwa biyabana wewa wuna akili jwa wuki ibiwa.",sw-KE
abel_mutua_000074,/home/ray/Desktop/mkuru/dataset/segmented/6vNZzV0PYsQ_Enter_The_Dragon____Mkurugen/6vNZzV0PYsQ_Enter_The_Dragon____Mkurugen_00073.wav,13.09,"We na mnaga ya niwewe. Ha ya, we we tu, saafi. Na ibo sindio kwa me pene nasini.","We na mnaga ya niwewe. Ha ya, we we tu, saafi. Na ibo sindio kwa me pene nasini.","We na mnaga ya niwewe. Ha ya, we we tu, saafi. Na ibo sindio kwa me pene nasini.",sw-KE
abel_mutua_000075,/home/ray/Desktop/mkuru/dataset/segmented/6vNZzV0PYsQ_Enter_The_Dragon____Mkurugen/6vNZzV0PYsQ_Enter_The_Dragon____Mkurugen_00074.wav,13.39,"So kutoka apu, first stop, inakwa gani kwa amusewa oflani watek. Umusewa watek kazi ake, nikwenda kusafisha simu, kabisa. Wakanda anko akampatia, yo simu wamechukua.","So kutoka apu, first stop, inakwa gani kwa amusewa oflani watek. Umusewa watek kazi ake, nikwenda kusafisha simu, kabisa. Wakanda anko akampatia, yo simu wamechukua.","So kutoka apu, first stop, inakwa gani kwa amusewa oflani watek. Umusewa watek kazi ake, nikwenda kusafisha simu, kabisa. Wakanda anko akampatia, yo simu wamechukua.",sw-KE
abel_mutua_000076,/home/ray/Desktop/mkuru/dataset/segmented/6vNZzV0PYsQ_Enter_The_Dragon____Mkurugen/6vNZzV0PYsQ_Enter_The_Dragon____Mkurugen_00075.wav,13.49,"Androidio Sampsan, ankoa kaisa fish, I mean, misewa teka kaisa fish akabisa, ikarudim pia. Then ankoa kachuku wasim kada kaweka, kwa yosim, sasa kanzaku itumia. Ami kliya kabisa kila, iya ni?","Androidio Sampsan, ankoa kaisa fish, I mean, misewa teka kaisa fish akabisa, ikarudim pia. Then ankoa kachuku wasim kada kaweka, kwa yosim, sasa kanzaku itumia. Ami kliya kabisa kila, iya ni?","Androidio Sampsan, ankoa kaisa fish, I mean, misewa teka kaisa fish akabisa, ikarudim pia. Then ankoa kachuku wasim kada kaweka, kwa yosim, sasa kanzaku itumia. Ami kliya kabisa kila, iya ni?",sw-KE
abel_mutua_000077,/home/ray/Desktop/mkuru/dataset/segmented/6vNZzV0PYsQ_Enter_The_Dragon____Mkurugen/6vNZzV0PYsQ_Enter_The_Dragon____Mkurugen_00076.wav,13.21,"Kabisa. So, hii kakwa hii ondi yosi muyake. Hii oji onni wakiyenda kulala. Eee... Kuna kitu ali kwa nafaa fanya. Kuna a transaction ali kwa nafaa make.","Kabisa. So, hii kakwa hii ondi yosi muyake. Hii oji onni wakiyenda kulala. Eee... Kuna kitu ali kwa nafaa fanya. Kuna a transaction ali kwa nafaa make.","Kabisa. So, hii kakwa hii ondi yosi muyake. Hii oji onni wakiyenda kulala. Eee... Kuna kitu ali kwa nafaa fanya. Kuna a transaction ali kwa nafaa make.",sw-KE
abel_mutua_000078,/home/ray/Desktop/mkuru/dataset/segmented/6vNZzV0PYsQ_Enter_The_Dragon____Mkurugen/6vNZzV0PYsQ_Enter_The_Dragon____Mkurugen_00077.wav,12.62,"Kwa mpesa. Aka ingi ya mpesa, aka tuma do. Siji kama ilikwani renta, ilikwani lipa iusiku, ilikwani renta, juli kwa 45,000. Hawa ya ke li kwa 45,000. Aka tuma 45,000, maliyana tumaga kwa...","Kwa mpesa. Aka ingi ya mpesa, aka tuma do. Siji kama ilikwani renta, ilikwani lipa iusiku, ilikwani renta, juli kwa 45,000. Hawa ya ke li kwa 45,000. Aka tuma 45,000, maliyana tumaga kwa...","Kwa mpesa. Aka ingi ya mpesa, aka tuma do. Siji kama ilikwani renta, ilikwani lipa iusiku, ilikwani renta, juli kwa 45,000. Hawa ya ke li kwa 45,000. Aka tuma 45,000, maliyana tumaga kwa...",sw-KE
abel_mutua_000079,/home/ray/Desktop/mkuru/dataset/segmented/6vNZzV0PYsQ_Enter_The_Dragon____Mkurugen/6vNZzV0PYsQ_Enter_The_Dragon____Mkurugen_00078.wav,13.61,"Landlord, I think he home to me ya kwa simuda erect. Na 45ke hi kaya nda. Kido kido gu ana pata message ya kusema ili 45ke alitu ma, ime kwa reversed back to his phone. So anashindo kwa ni ni na reverse iwa.","Landlord, I think he home to me ya kwa simuda erect. Na 45ke hi kaya nda. Kido kido gu ana pata message ya kusema ili 45ke alitu ma, ime kwa reversed back to his phone. So anashindo kwa ni ni na reverse iwa.","Landlord, I think he home to me ya kwa simuda erect. Na 45ke hi kaya nda. Kido kido gu ana pata message ya kusema ili 45ke alitu ma, ime kwa reversed back to his phone. So anashindo kwa ni ni na reverse iwa.",sw-KE
abel_mutua_000080,/home/ray/Desktop/mkuru/dataset/segmented/6vNZzV0PYsQ_Enter_The_Dragon____Mkurugen/6vNZzV0PYsQ_Enter_The_Dragon____Mkurugen_00079.wav,12.88,"Konzana nda na confirm anona ya, nikona pesa, 180-something thousand. Soata nikitua 45, nikona kawan 30-something kame baki. Mona siyele kwa ni nina riversiyo, ama maybe simuelandi meja.","Konzana nda na confirm anona ya, nikona pesa, 180-something thousand. Soata nikitua 45, nikona kawan 30-something kame baki. Mona siyele kwa ni nina riversiyo, ama maybe simuelandi meja.","Konzana nda na confirm anona ya, nikona pesa, 180-something thousand. Soata nikitua 45, nikona kawan 30-something kame baki. Mona siyele kwa ni nina riversiyo, ama maybe simuelandi meja.",sw-KE
abel_mutua_000081,/home/ray/Desktop/mkuru/dataset/segmented/6vNZzV0PYsQ_Enter_The_Dragon____Mkurugen/6vNZzV0PYsQ_Enter_The_Dragon____Mkurugen_00080.wav,13.97,"Juhu simu ikijana uki tuma iwezi, iwezi tukua. Before atapige simu kwa landon kumulizani aje mbona na tuma rent in a roody, ana pata mesejin gine. One hundred and thirty thousand chap ime tolewa, ime ndawapi.","Juhu simu ikijana uki tuma iwezi, iwezi tukua. Before atapige simu kwa landon kumulizani aje mbona na tuma rent in a roody, ana pata mesejin gine. One hundred and thirty thousand chap ime tolewa, ime ndawapi.","Juhu simu ikijana uki tuma iwezi, iwezi tukua. Before atapige simu kwa landon kumulizani aje mbona na tuma rent in a roody, ana pata mesejin gine. One hundred and thirty thousand chap ime tolewa, ime ndawapi.",sw-KE
abel_mutua_000082,/home/ray/Desktop/mkuru/dataset/segmented/6vNZzV0PYsQ_Enter_The_Dragon____Mkurugen/6vNZzV0PYsQ_Enter_The_Dragon____Mkurugen_00081.wav,11.4,"Kosiju akwuntu gani me endakununu wa bitcoin. Aga shindu angoja fast. Idoi me tokaje ko empesa hangu ne endakununu wa bitcoin, aje, nininiyu ina happen. Kidogo, kidogo!","Kosiju akwuntu gani me endakununu wa bitcoin. Aga shindu angoja fast. Idoi me tokaje ko empesa hangu ne endakununu wa bitcoin, aje, nininiyu ina happen. Kidogo, kidogo!","Kosiju akwuntu gani me endakununu wa bitcoin. Aga shindu angoja fast. Idoi me tokaje ko empesa hangu ne endakununu wa bitcoin, aje, nininiyu ina happen. Kidogo, kidogo!",sw-KE
abel_mutua_000083,/home/ray/Desktop/mkuru/dataset/segmented/6vNZzV0PYsQ_Enter_The_Dragon____Mkurugen/6vNZzV0PYsQ_Enter_The_Dragon____Mkurugen_00082.wav,13.46,"Siwana stena nani, uyu kijana. Sasa uni anko, uni anko ame pigwa waneti kwa mpesa imenda. Wakuna u kijana apa? Hek, kijana nambia anko maze kuna vituz na hapen, apa siye lewi. Ninini na hapen.","Siwana stena nani, uyu kijana. Sasa uni anko, uni anko ame pigwa waneti kwa mpesa imenda. Wakuna u kijana apa? Hek, kijana nambia anko maze kuna vituz na hapen, apa siye lewi. Ninini na hapen.","Siwana stena nani, uyu kijana. Sasa uni anko, uni anko ame pigwa waneti kwa mpesa imenda. Wakuna u kijana apa? Hek, kijana nambia anko maze kuna vituz na hapen, apa siye lewi. Ninini na hapen.",sw-KE
abel_mutua_000084,/home/ray/Desktop/mkuru/dataset/segmented/6vNZzV0PYsQ_Enter_The_Dragon____Mkurugen/6vNZzV0PYsQ_Enter_The_Dragon____Mkurugen_00083.wav,12.71,"Manze nili kwa na tu pesa kwa mpesa na kutana na ma mesej tu, pap, hii me nda, hii me nunu wa bitcoin. Pap, hii me tolewa emishuari, hii me ingiwa kwa mpesa yango, hii me nda, hii me nunu wa bitcoin.","Manze nili kwa na tu pesa kwa mpesa na kutana na ma mesej tu, pap, hii me nda, hii me nunu wa bitcoin. Pap, hii me tolewa emishuari, hii me ingiwa kwa mpesa yango, hii me nda, hii me nunu wa bitcoin.","Manze nili kwa na tu pesa kwa mpesa na kutana na ma mesej tu, pap, hii me nda, hii me nunu wa bitcoin. Pap, hii me tolewa emishuari, hii me ingiwa kwa mpesa yango, hii me nda, hii me nunu wa bitcoin.",sw-KE
abel_mutua_000085,/home/ray/Desktop/mkuru/dataset/segmented/6vNZzV0PYsQ_Enter_The_Dragon____Mkurugen/6vNZzV0PYsQ_Enter_The_Dragon____Mkurugen_00084.wav,12.91,"Uyumungida na mbombia, tamemi mme dwewe, mme tukutu ma rent, kwa landi, ika riversiwa, then chape yote, ika ishia. Nikama maze, tunasafishwa, nasiju ni nini na hapen. Dwekawa hitu, wa, wa, wa, wa, wa.","Uyumungida na mbombia, tamemi mme dwewe, mme tukutu ma rent, kwa landi, ika riversiwa, then chape yote, ika ishia. Nikama maze, tunasafishwa, nasiju ni nini na hapen. Dwekawa hitu, wa, wa, wa, wa, wa.","Uyumungida na mbombia, tamemi mme dwewe, mme tukutu ma rent, kwa landi, ika riversiwa, then chape yote, ika ishia. Nikama maze, tunasafishwa, nasiju ni nini na hapen. Dwekawa hitu, wa, wa, wa, wa, wa.",sw-KE
abel_mutua_000086,/home/ray/Desktop/mkuru/dataset/segmented/6vNZzV0PYsQ_Enter_The_Dragon____Mkurugen/6vNZzV0PYsQ_Enter_The_Dragon____Mkurugen_00085.wav,13.28,"Ule kijana, ineza kwa kuna kitu by thewe, anafanya ju, siya li connect, simu yanguna laptop waka telekwanani upgrade ya Ram. Aya, namba 2, huyu anko, isimu anatumi asa hii, nisimu ya huyo jama.","Ule kijana, ineza kwa kuna kitu by thewe, anafanya ju, siya li connect, simu yanguna laptop waka telekwanani upgrade ya Ram. Aya, namba 2, huyu anko, isimu anatumi asa hii, nisimu ya huyo jama.","Ule kijana, ineza kwa kuna kitu by thewe, anafanya ju, siya li connect, simu yanguna laptop waka telekwanani upgrade ya Ram. Aya, namba 2, huyu anko, isimu anatumi asa hii, nisimu ya huyo jama.",sw-KE
abel_mutua_000087,/home/ray/Desktop/mkuru/dataset/segmented/6vNZzV0PYsQ_Enter_The_Dragon____Mkurugen/6vNZzV0PYsQ_Enter_The_Dragon____Mkurugen_00086.wav,9.61,"Ali, toa simu katu kwa simu ya kekaka kwa simu ya wu, jamat doa natumi yasai. So, maybe humsia kona access juu, ali fani ezi phones kitu.","Ali, toa simu katu kwa simu ya kekaka kwa simu ya wu, jamat doa natumi yasai. So, maybe humsia kona access juu, ali fani ezi phones kitu.","Ali, toa simu katu kwa simu ya kekaka kwa simu ya wu, jamat doa natumi yasai. So, maybe humsia kona access juu, ali fani ezi phones kitu.",sw-KE
abel_mutua_000088,/home/ray/Desktop/mkuru/dataset/segmented/6vNZzV0PYsQ_Enter_The_Dragon____Mkurugen/6vNZzV0PYsQ_Enter_The_Dragon____Mkurugen_00087.wav,11.61,"Manze, nikungo jasubu hii fike, wajusasa the next cause of action, jusasa hapaninoma. Oh, oh, oh, oh, oh, oh, oh, oh, oh, oh, oh, oh, oh, oh, oh, oh, oh, oh, oh, oh, oh, oh, oh, oh, oh, oh, oh, oh, oh, oh, oh, oh, oh, oh, oh, oh, oh, oh, oh, oh, oh, oh, oh, oh, oh, oh, oh, oh, oh, oh, oh, oh, oh, oh, oh, oh, oh, oh, oh, oh, oh, oh, oh, oh, oh, oh, oh, oh, oh, oh, oh, oh, oh, oh, oh, oh, oh, oh, oh, oh, oh, oh, oh, oh, oh, oh, oh, oh, oh, oh, oh, oh, oh, oh, oh, oh, oh, oh, oh, oh, oh, oh, oh, oh, oh, oh, oh, oh, oh, oh, oh, oh","Manze, nikungo jasubu hii fike, wajusasa the next cause of action, jusasa hapaninoma. Oh, oh, oh, oh, oh, oh, oh, oh, oh, oh, oh, oh, oh, oh, oh, oh, oh, oh, oh, oh, oh, oh, oh, oh, oh, oh, oh, oh, oh, oh, oh, oh, oh, oh, oh, oh, oh, oh, oh, oh, oh, oh, oh, oh, oh, oh, oh, oh, oh, oh, oh, oh, oh, oh, oh, oh, oh, oh, oh, oh, oh, oh, oh, oh, oh, oh, oh, oh, oh, oh, oh, oh, oh, oh, oh, oh, oh, oh, oh, oh, oh, oh, oh, oh, oh, oh, oh, oh, oh, oh, oh, oh, oh, oh, oh, oh, oh, oh, oh, oh, oh, oh, oh, oh, oh, oh, oh, oh, oh, oh, oh, oh","Manze, nikungo jasubu hii fike, wajusasa the next cause of action, jusasa hapaninoma. Oh, oh, oh, oh, oh, oh, oh, oh, oh, oh, oh, oh, oh, oh, oh, oh, oh, oh, oh, oh, oh, oh, oh, oh, oh, oh, oh, oh, oh, oh, oh, oh, oh, oh, oh, oh, oh, oh, oh, oh, oh, oh, oh, oh, oh, oh, oh, oh, oh, oh, oh, oh, oh, oh, oh, oh, oh, oh, oh, oh, oh, oh, oh, oh, oh, oh, oh, oh, oh, oh, oh, oh, oh, oh, oh, oh, oh, oh, oh, oh, oh, oh, oh, oh, oh, oh, oh, oh, oh, oh, oh, oh, oh, oh, oh, oh, oh, oh, oh, oh, oh, oh, oh, oh, oh, oh, oh, oh, oh, oh, oh, oh",sw-KE
abel_mutua_000089,/home/ray/Desktop/mkuru/dataset/segmented/6vNZzV0PYsQ_Enter_The_Dragon____Mkurugen/6vNZzV0PYsQ_Enter_The_Dragon____Mkurugen_00088.wav,13.46,"1.3 million from your family bank account has been sent to Anko. So uniki jana. Ulajio eniki jana, wame iba ita unbaka kwa account ako na mita na. Yo mita, inajkulio ina peli kwa kwa Anko. Alambia Anko, weh!","1.3 million from your family bank account has been sent to Anko. So uniki jana. Ulajio eniki jana, wame iba ita unbaka kwa account ako na mita na. Yo mita, inajkulio ina peli kwa kwa Anko. Alambia Anko, weh!","1.3 million from your family bank account has been sent to Anko. So uniki jana. Ulajio eniki jana, wame iba ita unbaka kwa account ako na mita na. Yo mita, inajkulio ina peli kwa kwa Anko. Alambia Anko, weh!",sw-KE
abel_mutua_000090,/home/ray/Desktop/mkuru/dataset/segmented/6vNZzV0PYsQ_Enter_The_Dragon____Mkurugen/6vNZzV0PYsQ_Enter_The_Dragon____Mkurugen_00089.wav,9.42,Mase kuna doi me tole wako akwanti angu yi mepele kwa kwa kwa kwa kwa kwa kwa kwa kwa kwa kwa kwa kwa kwa kwa kwa kwa kwa kwa kwa kwa kwa kwa kwa kwa kwa kwa kwa kwa kwa kwa kwa kwa kwa kwa kwa kwa kwa kwa kwa kwa kwa kwa kwa kwa kwa kwa kwa kwa kwa kwa kwa kwa kwa kwa kwa kwa kwa kwa kwa kwa kwa kwa kwa kwa kwa kwa kwa kwa kwa kwa kwa kwa kwa kwa kwa kwa kwa kwa kwa kwa kwa kwa kwa kwa kwa kwa kwa kwa kwa kwa kwa kwa kwa kwa kwa kwa kwa kwa kwa kwa,Mase kuna doi me tole wako akwanti angu yi mepele kwa kwa,Mase kuna doi me tole wako akwanti angu yi mepele kwa kwa,sw-KE
abel_mutua_000091,/home/ray/Desktop/mkuru/dataset/segmented/6vNZzV0PYsQ_Enter_The_Dragon____Mkurugen/6vNZzV0PYsQ_Enter_The_Dragon____Mkurugen_00090.wav,11.79,"Kido kido go, ala ingi ya kwa account kuku confirm, kamo kweli 1.3 ili yande ka gonga account ya kendi katoleo, hana nda na pata account ya kiko empty, zero, ala shindo wei, nili kwa na milionita tu na kituku account ya nguymenda api.","Kido kido go, ala ingi ya kwa account kuku confirm, kamo kweli 1.3 ili yande ka gonga account ya kendi katoleo, hana nda na pata account ya kiko empty, zero, ala shindo wei, nili kwa na milionita tu na kituku account ya nguymenda api.","Kido kido go, ala ingi ya kwa account kuku confirm, kamo kweli 1.3 ili yande ka gonga account ya kendi katoleo, hana nda na pata account ya kiko empty, zero, ala shindo wei, nili kwa na milionita tu na kituku account ya nguymenda api.",sw-KE
abel_mutua_000092,/home/ray/Desktop/mkuru/dataset/segmented/6vNZzV0PYsQ_Enter_The_Dragon____Mkurugen/6vNZzV0PYsQ_Enter_The_Dragon____Mkurugen_00091.wav,11.38,"Imepele kwa kwa accountia kijana, ya family bank badu. Jamana ingi kwa account anapatakona 5.3, bifua fanyekitu, imesha to lewa. Imendawapi, kununu wa bitcoin. Jesus Christ.","Imepele kwa kwa accountia kijana, ya family bank badu. Jamana ingi kwa account anapatakona 5.3, bifua fanyekitu, imesha to lewa. Imendawapi, kununu wa bitcoin. Jesus Christ.","Imepele kwa kwa accountia kijana, ya family bank badu. Jamana ingi kwa account anapatakona 5.3, bifua fanyekitu, imesha to lewa. Imendawapi, kununu wa bitcoin. Jesus Christ.",sw-KE
abel_mutua_000093,/home/ray/Desktop/mkuru/dataset/segmented/6vNZzV0PYsQ_Enter_The_Dragon____Mkurugen/6vNZzV0PYsQ_Enter_The_Dragon____Mkurugen_00092.wav,13.99,"Me na kwa mbio alikaivi macho mbaka asubui wa kingoji asubui kukuche, asubui ndio wana wana maadya busasa vizuri, kijana ananzaku receive, anko sijui nikama wali malzana, kijana ananzaku receive ma message.","Me na kwa mbio alikaivi macho mbaka asubui wa kingoji asubui kukuche, asubui ndio wana wana maadya busasa vizuri, kijana ananzaku receive, anko sijui nikama wali malzana, kijana ananzaku receive ma message.","Me na kwa mbio alikaivi macho mbaka asubui wa kingoji asubui kukuche, asubui ndio wana wana maadya busasa vizuri, kijana ananzaku receive, anko sijui nikama wali malzana, kijana ananzaku receive ma message.",sw-KE
abel_mutua_000094,/home/ray/Desktop/mkuru/dataset/segmented/6vNZzV0PYsQ_Enter_The_Dragon____Mkurugen/6vNZzV0PYsQ_Enter_The_Dragon____Mkurugen_00093.wav,13.95,"Tingting, you have received 30,000 shillings from XYZ. Aki engali, wu XYZ nina ni nirafiki ake. Tingting, you have received 45,000 shillings from XYZ. Wu XYZ nina ni, oi, sijini, kazini akem gani.","Tingting, you have received 30,000 shillings from XYZ. Aki engali, wu XYZ nina ni nirafiki ake. Tingting, you have received 45,000 shillings from XYZ. Wu XYZ nina ni, oi, sijini, kazini akem gani.","Tingting, you have received 30,000 shillings from XYZ. Aki engali, wu XYZ nina ni nirafiki ake. Tingting, you have received 45,000 shillings from XYZ. Wu XYZ nina ni, oi, sijini, kazini akem gani.",sw-KE
abel_mutua_000095,/home/ray/Desktop/mkuru/dataset/segmented/6vNZzV0PYsQ_Enter_The_Dragon____Mkurugen/6vNZzV0PYsQ_Enter_The_Dragon____Mkurugen_00094.wav,10.36,"Mbogi, 20,000 shillings, mbogi, mbogi, mbuki, mbuki, mbuki, mbuki, mbuki, mbuki, mbuki, mbuki, mbuki, mbuki, mbuki, mbuki, mbuki, mbuki, mbuki, mbuki, mbuki, mbuki, mbuki, mbuki, mbuki, mbuki, mbuki, mbuki, mbuki, mbuki, mbuki, mbuki, mbuki, mbuki, mbuki, mbuki, mbuki, mbuki, mbuki, mbuki, mbuki, mbuki, mbuki, mbuki, mbuki, mbuki, mbuki, mbuki, mbuki, mbuki, mbuki, mbuki, mbuki, mbuki, mbuki,","Mbogi, 20,000 shillings, mbogi, mbogi, mbuki, mbuki, mbuki, mbuki, mbuki, mbuki, mbuki, mbuki, mbuki, mbuki, mbuki, mbuki, mbuki, mbuki, mbuki, mbuki, mbuki, mbuki, mbuki, mbuki, mbuki, mbuki, mbuki, mbuki, mbuki, mbuki, mbuki, mbuki, mbuki, mbuki, mbuki, mbuki, mbuki, mbuki, mbuki, mbuki, mbuki, mbuki, mbuki, mbuki, mbuki, mbuki, mbuki, mbuki, mbuki, mbuki, mbuki, mbuki, mbuki, mbuki, mbuki,","Mbogi, 20,000 shillings, mbogi, mbogi, mbuki, mbuki, mbuki, mbuki, mbuki, mbuki, mbuki, mbuki, mbuki, mbuki, mbuki, mbuki, mbuki, mbuki, mbuki, mbuki, mbuki, mbuki, mbuki, mbuki, mbuki, mbuki, mbuki, mbuki, mbuki, mbuki, mbuki, mbuki, mbuki, mbuki, mbuki, mbuki, mbuki, mbuki, mbuki, mbuki, mbuki, mbuki, mbuki, mbuki, mbuki, mbuki, mbuki, mbuki, mbuki, mbuki, mbuki, mbuki, mbuki, mbuki, mbuki,",sw-KE
abel_mutua_000096,/home/ray/Desktop/mkuru/dataset/segmented/6vNZzV0PYsQ_Enter_The_Dragon____Mkurugen/6vNZzV0PYsQ_Enter_The_Dragon____Mkurugen_00095.wav,7.56,"Ana patatu isu message you have received, lakini ya kenda kwa impressa balance, haiko, ido hi na tole wa tu. Olo wa sade na kanzaku receive za.","Ana patatu isu message you have received, lakini ya kenda kwa impressa balance, haiko, ido hi na tole wa tu. Olo wa sade na kanzaku receive za.","Ana patatu isu message you have received, lakini ya kenda kwa impressa balance, haiko, ido hi na tole wa tu. Olo wa sade na kanzaku receive za.",sw-KE
abel_mutua_000097,/home/ray/Desktop/mkuru/dataset/segmented/6vNZzV0PYsQ_Enter_The_Dragon____Mkurugen/6vNZzV0PYsQ_Enter_The_Dragon____Mkurugen_00096.wav,12.39,"20,000 has been sent to ni ni ni bitcoin. 30,000 has been sent to ni ni ni bitcoin. Do ina tolewatu, ina tolewatu wa wa wa wakadjua kwisha. Umse ame tuweza, ame tu maliza.","20,000 has been sent to ni ni ni bitcoin. 30,000 has been sent to ni ni ni bitcoin. Do ina tolewatu, ina tolewatu wa wa wa wakadjua kwisha. Umse ame tuweza, ame tu maliza.","20,000 has been sent to ni ni ni bitcoin. 30,000 has been sent to ni ni ni bitcoin. Do ina tolewatu, ina tolewatu wa wa wa wakadjua kwisha. Umse ame tuweza, ame tu maliza.",sw-KE
abel_mutua_000098,/home/ray/Desktop/mkuru/dataset/segmented/6vNZzV0PYsQ_Enter_The_Dragon____Mkurugen/6vNZzV0PYsQ_Enter_The_Dragon____Mkurugen_00097.wav,12.65,"Marayo yoyo. So waka kimbia kwa msewa, waka tek, waka nda waka connect simu kwa masiniyake, wajaribuko, naka maku na kitu wana ezafanya ndani na wa stop, whatever it is ilkwe na hapena pondani.","Marayo yoyo. So waka kimbia kwa msewa, waka tek, waka nda waka connect simu kwa masiniyake, wajaribuko, naka maku na kitu wana ezafanya ndani na wa stop, whatever it is ilkwe na hapena pondani.","Marayo yoyo. So waka kimbia kwa msewa, waka tek, waka nda waka connect simu kwa masiniyake, wajaribuko, naka maku na kitu wana ezafanya ndani na wa stop, whatever it is ilkwe na hapena pondani.",sw-KE
abel_mutua_000099,/home/ray/Desktop/mkuru/dataset/segmented/6vNZzV0PYsQ_Enter_The_Dragon____Mkurugen/6vNZzV0PYsQ_Enter_The_Dragon____Mkurugen_00098.wav,13.33,"Na vile yu phone, wali anza na yu phone yu anko, vile yu li konekti wapale kwa masini, kido kido go ika leta ni ni, kamaka video call, kuna video call i na hape. Na yu video call...","Na vile yu phone, wali anza na yu phone yu anko, vile yu li konekti wapale kwa masini, kido kido go ika leta ni ni, kamaka video call, kuna video call i na hape. Na yu video call...","Na vile yu phone, wali anza na yu phone yu anko, vile yu li konekti wapale kwa masini, kido kido go ika leta ni ni, kamaka video call, kuna video call i na hape. Na yu video call...",sw-KE
abel_mutua_000100,/home/ray/Desktop/mkuru/dataset/segmented/6vNZzV0PYsQ_Enter_The_Dragon____Mkurugen/6vNZzV0PYsQ_Enter_The_Dragon____Mkurugen_00099.wav,13.59,"Ni huyo anko anapiga, munyei simu. So wile ali tukua, bide ono na face kabisa ni anko, kabisa? Na mevazilengu wali kwa mevajana, na naongia sa uti unas kia, ni anko lakiniu kiskiza fiti.","Ni huyo anko anapiga, munyei simu. So wile ali tukua, bide ono na face kabisa ni anko, kabisa? Na mevazilengu wali kwa mevajana, na naongia sa uti unas kia, ni anko lakiniu kiskiza fiti.","Ni huyo anko anapiga, munyei simu. So wile ali tukua, bide ono na face kabisa ni anko, kabisa? Na mevazilengu wali kwa mevajana, na naongia sa uti unas kia, ni anko lakiniu kiskiza fiti.",sw-KE
abel_mutua_000101,/home/ray/Desktop/mkuru/dataset/segmented/6vNZzV0PYsQ_Enter_The_Dragon____Mkurugen/6vNZzV0PYsQ_Enter_The_Dragon____Mkurugen_00100.wav,13.56,"Uta skeyo sa uti, nikama ni engineered, nikama una jo vile masinu wongeya, but ime jaribu sana kumimik vile wongeya agad, but kis kiza feel ti uta feel kuna?","Uta skeyo sa uti, nikama ni engineered, nikama una jo vile masinu wongeya, but ime jaribu sana kumimik vile wongeya agad, but kis kiza feel ti uta feel kuna?","Uta skeyo sa uti, nikama ni engineered, nikama una jo vile masinu wongeya, but ime jaribu sana kumimik vile wongeya agad, but kis kiza feel ti uta feel kuna?",sw-KE
abel_mutua_000102,/home/ray/Desktop/mkuru/dataset/segmented/6vNZzV0PYsQ_Enter_The_Dragon____Mkurugen/6vNZzV0PYsQ_Enter_The_Dragon____Mkurugen_00101.wav,13.16,"Kuna ka machine kako maali. But you need to be very keen. Like, ikiku patauki wa tu huwe shuglizako, then upate video kolio design uta skiza tu na huwa fanyakilu ume ambiwa. So basically video kolili kuwambia wa se maze.","Kuna ka machine kako maali. But you need to be very keen. Like, ikiku patauki wa tu huwe shuglizako, then upate video kolio design uta skiza tu na huwa fanyakilu ume ambiwa. So basically video kolili kuwambia wa se maze.","Kuna ka machine kako maali. But you need to be very keen. Like, ikiku patauki wa tu huwe shuglizako, then upate video kolio design uta skiza tu na huwa fanyakilu ume ambiwa. So basically video kolili kuwambia wa se maze.",sw-KE
abel_mutua_000103,/home/ray/Desktop/mkuru/dataset/segmented/6vNZzV0PYsQ_Enter_The_Dragon____Mkurugen/6vNZzV0PYsQ_Enter_The_Dragon____Mkurugen_00102.wav,11.38,"Niliwapati ya opportunity ya kudu good mukafanya baya. So yo nile sonienu na muka imkijua mi nimbaya, kuno atu wa kuchokoza, mi misi one of them.","Niliwapati ya opportunity ya kudu good mukafanya baya. So yo nile sonienu na muka imkijua mi nimbaya, kuno atu wa kuchokoza, mi misi one of them.","Niliwapati ya opportunity ya kudu good mukafanya baya. So yo nile sonienu na muka imkijua mi nimbaya, kuno atu wa kuchokoza, mi misi one of them.",sw-KE
abel_mutua_000104,/home/ray/Desktop/mkuru/dataset/segmented/6vNZzV0PYsQ_Enter_The_Dragon____Mkurugen/6vNZzV0PYsQ_Enter_The_Dragon____Mkurugen_00103.wav,13.24,"Mhara iyo iyo maze machini, siji ni ni li hapena po, ika li self-destruct, li anza tukutu wa moshi apo. Na kwa iyo process, ili effect mpa ka ni ni, machini ya uyum sewa wa take.","Mhara iyo iyo maze machini, siji ni ni li hapena po, ika li self-destruct, li anza tukutu wa moshi apo. Na kwa iyo process, ili effect mpa ka ni ni, machini ya uyum sewa wa take.","Mhara iyo iyo maze machini, siji ni ni li hapena po, ika li self-destruct, li anza tukutu wa moshi apo. Na kwa iyo process, ili effect mpa ka ni ni, machini ya uyum sewa wa take.",sw-KE
abel_mutua_000105,/home/ray/Desktop/mkuru/dataset/segmented/6vNZzV0PYsQ_Enter_The_Dragon____Mkurugen/6vNZzV0PYsQ_Enter_The_Dragon____Mkurugen_00104.wav,8.74,"Kwanza, bifu hii video ko li kam, kuna doo wali ko ame kopa, wali sema, wali ambi yam se wa take.","Kwanza, bifu hii video ko li kam, kuna doo wali ko ame kopa, wali sema, wali ambi yam se wa take.","Kwanza, bifu hii video ko li kam, kuna doo wali ko ame kopa, wali sema, wali ambi yam se wa take.",sw-KE
abel_mutua_000106,/home/ray/Desktop/mkuru/dataset/segmented/6vNZzV0PYsQ_Enter_The_Dragon____Mkurugen/6vNZzV0PYsQ_Enter_The_Dragon____Mkurugen_00105.wav,12.72,"Atumie 16,000 watume wapi kuna kitu iliku na faidu yo pesa. Umse wa tek vile li tuma, I don't know, kuna kitu tu ili hape. Ni odo iku nda ukumali wali kuwa nafa watume.","Atumie 16,000 watume wapi kuna kitu iliku na faidu yo pesa. Umse wa tek vile li tuma, I don't know, kuna kitu tu ili hape. Ni odo iku nda ukumali wali kuwa nafa watume.","Atumie 16,000 watume wapi kuna kitu iliku na faidu yo pesa. Umse wa tek vile li tuma, I don't know, kuna kitu tu ili hape. Ni odo iku nda ukumali wali kuwa nafa watume.",sw-KE
abel_mutua_000107,/home/ray/Desktop/mkuru/dataset/segmented/6vNZzV0PYsQ_Enter_The_Dragon____Mkurugen/6vNZzV0PYsQ_Enter_The_Dragon____Mkurugen_00106.wav,8.74,"Iyo stori kuna kitu siku e lewa apu. But anyway, iyo 16,000 ni amtua teki li po teya, then machinia ke ika li puka. Nisa watae kaka jamu.","Iyo stori kuna kitu siku e lewa apu. But anyway, iyo 16,000 ni amtua teki li po teya, then machinia ke ika li puka. Nisa watae kaka jamu.","Iyo stori kuna kitu siku e lewa apu. But anyway, iyo 16,000 ni amtua teki li po teya, then machinia ke ika li puka. Nisa watae kaka jamu.",sw-KE
abel_mutua_000108,/home/ray/Desktop/mkuru/dataset/segmented/6vNZzV0PYsQ_Enter_The_Dragon____Mkurugen/6vNZzV0PYsQ_Enter_The_Dragon____Mkurugen_00107.wav,13.24,"Akanza kuleta, piye noma. Ali piga-pigya nuru apo wasewa kaka mo kanza kuva, vidya na apo, vitambaya. Ejuei historiote. So awasewa ka onani noma, waka ondo kia, waka nda ocha, waka rudi.","Akanza kuleta, piye noma. Ali piga-pigya nuru apo wasewa kaka mo kanza kuva, vidya na apo, vitambaya. Ejuei historiote. So awasewa ka onani noma, waka ondo kia, waka nda ocha, waka rudi.","Akanza kuleta, piye noma. Ali piga-pigya nuru apo wasewa kaka mo kanza kuva, vidya na apo, vitambaya. Ejuei historiote. So awasewa ka onani noma, waka ondo kia, waka nda ocha, waka rudi.",sw-KE
abel_mutua_000109,/home/ray/Desktop/mkuru/dataset/segmented/6vNZzV0PYsQ_Enter_The_Dragon____Mkurugen/6vNZzV0PYsQ_Enter_The_Dragon____Mkurugen_00108.wav,12.26,"Ushago uko, so actually mwenya lini patiai stori, lini patiai stori afta ame ono uyuki janam dogo, ame rudi maze, akona injuries nini nini, akawa uliza nini nini nini, bonam koivi.","Ushago uko, so actually mwenya lini patiai stori, lini patiai stori afta ame ono uyuki janam dogo, ame rudi maze, akona injuries nini nini, akawa uliza nini nini nini, bonam koivi.","Ushago uko, so actually mwenya lini patiai stori, lini patiai stori afta ame ono uyuki janam dogo, ame rudi maze, akona injuries nini nini, akawa uliza nini nini nini, bonam koivi.",sw-KE
abel_mutua_000110,/home/ray/Desktop/mkuru/dataset/segmented/6vNZzV0PYsQ_Enter_The_Dragon____Mkurugen/6vNZzV0PYsQ_Enter_The_Dragon____Mkurugen_00109.wav,12.96,"Wakama mombia, ukone Nairobi wame pigo na wakora, awa kwa ndakara waka seti wakora, na sasa wakora wana takaku wa fanyambaya. Sasa ndi wame bidi wakujwa jifite, usyago, but that was not true, yailu kwa ni katatu. Sasa juzi.","Wakama mombia, ukone Nairobi wame pigo na wakora, awa kwa ndakara waka seti wakora, na sasa wakora wana takaku wa fanyambaya. Sasa ndi wame bidi wakujwa jifite, usyago, but that was not true, yailu kwa ni katatu. Sasa juzi.","Wakama mombia, ukone Nairobi wame pigo na wakora, awa kwa ndakara waka seti wakora, na sasa wakora wana takaku wa fanyambaya. Sasa ndi wame bidi wakujwa jifite, usyago, but that was not true, yailu kwa ni katatu. Sasa juzi.",sw-KE
abel_mutua_000111,/home/ray/Desktop/mkuru/dataset/segmented/6vNZzV0PYsQ_Enter_The_Dragon____Mkurugen/6vNZzV0PYsQ_Enter_The_Dragon____Mkurugen_00110.wav,13.95,"Nde uyu kijanam dogo, amefungu kia uyu kazi niya ke exactly what happened. So kazi niya ke ndiwa, akakama kani patiai stori. So miitaini utena, so maik stori na jibiliza. First of all ni possible, izibitu zote.","Nde uyu kijanam dogo, amefungu kia uyu kazi niya ke exactly what happened. So kazi niya ke ndiwa, akakama kani patiai stori. So miitaini utena, so maik stori na jibiliza. First of all ni possible, izibitu zote.","Nde uyu kijanam dogo, amefungu kia uyu kazi niya ke exactly what happened. So kazi niya ke ndiwa, akakama kani patiai stori. So miitaini utena, so maik stori na jibiliza. First of all ni possible, izibitu zote.",sw-KE
abel_mutua_000112,/home/ray/Desktop/mkuru/dataset/segmented/6vNZzV0PYsQ_Enter_The_Dragon____Mkurugen/6vNZzV0PYsQ_Enter_The_Dragon____Mkurugen_00111.wav,13.46,"Uneza pati yemtu simu, akute nge neze yo design yani, baka sana anapiga zile ma video za deep fake, anapigia watu ako, maze wana washa simu, wana kuona, like nwiwe wana unge ya wana.","Uneza pati yemtu simu, akute nge neze yo design yani, baka sana anapiga zile ma video za deep fake, anapigia watu ako, maze wana washa simu, wana kuona, like nwiwe wana unge ya wana.","Uneza pati yemtu simu, akute nge neze yo design yani, baka sana anapiga zile ma video za deep fake, anapigia watu ako, maze wana washa simu, wana kuona, like nwiwe wana unge ya wana.",sw-KE
abel_mutua_000113,/home/ray/Desktop/mkuru/dataset/segmented/6vNZzV0PYsQ_Enter_The_Dragon____Mkurugen/6vNZzV0PYsQ_Enter_The_Dragon____Mkurugen_00112.wav,10.56,"Hei, maze ni kajiwa pa ndjekuna wa tuatari. Ya ni na, kila mdum, baka demia wuki jana, ali safishu apos du 23,000.","Hei, maze ni kajiwa pa ndjekuna wa tuatari. Ya ni na, kila mdum, baka demia wuki jana, ali safishu apos du 23,000.","Hei, maze ni kajiwa pa ndjekuna wa tuatari. Ya ni na, kila mdum, baka demia wuki jana, ali safishu apos du 23,000.",sw-KE
abel_mutua_000114,/home/ray/Desktop/mkuru/dataset/segmented/6vNZzV0PYsQ_Enter_The_Dragon____Mkurugen/6vNZzV0PYsQ_Enter_The_Dragon____Mkurugen_00113.wav,13.37,"So, in totola watua wili combined wali poteza more than 5 million shillings. Jwali nda kwee bia msa mbaya. Kumbe wama nda kwee bia sasa Don Collion. Hei!","So, in totola watua wili combined wali poteza more than 5 million shillings. Jwali nda kwee bia msa mbaya. Kumbe wama nda kwee bia sasa Don Collion. Hei!","So, in totola watua wili combined wali poteza more than 5 million shillings. Jwali nda kwee bia msa mbaya. Kumbe wama nda kwee bia sasa Don Collion. Hei!",sw-KE
abel_mutua_000115,/home/ray/Desktop/mkuru/dataset/segmented/6vNZzV0PYsQ_Enter_The_Dragon____Mkurugen/6vNZzV0PYsQ_Enter_The_Dragon____Mkurugen_00114.wav,13.86,"E ni noma. So, wiyom se mwanya mepege yo shugli. Kuna niweka kupo position numbaya, nile position niya, what you've done is not good at.","E ni noma. So, wiyom se mwanya mepege yo shugli. Kuna niweka kupo position numbaya, nile position niya, what you've done is not good at.","E ni noma. So, wiyom se mwanya mepege yo shugli. Kuna niweka kupo position numbaya, nile position niya, what you've done is not good at.",sw-KE
abel_mutua_000116,/home/ray/Desktop/mkuru/dataset/segmented/6vNZzV0PYsQ_Enter_The_Dragon____Mkurugen/6vNZzV0PYsQ_Enter_The_Dragon____Mkurugen_00115.wav,11.46,"But you were doing it to criminals, so to kia mua tu angali e kando ki dogo. Sibasi tu naiza ndale ya tu nai okiasi.","But you were doing it to criminals, so to kia mua tu angali e kando ki dogo. Sibasi tu naiza ndale ya tu nai okiasi.","But you were doing it to criminals, so to kia mua tu angali e kando ki dogo. Sibasi tu naiza ndale ya tu nai okiasi.",sw-KE
abel_mutua_000117,/home/ray/Desktop/mkuru/dataset/segmented/6vNZzV0PYsQ_Enter_The_Dragon____Mkurugen/6vNZzV0PYsQ_Enter_The_Dragon____Mkurugen_00116.wav,12.62,"Nimi nito keinja niku taftiye namba za mabungi. Watu wumbawa na tupanya, fanya mbae niku tengeneze, then wewe ufa nye mambuha ku.","Nimi nito keinja niku taftiye namba za mabungi. Watu wumbawa na tupanya, fanya mbae niku tengeneze, then wewe ufa nye mambuha ku.","Nimi nito keinja niku taftiye namba za mabungi. Watu wumbawa na tupanya, fanya mbae niku tengeneze, then wewe ufa nye mambuha ku.",sw-KE
abel_mutua_000118,/home/ray/Desktop/mkuru/dataset/segmented/6vNZzV0PYsQ_Enter_The_Dragon____Mkurugen/6vNZzV0PYsQ_Enter_The_Dragon____Mkurugen_00117.wav,12.99,"Wakati wana piga piga transakshon za chinia magi, wana kula pesa ya hospitali, yo pesa hii kiki ingi kwa account tv, wawu na nda wana hii, wana hii chukwa. Mimi na wewet wana kula 10% ya yo pesa, alafu 90%.","Wakati wana piga piga transakshon za chinia magi, wana kula pesa ya hospitali, yo pesa hii kiki ingi kwa account tv, wawu na nda wana hii, wana hii chukwa. Mimi na wewet wana kula 10% ya yo pesa, alafu 90%.","Wakati wana piga piga transakshon za chinia magi, wana kula pesa ya hospitali, yo pesa hii kiki ingi kwa account tv, wawu na nda wana hii, wana hii chukwa. Mimi na wewet wana kula 10% ya yo pesa, alafu 90%.",sw-KE
abel_mutua_000119,/home/ray/Desktop/mkuru/dataset/segmented/6vNZzV0PYsQ_Enter_The_Dragon____Mkurugen/6vNZzV0PYsQ_Enter_The_Dragon____Mkurugen_00118.wav,13.94,Tuna nda tuna tengeneza hospitali. Tuta sa idea hii enchi. Bye. Anyway. Ya. It is what it is so...,Tuna nda tuna tengeneza hospitali. Tuta sa idea hii enchi. Bye. Anyway. Ya. It is what it is so...,Tuna nda tuna tengeneza hospitali. Tuta sa idea hii enchi. Bye. Anyway. Ya. It is what it is so...,sw-KE
abel_mutua_000120,/home/ray/Desktop/mkuru/dataset/segmented/6vNZzV0PYsQ_Enter_The_Dragon____Mkurugen/6vNZzV0PYsQ_Enter_The_Dragon____Mkurugen_00119.wav,13.33,"I guess, more or liye, stori ni tukwetu kiafuna ndizima place nduna plug-in, plug-in, masimu. Oh, oh, yeni kompite ako, neza itu mi ya kuchaj. Ayu never know. Aya.","I guess, more or liye, stori ni tukwetu kiafuna ndizima place nduna plug-in, plug-in, masimu. Oh, oh, yeni kompite ako, neza itu mi ya kuchaj. Ayu never know. Aya.","I guess, more or liye, stori ni tukwetu kiafuna ndizima place nduna plug-in, plug-in, masimu. Oh, oh, yeni kompite ako, neza itu mi ya kuchaj. Ayu never know. Aya.",sw-KE
abel_mutua_000121,/home/ray/Desktop/mkuru/dataset/segmented/6vNZzV0PYsQ_Enter_The_Dragon____Mkurugen/6vNZzV0PYsQ_Enter_The_Dragon____Mkurugen_00120.wav,5.91,Tuko na nabata esku chachi. Tendi fungi ya pohime kuatru sana nini wachwangu wu adiyos mu chachos.,Tuko na nabata esku chachi. Tendi fungi ya pohime kuatru sana nini wachwangu wu adiyos mu chachos.,Tuko na nabata esku chachi. Tendi fungi ya pohime kuatru sana nini wachwangu wu adiyos mu chachos.,sw-KE
abel_mutua_000124,/home/ray/Desktop/mkuru/dataset/segmented/gn3q-QJO2cw_Kenya_s_Super_Athletes____Mk/gn3q-QJO2cw_Kenya_s_Super_Athletes____Mk_00000.wav,13.41,"Wakurugenzi, ma man, mkurugenzi, minisodes na kama kei, kablas jengi ya kwa hii kaya, you definitely know what we're about to do man, lazima to skume a super shout out to our super customer of the day, na waleo.","Wakurugenzi, ma man, Mkurugenzi, minisodes na kama kei, kablas jengi ya kwa hii kaya, you definitely know what we're about to do man, lazima to skume a super shout out to our super customer of the day, na waleo.","Wakurugenzi, ma man, Mkurugenzi, minisodes na kama kei, kablas jengi ya kwa hii kaya, you definitely know what we're about to do man, lazima to skume a super shout out to our super customer of the day, na waleo.",sw-KE
abel_mutua_000125,/home/ray/Desktop/mkuru/dataset/segmented/gn3q-QJO2cw_Kenya_s_Super_Athletes____Mk/gn3q-QJO2cw_Kenya_s_Super_Athletes____Mk_00001.wav,13.48,Ni nan avaban Elsie Washi raa alo Saksana Elsie ben,Ni nan avaban Elsie Washi raa alo Saksana Elsie ben,Ni nan avaban Elsie Washi raa alo Saksana Elsie ben,sw-KE
abel_mutua_000126,/home/ray/Desktop/mkuru/dataset/segmented/gn3q-QJO2cw_Kenya_s_Super_Athletes____Mk/gn3q-QJO2cw_Kenya_s_Super_Athletes____Mk_00002.wav,13.16,"Dapale, anybody else manja lingia palia kafa niya mamboa ya ke piya tunap, cheki asa sana, santa sana, pigenizu vitu man. Eee, muna ona na name piga gwanda ya white leo he, inia mutu yote aja ingiha kwa yosa.","Dapale, anybody else manja lingia palia kafa niya mamboa ya ke piya tunap, cheki asa sana, santa sana, pigenizu vitu man. Eee, muna ona na name piga gwanda ya white leo he, inia mutu yote aja ingiha kwa yosa.","Dapale, anybody else manja lingia palia kafa niya mamboa ya ke piya tunap, cheki asa sana, santa sana, pigenizu vitu man. Eee, muna ona na name piga gwanda ya white leo he, inia mutu yote aja ingiha kwa yosa.",sw-KE
abel_mutua_000127,/home/ray/Desktop/mkuru/dataset/segmented/gn3q-QJO2cw_Kenya_s_Super_Athletes____Mk/gn3q-QJO2cw_Kenya_s_Super_Athletes____Mk_00003.wav,13.12,"Tama ni wakutambu hem, weka stampu hei piya nmkurugenzi. Hey, site nmkurugenzi.ke apondyo Maliiko. Sasao? Very nice. Okay, so wanguana.","Tama ni wakutambu hem, weka stampu hei piya nmkurugenzi. Hey, site nmkurugenzi.ke apondyo Maliiko. Sasao? Very nice. Okay, so wanguana.","Tama ni wakutambu hem, weka stampu hei piya nmkurugenzi. Hey, site nmkurugenzi.ke apondyo Maliiko. Sasao? Very nice. Okay, so wanguana.",sw-KE
abel_mutua_000128,/home/ray/Desktop/mkuru/dataset/segmented/gn3q-QJO2cw_Kenya_s_Super_Athletes____Mk/gn3q-QJO2cw_Kenya_s_Super_Athletes____Mk_00004.wav,13.44,"Niko shumuli notice kuna wakati mimi nili tembe akidogo nika ondokia hii country enu na mahoma bayze enu, nika enda, wingereza, ok si wingereza, nika nda wlai, Europa.","Niko shumuli notice kuna wakati mimi nili tembe akidogo nika ondokia hii country enu na mahoma bayze enu, nika enda, wingereza, ok si wingereza, nika nda wlai, Europa.","Niko shumuli notice kuna wakati mimi nili tembe akidogo nika ondokia hii country enu na mahoma bayze enu, nika enda, wingereza, ok si wingereza, nika nda wlai, Europa.",sw-KE
abel_mutua_000129,/home/ray/Desktop/mkuru/dataset/segmented/gn3q-QJO2cw_Kenya_s_Super_Athletes____Mk/gn3q-QJO2cw_Kenya_s_Super_Athletes____Mk_00005.wav,12.64,"Nili kwa nimenda kwa fota-fota na samathlitz pali And you guys must say, I was amazed. Uwe wikiwa yo na mse ako top of the world. Echimu.","Nili kwa nimenda kwa fota-fota na samathlitz pali And you guys must say, I was amazed. Uwe wikiwa yo na mse ako top of the world. Echimu.","Nili kwa nimenda kwa fota-fota na samathlitz pali And you guys must say, I was amazed. Uwe wikiwa yo na mse ako top of the world. Echimu.",sw-KE
abel_mutua_000130,/home/ray/Desktop/mkuru/dataset/segmented/gn3q-QJO2cw_Kenya_s_Super_Athletes____Mk/gn3q-QJO2cw_Kenya_s_Super_Athletes____Mk_00006.wav,13.94,"Ju uyumu tu, ili ngoryana piti ya ndi wa kuja kuetop. Haa, simche aso. Hoja ni wa patietu brief recap ya vile safariya tu iliku wa ninininim. E, ndi wa kwa appreciate maze ya athili tsuetu.","Ju uyumu tu, ili ngoryana piti ya ndi wa kuja kuetop. Haa, simche aso. Hoja ni wa patietu brief recap ya vile safariya tu iliku wa ninininim. E, ndi wa kwa appreciate maze ya athili tsuetu.","Ju uyumu tu, ili ngoryana piti ya ndi wa kuja kuetop. Haa, simche aso. Hoja ni wa patietu brief recap ya vile safariya tu iliku wa ninininim. E, ndi wa kwa appreciate maze ya athili tsuetu.",sw-KE
abel_mutua_000131,/home/ray/Desktop/mkuru/dataset/segmented/gn3q-QJO2cw_Kenya_s_Super_Athletes____Mk/gn3q-QJO2cw_Kenya_s_Super_Athletes____Mk_00007.wav,13.66,"So, some time in July, I think end of July, kulikam kukakwa na shugli flani. Sokuna...","So, some time in July, I think end of July, kulikam kukakwa na shugli flani. Sokuna...","So, some time in July, I think end of July, kulikam kukakwa na shugli flani. Sokuna...",sw-KE
abel_mutua_000132,/home/ray/Desktop/mkuru/dataset/segmented/gn3q-QJO2cw_Kenya_s_Super_Athletes____Mk/gn3q-QJO2cw_Kenya_s_Super_Athletes____Mk_00008.wav,12.71,Running Shoe Company na itwa On. On wali kama wakashkanana wasana itwa Rolling Stone Afrika. So On and Rolling Stone Afrika wakakamapina project FITI sana na itwa Voices.,Running Shoe Company na itwa On. On wali kama wakashkanana wasana itwa Rolling Stone Afrika. So On and Rolling Stone Afrika wakakamapina project FITI sana na itwa Voices.,Running Shoe Company na itwa On. On wali kama wakashkanana wasana itwa Rolling Stone Afrika. So On and Rolling Stone Afrika wakakamapina project FITI sana na itwa Voices.,sw-KE
abel_mutua_000133,/home/ray/Desktop/mkuru/dataset/segmented/gn3q-QJO2cw_Kenya_s_Super_Athletes____Mk/gn3q-QJO2cw_Kenya_s_Super_Athletes____Mk_00009.wav,11.95,"So, basikali, wana empawa kreatas wa eze kutel stories about athletes. First of all, li kawana yuki tuki wa noble sana juhu, we are the only country","So, basikali, wana empawa kreatas wa eze kutel stories about athletes. First of all, li kawana yuki tuki wa noble sana juhu, we are the only country","So, basikali, wana empawa kreatas wa eze kutel stories about athletes. First of all, li kawana yuki tuki wa noble sana juhu, we are the only country",sw-KE
abel_mutua_000134,/home/ray/Desktop/mkuru/dataset/segmented/gn3q-QJO2cw_Kenya_s_Super_Athletes____Mk/gn3q-QJO2cw_Kenya_s_Super_Athletes____Mk_00010.wav,13.35,"Mali maze tuna shine at a patikira field, batawa say wa koko yo field. Lai kukiku tanana Sebastian saa yuko supermarket unan pita tu, nuna.","Mali maze tuna shine at a patikira field, batawa say wa koko yo field. Lai kukiku tanana Sebastian saa yuko supermarket unan pita tu, nuna.","Mali maze tuna shine at a patikira field, batawa say wa koko yo field. Lai kukiku tanana Sebastian saa yuko supermarket unan pita tu, nuna.",sw-KE
abel_mutua_000135,/home/ray/Desktop/mkuru/dataset/segmented/gn3q-QJO2cw_Kenya_s_Super_Athletes____Mk/gn3q-QJO2cw_Kenya_s_Super_Athletes____Mk_00011.wav,12.39,"Ah, saywa, kama up na yu concept nikona. Ah, this is beautifully. So ni kachungulia uko ni nda ni cheki mamwe kona mnagani ni ni ni ni ni ni ni ni ni ni ni ni ni ni ni ni ni ni ni ni ni ni ni ni ni ni ni ni ni ni ni ni ni ni ni ni ni ni ni ni ni ni ni ni ni ni ni ni ni ni ni ni ni ni ni ni ni ni ni ni ni ni ni ni ni ni ni ni ni ni ni ni ni ni ni ni ni ni ni ni ni ni ni ni ni ni ni ni ni ni ni ni ni ni ni ni ni ni ni ni ni ni ni ni ni ni ni ni ni ni ni ni ni ni ni ni ni ni ni ni ni ni ni ni ni ni ni ni ni ni ni ni ni ni ni ni ni ni ni ni ni ni ni ni ni ni ni ni ni ni ni ni ni ni ni ni ni ni ni ni ni ni ni ni ni ni ni ni ni ni ni ni ni ni ni ni ni ni ni ni ni ni ni ni ni ni ni ni ni ni ni ni ni ni ni ni ni ni ni","Ah, saywa, kama up na yu concept nikona. Ah, this is beautifully. So ni kachungulia uko ni nda ni cheki mamwe kona mnagani ni ni ni ni ni ni ni ni ni ni ni ni ni ni ni ni ni ni ni ni ni ni ni ni ni ni ni ni ni ni ni ni ni ni ni ni ni ni ni ni ni ni ni ni ni ni ni ni ni ni ni ni ni ni ni ni ni ni ni ni ni ni ni ni ni ni ni ni ni ni ni ni ni ni ni ni ni ni ni ni ni ni ni ni ni ni ni ni ni ni ni ni ni ni ni ni ni ni ni ni ni ni ni ni ni ni ni ni ni ni ni ni ni ni ni ni ni ni ni ni ni ni ni ni ni ni ni ni ni ni ni ni ni ni ni ni ni ni ni ni ni ni ni ni ni ni ni ni ni ni ni ni ni ni ni ni ni ni ni ni ni ni ni ni ni ni ni ni ni ni ni ni ni ni ni ni ni ni ni ni ni ni ni ni ni ni ni ni ni ni ni ni ni ni ni ni ni ni ni","Ah, saywa, kama up na yu concept nikona. Ah, this is beautifully. So ni kachungulia uko ni nda ni cheki mamwe kona mnagani ni ni ni ni ni ni ni ni ni ni ni ni ni ni ni ni ni ni ni ni ni ni ni ni ni ni ni ni ni ni ni ni ni ni ni ni ni ni ni ni ni ni ni ni ni ni ni ni ni ni ni ni ni ni ni ni ni ni ni ni ni ni ni ni ni ni ni ni ni ni ni ni ni ni ni ni ni ni ni ni ni ni ni ni ni ni ni ni ni ni ni ni ni ni ni ni ni ni ni ni ni ni ni ni ni ni ni ni ni ni ni ni ni ni ni ni ni ni ni ni ni ni ni ni ni ni ni ni ni ni ni ni ni ni ni ni ni ni ni ni ni ni ni ni ni ni ni ni ni ni ni ni ni ni ni ni ni ni ni ni ni ni ni ni ni ni ni ni ni ni ni ni ni ni ni ni ni ni ni ni ni ni ni ni ni ni ni ni ni ni ni ni ni ni ni ni ni ni ni",sw-KE
abel_mutua_000136,/home/ray/Desktop/mkuru/dataset/segmented/gn3q-QJO2cw_Kenya_s_Super_Athletes____Mk/gn3q-QJO2cw_Kenya_s_Super_Athletes____Mk_00012.wav,13.57,"Tumama link suppose ako apply voices in motion. I hope I'm going to apply. So nikiwa pale ni kakutanishwana some athletes. So hawa wana kimbia kitunitwa trail running. So kuna hile running ya stadium, ya track, na kuna...","Tumama link suppose ako apply voices in motion. I hope I'm going to apply. So nikiwa pale ni kakutanishwana some athletes. So hawa wana kimbia kitunitwa trail running. So kuna hile running ya stadium, ya track, na kuna...","Tumama link suppose ako apply voices in motion. I hope I'm going to apply. So nikiwa pale ni kakutanishwana some athletes. So hawa wana kimbia kitunitwa trail running. So kuna hile running ya stadium, ya track, na kuna...",sw-KE
abel_mutua_000137,/home/ray/Desktop/mkuru/dataset/segmented/gn3q-QJO2cw_Kenya_s_Super_Athletes____Mk/gn3q-QJO2cw_Kenya_s_Super_Athletes____Mk_00013.wav,11.11,"Raning ya road, ambasasani kai ya kina marathons nini nini. Izo ndi tu na jua ga sana, bazasakuna running nini ya kicha.","Raning ya road, ambasasani kai ya kina marathons nini nini. Izo ndi tu na jua ga sana, bazasakuna running nini ya kicha.","Raning ya road, ambasasani kai ya kina marathons nini nini. Izo ndi tu na jua ga sana, bazasakuna running nini ya kicha.",sw-KE
abel_mutua_000138,/home/ray/Desktop/mkuru/dataset/segmented/gn3q-QJO2cw_Kenya_s_Super_Athletes____Mk/gn3q-QJO2cw_Kenya_s_Super_Athletes____Mk_00014.wav,11.32,"Muna pandamami lima uko katikati ya miti mamawe nini, muna res kwa kicha kawkuyone nituwa trail running. Siku juwa manze kuyo trail running, bado tuko na the best ndewa.","Muna pandamami lima uko katikati ya miti mamawe nini, muna res kwa kicha kawkuyone nituwa trail running. Siku juwa manze kuyo trail running, bado tuko na the best ndewa.","Muna pandamami lima uko katikati ya miti mamawe nini, muna res kwa kicha kawkuyone nituwa trail running. Siku juwa manze kuyo trail running, bado tuko na the best ndewa.",sw-KE
abel_mutua_000139,/home/ray/Desktop/mkuru/dataset/segmented/gn3q-QJO2cw_Kenya_s_Super_Athletes____Mk/gn3q-QJO2cw_Kenya_s_Super_Athletes____Mk_00015.wav,11.42,"So, usiku vile tuli ndeyo shuglindyo, nili kwa na miti awase. Nika miti jamana itwa filemon kiriyago, e kuli kwa na jamana itwa Patrick Kipngeno.","So, usiku vile tuli ndeyo shuglindyo, nili kwa na miti awase. Nika miti jamana itwa filemon kiriyago, e kuli kwa na jamana itwa Patrick Kipngeno.","So, usiku vile tuli ndeyo shuglindyo, nili kwa na miti awase. Nika miti jamana itwa filemon kiriyago, e kuli kwa na jamana itwa Patrick Kipngeno.",sw-KE
abel_mutua_000140,/home/ray/Desktop/mkuru/dataset/segmented/gn3q-QJO2cw_Kenya_s_Super_Athletes____Mk/gn3q-QJO2cw_Kenya_s_Super_Athletes____Mk_00016.wav,13.81,"Selelo sa awali sijikama li kua iyo square voices in motion, but nili kam li kam meat later. So, actually I think ali kua. So, after yo nene ni ni can get interest sana, nene ni ka unkena wa sewangu wa on up.","Selelo sa awali sijikama li kua iyo square voices in motion, but nili kam li kam meat later. So, actually I think ali kua. So, after yo nene ni ni can get interest sana, nene ni ka unkena wa sewangu wa on up.","Selelo sa awali sijikama li kua iyo square voices in motion, but nili kam li kam meat later. So, actually I think ali kua. So, after yo nene ni ni can get interest sana, nene ni ka unkena wa sewangu wa on up.",sw-KE
abel_mutua_000141,/home/ray/Desktop/mkuru/dataset/segmented/gn3q-QJO2cw_Kenya_s_Super_Athletes____Mk/gn3q-QJO2cw_Kenya_s_Super_Athletes____Mk_00017.wav,13.29,"Awa se nima champu waiki tuwajena atujuwi. Manze, nimi ono SNC program muna fanya. Nami moneye meneza, ya nimeji tole yama hangra. Nipige tu stori ya, nini wa fortitu nini, nini nini nini waga.","Awa se nima champu waiki tuwajena atujuwi. Manze, nimi ono SNC program muna fanya. Nami moneye meneza, ya nimeji tole yama hangra. Nipige tu stori ya, nini wa fortitu nini, nini nini nini waga.","Awa se nima champu waiki tuwajena atujuwi. Manze, nimi ono SNC program muna fanya. Nami moneye meneza, ya nimeji tole yama hangra. Nipige tu stori ya, nini wa fortitu nini, nini nini nini waga.",sw-KE
abel_mutua_000142,/home/ray/Desktop/mkuru/dataset/segmented/gn3q-QJO2cw_Kenya_s_Super_Athletes____Mk/gn3q-QJO2cw_Kenya_s_Super_Athletes____Mk_00018.wav,12.62,Nia ni ni ni ni ni ni ni ni ni ni ni ni ni ni ni ni ni ni ni ni ni ni ni ni ni ni ni ni ni ni ni ni ni ni ni ni ni ni ni ni ni ni ni ni ni ni ni ni ni ni ni ni ni ni ni ni ni ni ni ni ni ni ni ni ni ni ni ni ni ni ni ni ni ni ni ni ni ni ni ni ni ni ni ni ni ni ni ni ni ni ni ni ni ni ni ni ni ni ni ni ni ni ni ni ni ni ni ni ni ni ni ni ni ni ni ni ni ni ni ni ni ni ni ni ni ni ni ni ni ni ni ni ni ni ni ni ni ni ni ni ni ni ni ni ni ni ni ni ni ni ni ni ni ni ni ni ni ni ni ni ni ni ni ni ni ni ni ni ni ni ni ni ni ni ni ni ni ni ni ni ni ni ni ni ni ni ni ni ni ni ni ni ni ni ni ni ni ni ni ni ni ni ni ni ni ni ni ni ni ni ni ni ni ni ni ni ni ni ni ni ni,Nia ni ni ni ni ni ni ni ni ni ni ni ni ni ni ni ni ni ni ni ni ni ni ni ni ni ni ni ni ni ni ni ni ni ni ni ni ni ni ni ni ni ni ni ni ni ni ni ni ni ni ni ni ni ni ni ni ni ni ni ni ni ni ni ni ni ni ni ni ni ni ni ni ni ni ni ni ni ni ni ni ni ni ni ni ni ni ni ni ni ni ni ni ni ni ni ni ni ni ni ni ni ni ni ni ni ni ni ni ni ni ni ni ni ni ni ni ni ni ni ni ni ni ni ni ni ni ni ni ni ni ni ni ni ni ni ni ni ni ni ni ni ni ni ni ni ni ni ni ni ni ni ni ni ni ni ni ni ni ni ni ni ni ni ni ni ni ni ni ni ni ni ni ni ni ni ni ni ni ni ni ni ni ni ni ni ni ni ni ni ni ni ni ni ni ni ni ni ni ni ni ni ni ni ni ni ni ni ni ni ni ni ni ni ni ni ni ni ni ni ni ni,Nia ni ni ni ni ni ni ni ni ni ni ni ni ni ni ni ni ni ni ni ni ni ni ni ni ni ni ni ni ni ni ni ni ni ni ni ni ni ni ni ni ni ni ni ni ni ni ni ni ni ni ni ni ni ni ni ni ni ni ni ni ni ni ni ni ni ni ni ni ni ni ni ni ni ni ni ni ni ni ni ni ni ni ni ni ni ni ni ni ni ni ni ni ni ni ni ni ni ni ni ni ni ni ni ni ni ni ni ni ni ni ni ni ni ni ni ni ni ni ni ni ni ni ni ni ni ni ni ni ni ni ni ni ni ni ni ni ni ni ni ni ni ni ni ni ni ni ni ni ni ni ni ni ni ni ni ni ni ni ni ni ni ni ni ni ni ni ni ni ni ni ni ni ni ni ni ni ni ni ni ni ni ni ni ni ni ni ni ni ni ni ni ni ni ni ni ni ni ni ni ni ni ni ni ni ni ni ni ni ni ni ni ni ni ni ni ni ni ni ni ni ni,sw-KE
abel_mutua_000143,/home/ray/Desktop/mkuru/dataset/segmented/gn3q-QJO2cw_Kenya_s_Super_Athletes____Mk/gn3q-QJO2cw_Kenya_s_Super_Athletes____Mk_00019.wav,11.93,"Plesi na itwa kiambogo. Apok kiambogo, yo kampio na itwa run together. So run together, actually ni kampia Austria, ikona branch wukuli, found yo Austria, batsasa ikona branch wukuli.","Plesi na itwa kiambogo. Apok kiambogo, yo kampio na itwa run together. So run together, actually ni kampia Austria, ikona branch wukuli, found yo Austria, batsasa ikona branch wukuli.","Plesi na itwa kiambogo. Apok kiambogo, yo kampio na itwa run together. So run together, actually ni kampia Austria, ikona branch wukuli, found yo Austria, batsasa ikona branch wukuli.",sw-KE
abel_mutua_000144,/home/ray/Desktop/mkuru/dataset/segmented/gn3q-QJO2cw_Kenya_s_Super_Athletes____Mk/gn3q-QJO2cw_Kenya_s_Super_Athletes____Mk_00020.wav,9.36,"So aw maatili mwote ro, wako apu, ukundi wagawana piga zwezi aw. Na on, I think waga ina wa, actually, ina sponsor, ina wa support sana.","So aw maatili mwote ro, wako apu, ukundi wagawana piga zwezi aw. Na on, I think waga ina wa, actually, ina sponsor, ina wa support sana.","So aw maatili mwote ro, wako apu, ukundi wagawana piga zwezi aw. Na on, I think waga ina wa, actually, ina sponsor, ina wa support sana.",sw-KE
abel_mutua_000145,/home/ray/Desktop/mkuru/dataset/segmented/gn3q-QJO2cw_Kenya_s_Super_Athletes____Mk/gn3q-QJO2cw_Kenya_s_Super_Athletes____Mk_00021.wav,12.01,"So ka ingiyana ibasha poraka fasta ni keda ni ka mite kinafile montena, Patrick Kipngeno, Selelo Saoli, kuli kwa na wakama dema kina Ruth, kina Miriam.","So ka ingiyana ibasha poraka fasta ni keda ni ka mite kinafile montena, Patrick Kipngeno, Selelo Saoli, kuli kwa na wakama dema kina Ruth, kina Miriam.","So ka ingiyana ibasha poraka fasta ni keda ni ka mite kinafile montena, Patrick Kipngeno, Selelo Saoli, kuli kwa na wakama dema kina Ruth, kina Miriam.",sw-KE
abel_mutua_000146,/home/ray/Desktop/mkuru/dataset/segmented/gn3q-QJO2cw_Kenya_s_Super_Athletes____Mk/gn3q-QJO2cw_Kenya_s_Super_Athletes____Mk_00022.wav,12.71,"Kuna mojapia nimi deadly sana, nimi na try kumuka jiniyake mazena, nini chenga, but unfortunately a kona injury, so it atatuku, sdanya atatuli interact.","Kuna mojapia nimi deadly sana, nimi na try kumuka jiniyake mazena, nini chenga, but unfortunately a kona injury, so it atatuku, sdanya atatuli interact.","Kuna mojapia nimi deadly sana, nimi na try kumuka jiniyake mazena, nini chenga, but unfortunately a kona injury, so it atatuku, sdanya atatuli interact.",sw-KE
abel_mutua_000147,/home/ray/Desktop/mkuru/dataset/segmented/gn3q-QJO2cw_Kenya_s_Super_Athletes____Mk/gn3q-QJO2cw_Kenya_s_Super_Athletes____Mk_00023.wav,12.81,"Tuki wapale kwa kambi mazen diwa na nitchapia vile, siku yao inakwa aga nini nini, wakanisho maskanyao, maliao chil, tukena paka kwa mili mahuko maliao kimbia, kupiga zoezi zoezi zao, nini nini. So, turns out...","Tuki wapale kwa kambi mazen diwa na nitchapia vile, siku yao inakwa aga nini nini, wakanisho maskanyao, maliao chil, tukena paka kwa mili mahuko maliao kimbia, kupiga zoezi zoezi zao, nini nini. So, turns out...","Tuki wapale kwa kambi mazen diwa na nitchapia vile, siku yao inakwa aga nini nini, wakanisho maskanyao, maliao chil, tukena paka kwa mili mahuko maliao kimbia, kupiga zoezi zoezi zao, nini nini. So, turns out...",sw-KE
abel_mutua_000148,/home/ray/Desktop/mkuru/dataset/segmented/gn3q-QJO2cw_Kenya_s_Super_Athletes____Mk/gn3q-QJO2cw_Kenya_s_Super_Athletes____Mk_00024.wav,10.94,"Sama, izima between June to end of August apu, waga wana toka, wana toka kenya, sasa wana nda kuhile kampiao ya Austria, wana nda kupiga mazoezi.","Sama, izima between June to end of August apu, waga wana toka, wana toka kenya, sasa wana nda kuhile kampiao ya Austria, wana nda kupiga mazoezi.","Sama, izima between June to end of August apu, waga wana toka, wana toka kenya, sasa wana nda kuhile kampiao ya Austria, wana nda kupiga mazoezi.",sw-KE
abel_mutua_000149,/home/ray/Desktop/mkuru/dataset/segmented/gn3q-QJO2cw_Kenya_s_Super_Athletes____Mk/gn3q-QJO2cw_Kenya_s_Super_Athletes____Mk_00025.wav,8.79,"Uangwa na muna fukiria ga kenya muko na milima. Eeeeh, ingi eni yo region di omu tajuwa. Misha iskiya de Alps, eh?","Uangwa na muna fukiria ga kenya muko na milima. Eeeeh, ingi eni yo region di omu tajuwa. Misha iskiya de Alps, eh?","Uangwa na muna fukiria ga kenya muko na milima. Eeeeh, ingi eni yo region di omu tajuwa. Misha iskiya de Alps, eh?",sw-KE
abel_mutua_000150,/home/ray/Desktop/mkuru/dataset/segmented/gn3q-QJO2cw_Kenya_s_Super_Athletes____Mk/gn3q-QJO2cw_Kenya_s_Super_Athletes____Mk_00026.wav,12.35,"The Alps nibigii, me doko uko Farranza ime en, da ime Pita, Switzerland, I think Spain piya ikona, if I'm not wrong. Pita, Italy, ime engia Austria.","The Alps nibigii, me doko uko Farranza ime en, da ime Pita, Switzerland, I think Spain piya ikona, if I'm not wrong. Pita, Italy, ime engia Austria.","The Alps nibigii, me doko uko Farranza ime en, da ime Pita, Switzerland, I think Spain piya ikona, if I'm not wrong. Pita, Italy, ime engia Austria.",sw-KE
abel_mutua_000151,/home/ray/Desktop/mkuru/dataset/segmented/gn3q-QJO2cw_Kenya_s_Super_Athletes____Mk/gn3q-QJO2cw_Kenya_s_Super_Athletes____Mk_00027.wav,11.03,"I think pia jamani iko, ya ni, it's a range of mountains, ki bao, ya ni uko kila kitu ni mili matu, mili matu, mili matu. So, Austria.","I think pia jamani iko, ya ni, it's a range of mountains, ki bao, ya ni uko kila kitu ni mili matu, mili matu, mili matu. So, Austria.","I think pia jamani iko, ya ni, it's a range of mountains, ki bao, ya ni uko kila kitu ni mili matu, mili matu, mili matu. So, Austria.",sw-KE
abel_mutua_000152,/home/ray/Desktop/mkuru/dataset/segmented/gn3q-QJO2cw_Kenya_s_Super_Athletes____Mk/gn3q-QJO2cw_Kenya_s_Super_Athletes____Mk_00028.wav,13.21,"Mili mazikoko wengi, so yo kampiao ma li kupia, ukundi wana nga kupige mazoezi. So yo kase me ka naan sinsu wana engia uko, in a few weeks. Kamana dizkia, pia mini nesafani, nesafafuota yo maere maineo, a raka fasta.","Mili mazikoko wengi, so yo kampiao ma li kupia, ukundi wana nga kupige mazoezi. So yo kase me ka naan sinsu wana engia uko, in a few weeks. Kamana dizkia, pia mini nesafani, nesafafuota yo maere maineo, a raka fasta.","Mili mazikoko wengi, so yo kampiao ma li kupia, ukundi wana nga kupige mazoezi. So yo kase me ka naan sinsu wana engia uko, in a few weeks. Kamana dizkia, pia mini nesafani, nesafafuota yo maere maineo, a raka fasta.",sw-KE
abel_mutua_000153,/home/ray/Desktop/mkuru/dataset/segmented/gn3q-QJO2cw_Kenya_s_Super_Athletes____Mk/gn3q-QJO2cw_Kenya_s_Super_Athletes____Mk_00029.wav,12.63,"Tare mojya, mozi wa naane. Tumedoka tuivi titi nt, like jugusha lima liza tuivi, duka nda stage, duka pati ena vot of thanks.","Tare mojya, mozi wa naane. Tumedoka tuivi titi nt, like jugusha lima liza tuivi, duka nda stage, duka pati ena vot of thanks.","Tare mojya, mozi wa naane. Tumedoka tuivi titi nt, like jugusha lima liza tuivi, duka nda stage, duka pati ena vot of thanks.",sw-KE
abel_mutua_000154,/home/ray/Desktop/mkuru/dataset/segmented/gn3q-QJO2cw_Kenya_s_Super_Athletes____Mk/gn3q-QJO2cw_Kenya_s_Super_Athletes____Mk_00030.wav,13.32,"Strait. Ata tulikwana kila kitu yutumabag nini nini. Tuko ingiya airport raka fasta, chikuwanda ege apu, teke engorim bakawapi, Zürik, Switzerland. Tukafu kapale Zürik, tulikwana mishoni kiasi apu Zürik.","Strait. Ata tulikwana kila kitu yutumabag nini nini. Tuko ingiya airport raka fasta, chikuwanda ege apu, teke engorim bakawapi, Zürik, Switzerland. Tukafu kapale Zürik, tulikwana mishoni kiasi apu Zürik.","Strait. Ata tulikwana kila kitu yutumabag nini nini. Tuko ingiya airport raka fasta, chikuwanda ege apu, teke engorim bakawapi, Zürik, Switzerland. Tukafu kapale Zürik, tulikwana mishoni kiasi apu Zürik.",sw-KE
abel_mutua_000155,/home/ray/Desktop/mkuru/dataset/segmented/gn3q-QJO2cw_Kenya_s_Super_Athletes____Mk/gn3q-QJO2cw_Kenya_s_Super_Athletes____Mk_00031.wav,12.09,"On, ilkampanis na juhiko headquarter duko. Tuko ingiya pali kwanza tu cheki headquarter. Azurik vile na ka, nini, mbambu apu tuko na mavi, tu tukas kia fiti. Tuko ingiya wuko kwa wakuna storya.","On, ilkampanis na juhiko headquarter duko. Tuko ingiya pali kwanza tu cheki headquarter. Azurik vile na ka, nini, mbambu apu tuko na mavi, tu tukas kia fiti. Tuko ingiya wuko kwa wakuna storya.","On, ilkampanis na juhiko headquarter duko. Tuko ingiya pali kwanza tu cheki headquarter. Azurik vile na ka, nini, mbambu apu tuko na mavi, tu tukas kia fiti. Tuko ingiya wuko kwa wakuna storya.",sw-KE
abel_mutua_000156,/home/ray/Desktop/mkuru/dataset/segmented/gn3q-QJO2cw_Kenya_s_Super_Athletes____Mk/gn3q-QJO2cw_Kenya_s_Super_Athletes____Mk_00032.wav,12.14,"Nini piya tukai tembelaya, tukai chiki mavitua, tukai nais tukai skia po. Bata jenna, ili kwa kwa ni nini kukimbia austria, kwenda kuchiki wala wasani maathili tsuetu. So the following day on Tuesday yonita re...","Nini piya tukai tembelaya, tukai chiki mavitua, tukai nais tukai skia po. Bata jenna, ili kwa kwa ni nini kukimbia austria, kwenda kuchiki wala wasani maathili tsuetu. So the following day on Tuesday yonita re...","Nini piya tukai tembelaya, tukai chiki mavitua, tukai nais tukai skia po. Bata jenna, ili kwa kwa ni nini kukimbia austria, kwenda kuchiki wala wasani maathili tsuetu. So the following day on Tuesday yonita re...",sw-KE
abel_mutua_000157,/home/ray/Desktop/mkuru/dataset/segmented/gn3q-QJO2cw_Kenya_s_Super_Athletes____Mk/gn3q-QJO2cw_Kenya_s_Super_Athletes____Mk_00033.wav,13.9,"Jutul tokapa taremoja tulkonegi, ukotare mbili, taretatu, leo tukayanda austria sasa. Aponi kwi shika train, maze train, very comfortable. kwa kwa kwa kwa kwa kwa kwa kwa kwa kwa kwa kwa kwa kwa kwa kwa kwa kwa kwa kwa kwa kwa kwa kwa kwa kwa kwa kwa kwa kwa kwa kwa kwa kwa kwa kwa kwa kwa kwa kwa kwa kwa kwa kwa kwa kwa kwa kwa kwa kwa kwa kwa kwa kwa kwa kwa kwa kwa kwa kwa kwa kwa kwa kwa kwa kwa kwa kwa kwa kwa kwa kwa kwa kwa kwa kwa kwa kwa kwa kwa kwa kwa kwa kwa kwa kwa kwa kwa kwa kwa kwa kwa kwa kwa kwa kwa kwa kwa kwa kwa kwa kwa kwa kwa kwa kwa kwa kwa kwa kwa kwa k","Jutul tokapa taremoja tulkonegi, ukotare mbili, taretatu, leo tukayanda austria sasa. Aponi kwi shika train, maze train, very comfortable. kwa k","Jutul tokapa taremoja tulkonegi, ukotare mbili, taretatu, leo tukayanda austria sasa. Aponi kwi shika train, maze train, very comfortable. kwa k",sw-KE
abel_mutua_000158,/home/ray/Desktop/mkuru/dataset/segmented/gn3q-QJO2cw_Kenya_s_Super_Athletes____Mk/gn3q-QJO2cw_Kenya_s_Super_Athletes____Mk_00034.wav,8.46,"Ay, maza kuna ma country soupu wa pa inje. Yani, fo fo awasakuna witu nauna ispukwatu ma milima greenery.","Ay, maza kuna ma country soupu wa pa inje. Yani, fo fo awasakuna witu nauna ispukwatu ma milima greenery.","Ay, maza kuna ma country soupu wa pa inje. Yani, fo fo awasakuna witu nauna ispukwatu ma milima greenery.",sw-KE
abel_mutua_000159,/home/ray/Desktop/mkuru/dataset/segmented/gn3q-QJO2cw_Kenya_s_Super_Athletes____Mk/gn3q-QJO2cw_Kenya_s_Super_Athletes____Mk_00035.wav,13.64,"Mito ni safia ni maglejia zina, mail tuko ju, so yo maji na shukachini, ni, ni safim baka inaka, hei, inaka kiyoba, hei, ase wame chunga yo maskaniya ode.","Mito ni safia ni maglejia zina, mail tuko ju, so yo maji na shukachini, ni, ni safim baka inaka, hei, inaka kiyoba, hei, ase wame chunga yo maskaniya ode.","Mito ni safia ni maglejia zina, mail tuko ju, so yo maji na shukachini, ni, ni safim baka inaka, hei, inaka kiyoba, hei, ase wame chunga yo maskaniya ode.",sw-KE
abel_mutua_000160,/home/ray/Desktop/mkuru/dataset/segmented/gn3q-QJO2cw_Kenya_s_Super_Athletes____Mk/gn3q-QJO2cw_Kenya_s_Super_Athletes____Mk_00036.wav,13.42,"Tuka nda nda tuka fika place na itua, Innsbruck, iyo ni Austria. Kutoka ziurik suica lana mbaka Innsbruck, Austria ni 4 hours, tuka shuka, tuka tukwa Basi. Basi, kutoka Innsbruck, mbaka ili place tuliko, tunayanda liens ni another 3 hours.","Tuka nda nda tuka fika place na itua, Innsbruck, iyo ni Austria. Kutoka ziurik suica lana mbaka Innsbruck, Austria ni 4 hours, tuka shuka, tuka tukwa Basi. Basi, kutoka Innsbruck, mbaka ili place tuliko, tunayanda liens ni another 3 hours.","Tuka nda nda tuka fika place na itua, Innsbruck, iyo ni Austria. Kutoka ziurik suica lana mbaka Innsbruck, Austria ni 4 hours, tuka shuka, tuka tukwa Basi. Basi, kutoka Innsbruck, mbaka ili place tuliko, tunayanda liens ni another 3 hours.",sw-KE
abel_mutua_000161,/home/ray/Desktop/mkuru/dataset/segmented/gn3q-QJO2cw_Kenya_s_Super_Athletes____Mk/gn3q-QJO2cw_Kenya_s_Super_Athletes____Mk_00037.wav,12.92,"Tuko piga 3 hours ya tu wa pumbaka liens, then from liens, dutu kakam tu kachikuliwa na nani, na sa fawndawa, ii kampi na ito run together austia. Boing fiti sana na ito wa Thomas, Thomas a kakama katuchuku wa po liens.","Tuko piga 3 hours ya tu wa pumbaka liens, then from liens, dutu kakam tu kachikuliwa na nani, na sa fawndawa, ii kampi na ito run together austia. Boing fiti sana na ito wa Thomas, Thomas a kakama katuchuku wa po liens.","Tuko piga 3 hours ya tu wa pumbaka liens, then from liens, dutu kakam tu kachikuliwa na nani, na sa fawndawa, ii kampi na ito run together austia. Boing fiti sana na ito wa Thomas, Thomas a kakama katuchuku wa po liens.",sw-KE
abel_mutua_000162,/home/ray/Desktop/mkuru/dataset/segmented/gn3q-QJO2cw_Kenya_s_Super_Athletes____Mk/gn3q-QJO2cw_Kenya_s_Super_Athletes____Mk_00038.wav,13.57,"Na tuka ingiwa kwa gariyake, na tuka nza safariya kwa pandamilii ma... Nansha wuko ni mili ma tupu. Tuka pandamilii ma baka kwa villagei kwa ukoju initwa kals. Hei, komali wuko deni imezungu kwa na...","Na tuka ingiwa kwa gariyake, na tuka nza safariya kwa pandamilii ma... Nansha wuko ni mili ma tupu. Tuka pandamilii ma baka kwa villagei kwa ukoju initwa kals. Hei, komali wuko deni imezungu kwa na...","Na tuka ingiwa kwa gariyake, na tuka nza safariya kwa pandamilii ma... Nansha wuko ni mili ma tupu. Tuka pandamilii ma baka kwa villagei kwa ukoju initwa kals. Hei, komali wuko deni imezungu kwa na...",sw-KE
abel_mutua_000163,/home/ray/Desktop/mkuru/dataset/segmented/gn3q-QJO2cw_Kenya_s_Super_Athletes____Mk/gn3q-QJO2cw_Kenya_s_Super_Athletes____Mk_00039.wav,6.89,"Mountains. So, tukenda, tukenga, kalspale, apondut nakamkona kambi maraya kwanza. IMAGINZ!","Mountains. So, tukenda, tukenga, kalspale, apondut nakamkona kambi maraya kwanza. IMAGINZ!","Mountains. So, tukenda, tukenga, kalspale, apondut nakamkona kambi maraya kwanza. IMAGINZ!",sw-KE
abel_mutua_000164,/home/ray/Desktop/mkuru/dataset/segmented/gn3q-QJO2cw_Kenya_s_Super_Athletes____Mk/gn3q-QJO2cw_Kenya_s_Super_Athletes____Mk_00040.wav,13.25,"Kusya goya austria, unapata building apu ikona flagia, Kenya, Nini. Ei, li kwa nangalizi witu na shinu, what? Ei, ni karibu kilometa sijuhi, elfu saba. From my county na kujaku pata mahali, watu maze?","Kusya goya austria, unapata building apu ikona flagia, Kenya, Nini. Ei, li kwa nangalizi witu na shinu, what? Ei, ni karibu kilometa sijuhi, elfu saba. From my county na kujaku pata mahali, watu maze?","Kusya goya austria, unapata building apu ikona flagia, Kenya, Nini. Ei, li kwa nangalizi witu na shinu, what? Ei, ni karibu kilometa sijuhi, elfu saba. From my county na kujaku pata mahali, watu maze?",sw-KE
abel_mutua_000165,/home/ray/Desktop/mkuru/dataset/segmented/gn3q-QJO2cw_Kenya_s_Super_Athletes____Mk/gn3q-QJO2cw_Kenya_s_Super_Athletes____Mk_00041.wav,13.43,"Kuna maflagu za kenyazi na panda wuko, na skia rufu ya ome na niki ingia, aa, aa, aa, aa, aa, aa, aa, aa, aa, aa, aa, aa, aa, aa, aa, aa, aa, aa, aa, aa, aa, aa, aa, aa, aa, aa, aa, aa, aa, aa, aa, aa, aa, aa, aa, aa, aa, aa, aa, aa, aa, aa, aa, aa, aa, aa, aa, aa, aa, aa, aa, aa, aa, aa, aa, aa, aa, aa, aa, aa, aa, aa, aa, aa, aa, aa, aa, aa, aa, aa, aa, aa, aa, aa, aa, aa, aa, aa, aa, aa, aa, aa, aa, aa, aa, aa, aa, aa, aa, aa, aa, aa, aa, aa, aa, aa,","Kuna maflagu za kenyazi na panda wuko, na skia rufu ya ome na niki ingia, aa, aa, aa, aa, aa, aa, aa, aa, aa, aa, aa, aa, aa, aa, aa, aa, aa, aa, aa, aa, aa, aa, aa, aa, aa, aa, aa, aa, aa, aa, aa, aa, aa, aa, aa, aa, aa, aa, aa, aa, aa, aa, aa, aa, aa, aa, aa, aa, aa, aa, aa, aa, aa, aa, aa, aa, aa, aa, aa, aa, aa, aa, aa, aa, aa, aa, aa, aa, aa, aa, aa, aa, aa, aa, aa, aa, aa, aa, aa, aa, aa, aa, aa, aa, aa, aa, aa, aa, aa, aa, aa, aa, aa, aa, aa, aa,","Kuna maflagu za kenyazi na panda wuko, na skia rufu ya ome na niki ingia, aa, aa, aa, aa, aa, aa, aa, aa, aa, aa, aa, aa, aa, aa, aa, aa, aa, aa, aa, aa, aa, aa, aa, aa, aa, aa, aa, aa, aa, aa, aa, aa, aa, aa, aa, aa, aa, aa, aa, aa, aa, aa, aa, aa, aa, aa, aa, aa, aa, aa, aa, aa, aa, aa, aa, aa, aa, aa, aa, aa, aa, aa, aa, aa, aa, aa, aa, aa, aa, aa, aa, aa, aa, aa, aa, aa, aa, aa, aa, aa, aa, aa, aa, aa, aa, aa, aa, aa, aa, aa, aa, aa, aa, aa, aa, aa,",sw-KE
abel_mutua_000166,/home/ray/Desktop/mkuru/dataset/segmented/gn3q-QJO2cw_Kenya_s_Super_Athletes____Mk/gn3q-QJO2cw_Kenya_s_Super_Athletes____Mk_00042.wav,12.93,"So, e campi pia kitu yuhapendi, apart from the athletes, our professionals, waga wana yu open up to other people when yu wana penda mambu ya kukimbia. So, unezenda campu kufua wik, wu experience maisha ya campina.","So, e campi pia kitu yuhapendi, apart from the athletes, our professionals, waga wana yu open up to other people when yu wana penda mambu ya kukimbia. So, unezenda campu kufua wik, wu experience maisha ya campina.","So, e campi pia kitu yuhapendi, apart from the athletes, our professionals, waga wana yu open up to other people when yu wana penda mambu ya kukimbia. So, unezenda campu kufua wik, wu experience maisha ya campina.",sw-KE
abel_mutua_000167,/home/ray/Desktop/mkuru/dataset/segmented/gn3q-QJO2cw_Kenya_s_Super_Athletes____Mk/gn3q-QJO2cw_Kenya_s_Super_Athletes____Mk_00043.wav,12.32,"So tu kapatambak auzunguengi na kukwame kuja, ku-experience to yo life wawik, wana mkasu buwi, wana nda zoezi na athlitz, muna toka zoezi, muna nda ma-stretching nire nini, ya ni wuna ishikama athlitz wawaholwi.","So tu kapatambak auzunguengi na kukwame kuja, ku-experience to yo life wawik, wana mkasu buwi, wana nda zoezi na athlitz, muna toka zoezi, muna nda ma-stretching nire nini, ya ni wuna ishikama athlitz wawaholwi.","So tu kapatambak auzunguengi na kukwame kuja, ku-experience to yo life wawik, wana mkasu buwi, wana nda zoezi na athlitz, muna toka zoezi, muna nda ma-stretching nire nini, ya ni wuna ishikama athlitz wawaholwi.",sw-KE
abel_mutua_000168,/home/ray/Desktop/mkuru/dataset/segmented/gn3q-QJO2cw_Kenya_s_Super_Athletes____Mk/gn3q-QJO2cw_Kenya_s_Super_Athletes____Mk_00044.wav,7.52,"Nikitu bai de mbukapata nini mnezaifanya. Ataka masi yuko ostria. Ataka pa hina yugasha tu mwingi etu, nini wene mna kimbiyaga kimbiyaga nini.","Nikitu bai de mbukapata nini mnezaifanya. Ataka masi yuko ostria. Ataka pa hina yugasha tu mwingi etu, nini wene mna kimbiyaga kimbiyaga nini.","Nikitu bai de mbukapata nini mnezaifanya. Ataka masi yuko ostria. Ataka pa hina yugasha tu mwingi etu, nini wene mna kimbiyaga kimbiyaga nini.",sw-KE
abel_mutua_000169,/home/ray/Desktop/mkuru/dataset/segmented/gn3q-QJO2cw_Kenya_s_Super_Athletes____Mk/gn3q-QJO2cw_Kenya_s_Super_Athletes____Mk_00045.wav,12.14,"So tukafika po, deiwa ni kakwa tumetulia sababu safari ni mrefu, the following day ndi waktivity zina, zina anza. Mutu ya angu, wakuna uruma. Ati ho, awa ni wagen ni omefika ja na tuwa urumi. A-A-A","So tukafika po, deiwa ni kakwa tumetulia sababu safari ni mrefu, the following day ndi waktivity zina, zina anza. Mutu ya angu, wakuna uruma. Ati ho, awa ni wagen ni omefika ja na tuwa urumi. A-A-A","So tukafika po, deiwa ni kakwa tumetulia sababu safari ni mrefu, the following day ndi waktivity zina, zina anza. Mutu ya angu, wakuna uruma. Ati ho, awa ni wagen ni omefika ja na tuwa urumi. A-A-A",sw-KE
abel_mutua_000170,/home/ray/Desktop/mkuru/dataset/segmented/gn3q-QJO2cw_Kenya_s_Super_Athletes____Mk/gn3q-QJO2cw_Kenya_s_Super_Athletes____Mk_00046.wav,7.88,Nili apkaivi. Nia pata schedule ni nasemali otuna kimbia. 20 kilometers kwa milima.,Nili apkaivi. Nia pata schedule ni nasemali otuna kimbia. 20 kilometers kwa milima.,Nili apkaivi. Nia pata schedule ni nasemali otuna kimbia. 20 kilometers kwa milima.,sw-KE
abel_mutua_000171,/home/ray/Desktop/mkuru/dataset/segmented/gn3q-QJO2cw_Kenya_s_Super_Athletes____Mk/gn3q-QJO2cw_Kenya_s_Super_Athletes____Mk_00047.wav,11.76,"Tuko apo na musupa wami ae, apo tu naji uliza, 20 kilometres komilima. Kamakukimbia tu kumi kwa place flat na fanyam ulimi na fika kwa kifuwa. Sembu se ishirini, kwa milima iwi.","Tuko apo na musupa wami ae, apo tu naji uliza, 20 kilometres komilima. Kamakukimbia tu kumi kwa place flat na fanyam ulimi na fika kwa kifuwa. Sembu se ishirini, kwa milima iwi.","Tuko apo na musupa wami ae, apo tu naji uliza, 20 kilometres komilima. Kamakukimbia tu kumi kwa place flat na fanyam ulimi na fika kwa kifuwa. Sembu se ishirini, kwa milima iwi.",sw-KE
abel_mutua_000172,/home/ray/Desktop/mkuru/dataset/segmented/gn3q-QJO2cw_Kenya_s_Super_Athletes____Mk/gn3q-QJO2cw_Kenya_s_Super_Athletes____Mk_00048.wav,13.78,"But kila mtu ana kimbia palen, baka ma sho sho, ali kwa me kam ku visit kamp, wana ana kimbia. So tukanda siku na breakfasteitu heavy apu, zemo weke kabzi ya kutosha kumuli, then off we went.","But kila mtu ana kimbia palen, baka ma sho sho, ali kwa me kam ku visit kamp, wana ana kimbia. So tukanda siku na breakfasteitu heavy apu, zemo weke kabzi ya kutosha kumuli, then off we went.","But kila mtu ana kimbia palen, baka ma sho sho, ali kwa me kam ku visit kamp, wana ana kimbia. So tukanda siku na breakfasteitu heavy apu, zemo weke kabzi ya kutosha kumuli, then off we went.",sw-KE
abel_mutua_000173,/home/ray/Desktop/mkuru/dataset/segmented/gn3q-QJO2cw_Kenya_s_Super_Athletes____Mk/gn3q-QJO2cw_Kenya_s_Super_Athletes____Mk_00049.wav,12.7,"Kupanda mili ma sas, kupanda mili ma palem biumbiyo, ni ni ni ni ni ni ni ni ni ni ni ni ni ni ni ni ni ni ni ni ni ni ni ni ni ni ni ni ni ni ni ni ni ni ni ni ni ni ni ni ni ni ni ni ni ni ni ni ni ni ni ni ni ni ni ni ni ni ni ni ni ni ni ni ni ni ni ni ni ni ni ni ni ni ni ni ni ni ni ni ni ni ni ni ni ni ni ni ni ni ni ni ni ni ni ni ni ni ni ni ni ni ni ni ni ni ni ni ni ni ni ni ni ni ni ni ni ni ni ni ni ni ni ni ni ni ni ni ni ni ni ni ni ni ni ni ni ni ni ni ni ni ni ni ni ni ni ni ni ni ni ni ni ni ni ni ni ni ni ni ni ni ni ni ni ni ni ni ni ni ni ni ni ni ni ni ni ni ni ni ni ni ni ni ni ni ni ni ni ni ni ni ni ni ni ni ni ni ni ni","Kupanda mili ma sas, kupanda mili ma palem biumbiyo, ni ni ni ni ni ni ni ni ni ni ni ni ni ni ni ni ni ni ni ni ni ni ni ni ni ni ni ni ni ni ni ni ni ni ni ni ni ni ni ni ni ni ni ni ni ni ni ni ni ni ni ni ni ni ni ni ni ni ni ni ni ni ni ni ni ni ni ni ni ni ni ni ni ni ni ni ni ni ni ni ni ni ni ni ni ni ni ni ni ni ni ni ni ni ni ni ni ni ni ni ni ni ni ni ni ni ni ni ni ni ni ni ni ni ni ni ni ni ni ni ni ni ni ni ni ni ni ni ni ni ni ni ni ni ni ni ni ni ni ni ni ni ni ni ni ni ni ni ni ni ni ni ni ni ni ni ni ni ni ni ni ni ni ni ni ni ni ni ni ni ni ni ni ni ni ni ni ni ni ni ni ni ni ni ni ni ni ni ni ni ni ni ni ni ni ni ni ni ni ni","Kupanda mili ma sas, kupanda mili ma palem biumbiyo, ni ni ni ni ni ni ni ni ni ni ni ni ni ni ni ni ni ni ni ni ni ni ni ni ni ni ni ni ni ni ni ni ni ni ni ni ni ni ni ni ni ni ni ni ni ni ni ni ni ni ni ni ni ni ni ni ni ni ni ni ni ni ni ni ni ni ni ni ni ni ni ni ni ni ni ni ni ni ni ni ni ni ni ni ni ni ni ni ni ni ni ni ni ni ni ni ni ni ni ni ni ni ni ni ni ni ni ni ni ni ni ni ni ni ni ni ni ni ni ni ni ni ni ni ni ni ni ni ni ni ni ni ni ni ni ni ni ni ni ni ni ni ni ni ni ni ni ni ni ni ni ni ni ni ni ni ni ni ni ni ni ni ni ni ni ni ni ni ni ni ni ni ni ni ni ni ni ni ni ni ni ni ni ni ni ni ni ni ni ni ni ni ni ni ni ni ni ni ni ni",sw-KE
abel_mutua_000174,/home/ray/Desktop/mkuru/dataset/segmented/gn3q-QJO2cw_Kenya_s_Super_Athletes____Mk/gn3q-QJO2cw_Kenya_s_Super_Athletes____Mk_00050.wav,13.12,"Ili no mkono yukasema, that's it, I'm done. So, mi ni kafungi yasafari apo, kilometer 12, batuen zangu apo, maatili twa liyenda wakapigeyo 20 na wakarudi. Laiki 12 mi na fanyana, 2 hours.","Ili no mkono yukasema, that's it, I'm done. So, mi ni kafungi yasafari apo, kilometer 12, batuen zangu apo, maatili twa liyenda wakapigeyo 20 na wakarudi. Laiki 12 mi na fanyana, 2 hours.","Ili no mkono yukasema, that's it, I'm done. So, mi ni kafungi yasafari apo, kilometer 12, batuen zangu apo, maatili twa liyenda wakapigeyo 20 na wakarudi. Laiki 12 mi na fanyana, 2 hours.",sw-KE
abel_mutua_000175,/home/ray/Desktop/mkuru/dataset/segmented/gn3q-QJO2cw_Kenya_s_Super_Athletes____Mk/gn3q-QJO2cw_Kenya_s_Super_Athletes____Mk_00051.wav,10.39,"Awa li enda 20, na wagakujo wakani pita, infat kuna shods up wakitu pita, fiuu, fiuu, he, he, he, he, he, he, he, he, he, he, he, he, he, he, he, he, he, he, he, he, he, he, he, he, he, he, he, he, he, he, he, he, he, he, he, he, he, he, he, he, he, he, he, he, he, he, he, he, he, he, he, he, he, he, he, he, he, he, he, he, he, he, he, he, he, he, he, he, he, he, he, he, he, he, he, he, he, he, he, he, he, he, he, he, he, he, he, he, he, he, he, he","Awa li enda 20, na wagakujo wakani pita, infat kuna shods up wakitu pita, fiuu, fiuu, he, he, he, he, he, he, he, he, he, he, he, he, he, he, he, he, he, he, he, he, he, he, he, he, he, he, he, he, he, he, he, he, he, he, he, he, he, he, he, he, he, he, he, he, he, he, he, he, he, he, he, he, he, he, he, he, he, he, he, he, he, he, he, he, he, he, he, he, he, he, he, he, he, he, he, he, he, he, he, he, he, he, he, he, he, he, he, he, he, he, he, he","Awa li enda 20, na wagakujo wakani pita, infat kuna shods up wakitu pita, fiuu, fiuu, he, he, he, he, he, he, he, he, he, he, he, he, he, he, he, he, he, he, he, he, he, he, he, he, he, he, he, he, he, he, he, he, he, he, he, he, he, he, he, he, he, he, he, he, he, he, he, he, he, he, he, he, he, he, he, he, he, he, he, he, he, he, he, he, he, he, he, he, he, he, he, he, he, he, he, he, he, he, he, he, he, he, he, he, he, he, he, he, he, he, he, he",sw-KE
abel_mutua_000176,/home/ray/Desktop/mkuru/dataset/segmented/gn3q-QJO2cw_Kenya_s_Super_Athletes____Mk/gn3q-QJO2cw_Kenya_s_Super_Athletes____Mk_00052.wav,12.13,"Tukapige yo rani e tu ya 20 kilometraza, awa kapiga 20, mini kapiga zile nili piga. Then tukarudi palimta, wukisha tukamani nika maizola zima.","Tukapige yo rani e tu ya 20 kilometraza, awa kapiga 20, mini kapiga zile nili piga. Then tukarudi palimta, wukisha tukamani nika maizola zima.","Tukapige yo rani e tu ya 20 kilometraza, awa kapiga 20, mini kapiga zile nili piga. Then tukarudi palimta, wukisha tukamani nika maizola zima.",sw-KE
abel_mutua_000177,/home/ray/Desktop/mkuru/dataset/segmented/gn3q-QJO2cw_Kenya_s_Super_Athletes____Mk/gn3q-QJO2cw_Kenya_s_Super_Athletes____Mk_00053.wav,11.55,"U straight stretch misuli kido gada wa isu tukwa kwa tabu sana wé wé the following day. So tukwe inki afternoon pale mayoga ni ni ni ni, e mna piga mayoga apo, na ekama muziki zingine apo.","U straight stretch misuli kido gada wa isu tukwa kwa tabu sana wé wé the following day. So tukwe inki afternoon pale mayoga ni ni ni ni, e mna piga mayoga apo, na ekama muziki zingine apo.","U straight stretch misuli kido gada wa isu tukwa kwa tabu sana wé wé the following day. So tukwe inki afternoon pale mayoga ni ni ni ni, e mna piga mayoga apo, na ekama muziki zingine apo.",sw-KE
abel_mutua_000178,/home/ray/Desktop/mkuru/dataset/segmented/gn3q-QJO2cw_Kenya_s_Super_Athletes____Mk/gn3q-QJO2cw_Kenya_s_Super_Athletes____Mk_00054.wav,12.93,"Akuna beats, nima vitu tuzena liya, dini, dini, dini, yei. Muna stretch up on nii, kayoga kakaingia fiti. Then aftapu ika kwa sasa nivo, jiyo nisha fika, wacha watu hende wa fanya nii. Wopripe dina.","Akuna beats, nima vitu tuzena liya, dini, dini, dini, yei. Muna stretch up on nii, kayoga kakaingia fiti. Then aftapu ika kwa sasa nivo, jiyo nisha fika, wacha watu hende wa fanya nii. Wopripe dina.","Akuna beats, nima vitu tuzena liya, dini, dini, dini, yei. Muna stretch up on nii, kayoga kakaingia fiti. Then aftapu ika kwa sasa nivo, jiyo nisha fika, wacha watu hende wa fanya nii. Wopripe dina.",sw-KE
abel_mutua_000179,/home/ray/Desktop/mkuru/dataset/segmented/gn3q-QJO2cw_Kenya_s_Super_Athletes____Mk/gn3q-QJO2cw_Kenya_s_Super_Athletes____Mk_00055.wav,13.37,"Wotu wa kule sasawa ndo wapu muzik. Again, wale maatili tu etu kutoka kenya, ani watu kunat a saten type of food wa mezo ya kukula. Uki nda wuku wanzeku wapatia, sidwee, cheese na sidwee ni wu...","Wotu wa kule sasawa ndo wapu muzik. Again, wale maatili tu etu kutoka kenya, ani watu kunat a saten type of food wa mezo ya kukula. Uki nda wuku wanzeku wapatia, sidwee, cheese na sidwee ni wu...","Wotu wa kule sasawa ndo wapu muzik. Again, wale maatili tu etu kutoka kenya, ani watu kunat a saten type of food wa mezo ya kukula. Uki nda wuku wanzeku wapatia, sidwee, cheese na sidwee ni wu...",sw-KE
abel_mutua_000180,/home/ray/Desktop/mkuru/dataset/segmented/gn3q-QJO2cw_Kenya_s_Super_Athletes____Mk/gn3q-QJO2cw_Kenya_s_Super_Athletes____Mk_00056.wav,12.83,"Nivu, umeliza. So hama jamao nitu kagapo ameji ami. wakona wakona wakona wakona wakona wakona wakona wakona wakona wakona wakona wakona wakona wakona wakona wakona wakona wakona wakona wakona.","Nivu, umeliza. So hama jamao nitu kagapo ameji ami. wakona wakona wakona wakona wakona wakona wakona wakona wakona wakona wakona wakona wakona wakona wakona wakona wakona wakona wakona wakona.","Nivu, umeliza. So hama jamao nitu kagapo ameji ami. wakona wakona wakona wakona wakona wakona wakona wakona wakona wakona wakona wakona wakona wakona wakona wakona wakona wakona wakona wakona.",sw-KE
abel_mutua_000181,/home/ray/Desktop/mkuru/dataset/segmented/gn3q-QJO2cw_Kenya_s_Super_Athletes____Mk/gn3q-QJO2cw_Kenya_s_Super_Athletes____Mk_00057.wav,11.63,"So paledun na ingiyatun na pata, hei, niku nye spinning pale, niku pika tu tu na pika masembeze tu apu nini nini, komenaka na nini paledun na fanya mbogi tu, hei, then tunna nda tunna dishi.","So paledun na ingiyatun na pata, hei, niku nye spinning pale, niku pika tu tu na pika masembeze tu apu nini nini, komenaka na nini paledun na fanya mbogi tu, hei, then tunna nda tunna dishi.","So paledun na ingiyatun na pata, hei, niku nye spinning pale, niku pika tu tu na pika masembeze tu apu nini nini, komenaka na nini paledun na fanya mbogi tu, hei, then tunna nda tunna dishi.",sw-KE
abel_mutua_000182,/home/ray/Desktop/mkuru/dataset/segmented/gn3q-QJO2cw_Kenya_s_Super_Athletes____Mk/gn3q-QJO2cw_Kenya_s_Super_Athletes____Mk_00058.wav,13.85,"Tuxa diishi, sinikwenda kutuli yasa sana, the following day, tuna piga activities ingine. So yo siku hii kaisha, the following day, tuka piga half day. So, siku hii yanzana breakfast kama kawahida.","Tuxa diishi, sinikwenda kutuli yasa sana, the following day, tuna piga activities ingine. So yo siku hii kaisha, the following day, tuka piga half day. So, siku hii yanzana breakfast kama kawahida.","Tuxa diishi, sinikwenda kutuli yasa sana, the following day, tuna piga activities ingine. So yo siku hii kaisha, the following day, tuka piga half day. So, siku hii yanzana breakfast kama kawahida.",sw-KE
abel_mutua_000183,/home/ray/Desktop/mkuru/dataset/segmented/gn3q-QJO2cw_Kenya_s_Super_Athletes____Mk/gn3q-QJO2cw_Kenya_s_Super_Athletes____Mk_00059.wav,11.91,"Then briefing. Why? Because two days from iyo siku, kuli kwa na race, pilesi na itua seer zina, seer, so seer iko back in Switzerland.","Then briefing. Why? Because two days from iyo siku, kuli kwa na race, pilesi na itua seer zina, seer, so seer iko back in Switzerland.","Then briefing. Why? Because two days from iyo siku, kuli kwa na race, pilesi na itua seer zina, seer, so seer iko back in Switzerland.",sw-KE
abel_mutua_000184,/home/ray/Desktop/mkuru/dataset/segmented/gn3q-QJO2cw_Kenya_s_Super_Athletes____Mk/gn3q-QJO2cw_Kenya_s_Super_Athletes____Mk_00060.wav,10.15,"Na kuna koga na race bigia pwene toa CLZ na al-race, na koga Atari. So, mabu yo hii tu, nazima kwanzao angibri fiyo ajoyo up-coming race, which is two days from EC kuhu.","Na kuna koga na race bigia pwene toa CLZ na al-race, na koga Atari. So, mabu yo hii tu, nazima kwanzao angibri fiyo ajoyo up-coming race, which is two days from EC kuhu.","Na kuna koga na race bigia pwene toa CLZ na al-race, na koga Atari. So, mabu yo hii tu, nazima kwanzao angibri fiyo ajoyo up-coming race, which is two days from EC kuhu.",sw-KE
abel_mutua_000185,/home/ray/Desktop/mkuru/dataset/segmented/gn3q-QJO2cw_Kenya_s_Super_Athletes____Mk/gn3q-QJO2cw_Kenya_s_Super_Athletes____Mk_00061.wav,12.55,"So aka ungele sho apo na Tomas apo, yun dena kwa gabosipa lea na elewa ima mbo yambi umbali. Dena after apo, tuka ingia zoezi, tena, mina kumbiko zoezi nidei li.","So aka ungele sho apo na Tomas apo, yun dena kwa gabosipa lea na elewa ima mbo yambi umbali. Dena after apo, tuka ingia zoezi, tena, mina kumbiko zoezi nidei li.","So aka ungele sho apo na Tomas apo, yun dena kwa gabosipa lea na elewa ima mbo yambi umbali. Dena after apo, tuka ingia zoezi, tena, mina kumbiko zoezi nidei li.",sw-KE
abel_mutua_000186,/home/ray/Desktop/mkuru/dataset/segmented/gn3q-QJO2cw_Kenya_s_Super_Athletes____Mk/gn3q-QJO2cw_Kenya_s_Super_Athletes____Mk_00062.wav,13.63,"Every day, akuna ticha ho mazeni mbifanya sana wachan tua. Zohezi ni every day. Zohezi kuya pili tulkot na fanya kitu na ito, heelwork. Heelwork niku gimbia kwa milima. Nasi tuku gimbia.","Every day, akuna ticha ho mazeni mbifanya sana wachan tua. Zohezi ni every day. Zohezi kuya pili tulkot na fanya kitu na ito, heelwork. Heelwork niku gimbia kwa milima. Nasi tuku gimbia.","Every day, akuna ticha ho mazeni mbifanya sana wachan tua. Zohezi ni every day. Zohezi kuya pili tulkot na fanya kitu na ito, heelwork. Heelwork niku gimbia kwa milima. Nasi tuku gimbia.",sw-KE
abel_mutua_000187,/home/ray/Desktop/mkuru/dataset/segmented/gn3q-QJO2cw_Kenya_s_Super_Athletes____Mk/gn3q-QJO2cw_Kenya_s_Super_Athletes____Mk_00063.wav,11.89,"Una sprint, so, hii inaku nini endurance na speed. So, bileizi nilima ziko, wame pigama zigzag, kwa izo milima, zigzag.","Una sprint, so, hii inaku nini endurance na speed. So, bileizi nilima ziko, wame pigama zigzag, kwa izo milima, zigzag.","Una sprint, so, hii inaku nini endurance na speed. So, bileizi nilima ziko, wame pigama zigzag, kwa izo milima, zigzag.",sw-KE
abel_mutua_000188,/home/ray/Desktop/mkuru/dataset/segmented/gn3q-QJO2cw_Kenya_s_Super_Athletes____Mk/gn3q-QJO2cw_Kenya_s_Super_Athletes____Mk_00064.wav,12.81,"So unato kambiyo ju wa full speed. Then ingini unashuka oki relax pole pole pole pole pole pole. Then, rrrrrrrrrrrrrrrrrrrrrrrrrrrrrrrrrrrrrrrrrrrrrrrrrrrrrrrrrrrrrrrrrrrrrrrrrrrrrrrrrrrrrrrrrrrrrrrrrrrrrrrrrrrrrrrrrrrrrrrrrrrrrrrrrrrrrrrrrrrrrrrrrrrrrrrrrrrrrrrrrrrrrrrrrrrrrrrrrrrrrrrrrrrrrrrrrrrrrrrrrrrrrrrrrrrrrrrrrrrrrrrrrrrrrrrrrrrrrrrrrrrrrrrrrrrrrrrrrrrrrrrrrrrrrrrrrrrrrrrrrrrrrrrrrrrrrrrrrrrrrrrrrrrrrrrrrrrrrrrrrrrrrrrrrrrrrrrrrrrrrrrrrrrrrrrrrrrrrrrrrrrrrrrrrrrrrrrrrrrrrrrrrrrrrrrrrrrrrrrrrrrrrrrrrrrrrrrrrrrrrrrrrrrrrrrrrrrrrrrrr","So unato kambiyo ju wa full speed. Then ingini unashuka oki relax pole pole pole pole pole pole. Then, rrrrrrrrrrrrrrrrrrrrrrrrrrrrrrrrrrrrrrrrrrrrrrrrrrrrrrrrrrrrrrrrrrrrrrrrrrrrrrrrrrrrrrrrrrrrrrrrrrrrrrrrrrrrrrrrrrrrrrrrrrrrrrrrrrrrrrrrrrrrrrrrrrrrrrrrrrrrrrrrrrrrrrrrrrrrrrrrrrrrrrrrrrrrrrrrrrrrrrrrrrrrrrrrrrrrrrrrrrrrrrrrrrrrrrrrrrrrrrrrrrrrrrrrrrrrrrrrrrrrrrrrrrrrrrrrrrrrrrrrrrrrrrrrrrrrrrrrrrrrrrrrrrrrrrrrrrrrrrrrrrrrrrrrrrrrrrrrrrrrrrrrrrrrrrrrrrrrrrrrrrrrrrrrrrrrrrrrrrrrrrrrrrrrrrrrrrrrrrrrrrrrrrrrrrrrrrrrrrrrrrrrrrrrrrrrrrrrrrrrr","So unato kambiyo ju wa full speed. Then ingini unashuka oki relax pole pole pole pole pole pole. Then, rrrrrrrrrrrrrrrrrrrrrrrrrrrrrrrrrrrrrrrrrrrrrrrrrrrrrrrrrrrrrrrrrrrrrrrrrrrrrrrrrrrrrrrrrrrrrrrrrrrrrrrrrrrrrrrrrrrrrrrrrrrrrrrrrrrrrrrrrrrrrrrrrrrrrrrrrrrrrrrrrrrrrrrrrrrrrrrrrrrrrrrrrrrrrrrrrrrrrrrrrrrrrrrrrrrrrrrrrrrrrrrrrrrrrrrrrrrrrrrrrrrrrrrrrrrrrrrrrrrrrrrrrrrrrrrrrrrrrrrrrrrrrrrrrrrrrrrrrrrrrrrrrrrrrrrrrrrrrrrrrrrrrrrrrrrrrrrrrrrrrrrrrrrrrrrrrrrrrrrrrrrrrrrrrrrrrrrrrrrrrrrrrrrrrrrrrrrrrrrrrrrrrrrrrrrrrrrrrrrrrrrrrrrrrrrrrrrrrrrrr",sw-KE
abel_mutua_000189,/home/ray/Desktop/mkuru/dataset/segmented/gn3q-QJO2cw_Kenya_s_Super_Athletes____Mk/gn3q-QJO2cw_Kenya_s_Super_Athletes____Mk_00065.wav,11.24,"Kupigeizo, one, two, three, hii oni one round. Unafa wupige as many rounds as possible in ten.","Kupigeizo, one, two, three, hii oni one round. Unafa wupige as many rounds as possible in ten.","Kupigeizo, one, two, three, hii oni one round. Unafa wupige as many rounds as possible in ten.",sw-KE
abel_mutua_000190,/home/ray/Desktop/mkuru/dataset/segmented/gn3q-QJO2cw_Kenya_s_Super_Athletes____Mk/gn3q-QJO2cw_Kenya_s_Super_Athletes____Mk_00066.wav,6.77,"Niki kwa mbibu inakagitu raizia, sini ten minutes too.","Niki kwa mbibu inakagitu raizia, sini ten minutes too.","Niki kwa mbibu inakagitu raizia, sini ten minutes too.",sw-KE
abel_mutua_000191,/home/ray/Desktop/mkuru/dataset/segmented/gn3q-QJO2cw_Kenya_s_Super_Athletes____Mk/gn3q-QJO2cw_Kenya_s_Super_Athletes____Mk_00067.wav,12.29,"Okay, onamutu, when wana kimi ya kipiganduru, ni maali a li kwa mefika, nili kwa ij, niai, niai, niai, niai, niai, niai, niai, niai, niai, niai, niai, niai, niai, niai, niai, niai, niai, niai, niai, niai, niai, niai, niai, niai, niai, niai, niai, niai, niai, niai, niai, niai, niai, niai, niai, niai, niai, niai, niai, niai, niai, niai, niai, niai, niai, niai, nia","Okay, onamutu, when wana kimi ya kipiganduru, ni maali a li kwa mefika, nili kwa ij, niai, niai, niai, niai, niai, niai, niai, niai, niai, niai, niai, niai, niai, niai, niai, niai, niai, niai, niai, niai, niai, niai, niai, niai, niai, niai, niai, niai, niai, niai, niai, niai, niai, niai, niai, niai, niai, niai, niai, niai, niai, niai, niai, niai, niai, niai, nia","Okay, onamutu, when wana kimi ya kipiganduru, ni maali a li kwa mefika, nili kwa ij, niai, niai, niai, niai, niai, niai, niai, niai, niai, niai, niai, niai, niai, niai, niai, niai, niai, niai, niai, niai, niai, niai, niai, niai, niai, niai, niai, niai, niai, niai, niai, niai, niai, niai, niai, niai, niai, niai, niai, niai, niai, niai, niai, niai, niai, niai, nia",sw-KE
abel_mutua_000192,/home/ray/Desktop/mkuru/dataset/segmented/gn3q-QJO2cw_Kenya_s_Super_Athletes____Mk/gn3q-QJO2cw_Kenya_s_Super_Athletes____Mk_00068.wav,12.53,"Anyway, tu kapigahilua kia tu, tu kamaliza, hii kakwa sasa idha hii mefika, kila mutu ende ya kule shawa, kama mutu aneza uma uma kitua ume, tu na ingi ya kuma gare, sasa tu nataka kutoka yo ostria, tu pigi safari.","Anyway, tu kapigahilua kia tu, tu kamaliza, hii kakwa sasa idha hii mefika, kila mutu ende ya kule shawa, kama mutu aneza uma uma kitua ume, tu na ingi ya kuma gare, sasa tu nataka kutoka yo ostria, tu pigi safari.","Anyway, tu kapigahilua kia tu, tu kamaliza, hii kakwa sasa idha hii mefika, kila mutu ende ya kule shawa, kama mutu aneza uma uma kitua ume, tu na ingi ya kuma gare, sasa tu nataka kutoka yo ostria, tu pigi safari.",sw-KE
abel_mutua_000193,/home/ray/Desktop/mkuru/dataset/segmented/gn3q-QJO2cw_Kenya_s_Super_Athletes____Mk/gn3q-QJO2cw_Kenya_s_Super_Athletes____Mk_00069.wav,13.85,"Ya 10 hours by road. Kuru diwapi, Switzerland, mali panaitua, CR. So tuko inki akwa magehari mtu angu, sa sana kukata barabara. Toka yo village ya Kals, pita out, through liens.","Ya 10 hours by road. Kuru diwapi, Switzerland, mali panaitua, CR. So tuko inki akwa magehari mtu angu, sa sana kukata barabara. Toka yo village ya Kals, pita out, through liens.","Ya 10 hours by road. Kuru diwapi, Switzerland, mali panaitua, CR. So tuko inki akwa magehari mtu angu, sa sana kukata barabara. Toka yo village ya Kals, pita out, through liens.",sw-KE
abel_mutua_000194,/home/ray/Desktop/mkuru/dataset/segmented/gn3q-QJO2cw_Kenya_s_Super_Athletes____Mk/gn3q-QJO2cw_Kenya_s_Super_Athletes____Mk_00070.wav,13.02,"Enda. Fika kwa bode Australia na Italy. Hachana na Austria ingia Italy. Piga masakibawa po. Enda, baka wile sitiawe ni tu milan. Peter Milan. Enda.","Enda. Fika kwa bode Australia na Italy. Hachana na Austria ingia Italy. Piga masakibawa po. Enda, baka wile sitiawe ni tu milan. Peter Milan. Enda.","Enda. Fika kwa bode Australia na Italy. Hachana na Austria ingia Italy. Piga masakibawa po. Enda, baka wile sitiawe ni tu milan. Peter Milan. Enda.",sw-KE
abel_mutua_000195,/home/ray/Desktop/mkuru/dataset/segmented/gn3q-QJO2cw_Kenya_s_Super_Athletes____Mk/gn3q-QJO2cw_Kenya_s_Super_Athletes____Mk_00071.wav,11.47,"Malizana na itali, uko karibuna kuna lekiya oflani na itua something major animesa hau. Uksya pita kidogo sasa una malizana na itali, una hengia, suitsala.","Malizana na itali, uko karibuna kuna lekiya oflani na itua something major animesa hau. Uksya pita kidogo sasa una malizana na itali, una hengia, suitsala.","Malizana na itali, uko karibuna kuna lekiya oflani na itua something major animesa hau. Uksya pita kidogo sasa una malizana na itali, una hengia, suitsala.",sw-KE
abel_mutua_000196,/home/ray/Desktop/mkuru/dataset/segmented/gn3q-QJO2cw_Kenya_s_Super_Athletes____Mk/gn3q-QJO2cw_Kenya_s_Super_Athletes____Mk_00072.wav,11.77,"Milima, milima, milima, milima, milima, milima, unakamunda tokiya, ako katawun kadogo kana itwa siyer. Sasa apo siyer, iko chini, iko kwa vali kabisa, zinal, iko juu, uko.","Milima, milima, milima, milima, milima, milima, unakamunda tokiya, ako katawun kadogo kana itwa siyer. Sasa apo siyer, iko chini, iko kwa vali kabisa, zinal, iko juu, uko.","Milima, milima, milima, milima, milima, milima, unakamunda tokiya, ako katawun kadogo kana itwa siyer. Sasa apo siyer, iko chini, iko kwa vali kabisa, zinal, iko juu, uko.",sw-KE
abel_mutua_000197,/home/ray/Desktop/mkuru/dataset/segmented/gn3q-QJO2cw_Kenya_s_Super_Athletes____Mk/gn3q-QJO2cw_Kenya_s_Super_Athletes____Mk_00073.wav,12.19,"2,000-something-kilometres up. So, niku pandana gari tena. So, asutu na pandana kwa sana liyo na picha moja maze, file mo niki, eh, ndiwa po nikatiyu, na ujama nia taria ni.","2,000-something-kilometres up. So, niku pandana gari tena. So, asutu na pandana kwa sana liyo na picha moja maze, file mo niki, eh, ndiwa po nikatiyu, na ujama nia taria ni.","2,000-something-kilometres up. So, niku pandana gari tena. So, asutu na pandana kwa sana liyo na picha moja maze, file mo niki, eh, ndiwa po nikatiyu, na ujama nia taria ni.",sw-KE
abel_mutua_000198,/home/ray/Desktop/mkuru/dataset/segmented/gn3q-QJO2cw_Kenya_s_Super_Athletes____Mk/gn3q-QJO2cw_Kenya_s_Super_Athletes____Mk_00074.wav,13.2,"Mkako barabara ono awetu zinal, manze, pichiake koko barabara. Unum kenyatuf lani wa apanyamira. Eni, yei alia patatua kona talentu yambi wa kanza kukimbia, sayi Europe ndi awa namdi.","Mkako barabara ono awetu zinal, manze, pichiake koko barabara. Unum kenyatuf lani wa apanyamira. Eni, yei alia patatua kona talentu yambi wa kanza kukimbia, sayi Europe ndi awa namdi.","Mkako barabara ono awetu zinal, manze, pichiake koko barabara. Unum kenyatuf lani wa apanyamira. Eni, yei alia patatua kona talentu yambi wa kanza kukimbia, sayi Europe ndi awa namdi.",sw-KE
abel_mutua_000199,/home/ray/Desktop/mkuru/dataset/segmented/gn3q-QJO2cw_Kenya_s_Super_Athletes____Mk/gn3q-QJO2cw_Kenya_s_Super_Athletes____Mk_00075.wav,13.8,"Niaje ma, zeya ni. Tukanda tukafika zinal, hiu by the time tu nafika ilikuwa ni Thasda Ussiku. Friday ilikuwa na activities. Eee, so lazima wa tuwa nge-rest ni nini, ni tuwa Friday tuwa mikiye activity.","Niaje ma, zeya ni. Tukanda tukafika zinal, hiu by the time tu nafika ilikuwa ni Thasda Ussiku. Friday ilikuwa na activities. Eee, so lazima wa tuwa nge-rest ni nini, ni tuwa Friday tuwa mikiye activity.","Niaje ma, zeya ni. Tukanda tukafika zinal, hiu by the time tu nafika ilikuwa ni Thasda Ussiku. Friday ilikuwa na activities. Eee, so lazima wa tuwa nge-rest ni nini, ni tuwa Friday tuwa mikiye activity.",sw-KE
abel_mutua_000200,/home/ray/Desktop/mkuru/dataset/segmented/gn3q-QJO2cw_Kenya_s_Super_Athletes____Mk/gn3q-QJO2cw_Kenya_s_Super_Athletes____Mk_00076.wav,13.68,"So Friday, after breakfast, activity, kwanza, ilikuwa ni ka interview. Awa sewa na pegagwa ma interviews nene, before race, una filaje, wuko na plans gani re.","So Friday, after breakfast, activity, kwanza, ilikuwa ni ka interview. Awa sewa na pegagwa ma interviews nene, before race, una filaje, wuko na plans gani re.","So Friday, after breakfast, activity, kwanza, ilikuwa ni ka interview. Awa sewa na pegagwa ma interviews nene, before race, una filaje, wuko na plans gani re.",sw-KE
abel_mutua_000201,/home/ray/Desktop/mkuru/dataset/segmented/gn3q-QJO2cw_Kenya_s_Super_Athletes____Mk/gn3q-QJO2cw_Kenya_s_Super_Athletes____Mk_00077.wav,13.11,"Nani ya na kutisha ya, tisha ya sana, ni ni ni ni ni ni ni ni ni ni ni ni ni ni ni ni ni ni ni ni ni ni ni ni ni ni ni ni ni ni ni ni ni ni ni ni ni ni ni ni ni ni ni ni ni ni ni ni ni ni ni ni ni ni ni ni ni ni ni ni ni ni ni ni ni ni ni ni ni ni ni ni ni ni ni ni ni ni ni ni ni ni ni ni ni ni ni ni ni ni ni ni ni ni ni ni ni ni ni ni ni ni ni ni ni ni ni ni ni ni ni ni ni ni ni ni ni ni ni ni ni ni ni ni ni ni ni ni ni ni ni ni ni ni ni ni ni ni ni ni ni ni ni ni ni ni ni ni ni ni ni ni ni ni ni ni ni ni ni ni ni ni ni ni ni ni ni ni ni ni ni ni ni ni ni ni ni ni ni ni ni ni ni ni ni ni ni ni ni ni ni ni ni ni ni ni ni ni ni ni ni ni ni ni ni ni ni ni ni","Nani ya na kutisha ya, tisha ya sana, ni ni ni ni ni ni ni ni ni ni ni ni ni ni ni ni ni ni ni ni ni ni ni ni ni ni ni ni ni ni ni ni ni ni ni ni ni ni ni ni ni ni ni ni ni ni ni ni ni ni ni ni ni ni ni ni ni ni ni ni ni ni ni ni ni ni ni ni ni ni ni ni ni ni ni ni ni ni ni ni ni ni ni ni ni ni ni ni ni ni ni ni ni ni ni ni ni ni ni ni ni ni ni ni ni ni ni ni ni ni ni ni ni ni ni ni ni ni ni ni ni ni ni ni ni ni ni ni ni ni ni ni ni ni ni ni ni ni ni ni ni ni ni ni ni ni ni ni ni ni ni ni ni ni ni ni ni ni ni ni ni ni ni ni ni ni ni ni ni ni ni ni ni ni ni ni ni ni ni ni ni ni ni ni ni ni ni ni ni ni ni ni ni ni ni ni ni ni ni ni ni ni ni ni ni ni ni ni ni","Nani ya na kutisha ya, tisha ya sana, ni ni ni ni ni ni ni ni ni ni ni ni ni ni ni ni ni ni ni ni ni ni ni ni ni ni ni ni ni ni ni ni ni ni ni ni ni ni ni ni ni ni ni ni ni ni ni ni ni ni ni ni ni ni ni ni ni ni ni ni ni ni ni ni ni ni ni ni ni ni ni ni ni ni ni ni ni ni ni ni ni ni ni ni ni ni ni ni ni ni ni ni ni ni ni ni ni ni ni ni ni ni ni ni ni ni ni ni ni ni ni ni ni ni ni ni ni ni ni ni ni ni ni ni ni ni ni ni ni ni ni ni ni ni ni ni ni ni ni ni ni ni ni ni ni ni ni ni ni ni ni ni ni ni ni ni ni ni ni ni ni ni ni ni ni ni ni ni ni ni ni ni ni ni ni ni ni ni ni ni ni ni ni ni ni ni ni ni ni ni ni ni ni ni ni ni ni ni ni ni ni ni ni ni ni ni ni ni ni",sw-KE
abel_mutua_000202,/home/ray/Desktop/mkuru/dataset/segmented/gn3q-QJO2cw_Kenya_s_Super_Athletes____Mk/gn3q-QJO2cw_Kenya_s_Super_Athletes____Mk_00078.wav,8.34,"So yo kitu sayiwal dina ta kwi kaliya deadly, so before every rest lasima kukuna semina anti-doping, na! Randomly!","So yo kitu sayiwal dina ta kwi kaliya deadly, so before every rest lasima kukuna semina anti-doping, na! Randomly!","So yo kitu sayiwal dina ta kwi kaliya deadly, so before every rest lasima kukuna semina anti-doping, na! Randomly!",sw-KE
abel_mutua_000203,/home/ray/Desktop/mkuru/dataset/segmented/gn3q-QJO2cw_Kenya_s_Super_Athletes____Mk/gn3q-QJO2cw_Kenya_s_Super_Athletes____Mk_00079.wav,12.0,"Kunatuma ofisa wa anti doping wa na toke aga, randomili, muna chukuli wa tuni athili, kujeni, kujeni, apa ninyu wa ninyu, muna kimia, kujia, kujen, innen, susu, fasta, wa na kota samples, innen, inna pimoa, randomili.","Kunatuma ofisa wa anti doping wa na toke aga, randomili, muna chukuli wa tuni athili, kujeni, kujeni, apa ninyu wa ninyu, muna kimia, kujia, kujen, innen, susu, fasta, wa na kota samples, innen, inna pimoa, randomili.","Kunatuma ofisa wa anti doping wa na toke aga, randomili, muna chukuli wa tuni athili, kujeni, kujeni, apa ninyu wa ninyu, muna kimia, kujia, kujen, innen, susu, fasta, wa na kota samples, innen, inna pimoa, randomili.",sw-KE
abel_mutua_000204,/home/ray/Desktop/mkuru/dataset/segmented/gn3q-QJO2cw_Kenya_s_Super_Athletes____Mk/gn3q-QJO2cw_Kenya_s_Super_Athletes____Mk_00080.wav,12.76,"And yo wa traiku kabi stori ya ni ni. So anyway, at literally wakapiga seminawe wa anti-doping vifiti, then wakatoka. After anti-doping, kuli kwa na mwato yu wa me kam, kuna master.","And yo wa traiku kabi stori ya ni ni. So anyway, at literally wakapiga seminawe wa anti-doping vifiti, then wakatoka. After anti-doping, kuli kwa na mwato yu wa me kam, kuna master.","And yo wa traiku kabi stori ya ni ni. So anyway, at literally wakapiga seminawe wa anti-doping vifiti, then wakatoka. After anti-doping, kuli kwa na mwato yu wa me kam, kuna master.",sw-KE
abel_mutua_000205,/home/ray/Desktop/mkuru/dataset/segmented/gn3q-QJO2cw_Kenya_s_Super_Athletes____Mk/gn3q-QJO2cw_Kenya_s_Super_Athletes____Mk_00081.wav,8.52,"Wototu wa zungu, wame toka, makua, wame letru na wazazi, Wakurugenzi wawone master, filemoon, Patrick.","Wototu wa zungu, wame toka, makua, wame letru na wazazi, Wakurugenzi wawone master, filemoon, Patrick.","Wototu wa zungu, wame toka, makua, wame letru na wazazi, Wakurugenzi wawone master, filemoon, Patrick.",sw-KE
abel_mutua_000206,/home/ray/Desktop/mkuru/dataset/segmented/gn3q-QJO2cw_Kenya_s_Super_Athletes____Mk/gn3q-QJO2cw_Kenya_s_Super_Athletes____Mk_00082.wav,10.58,"Saoli awase watua Kenyansuaran pigeida wa nimasta uko. Watu yo na kam maze, wei wana itisha maotografu kone ni, akina filemon wakam wakupiga nao.","Saoli awase watua Kenyansuaran pigeida wa nimasta uko. Watu yo na kam maze, wei wana itisha maotografu kone ni, akina filemon wakam wakupiga nao.","Saoli awase watua Kenyansuaran pigeida wa nimasta uko. Watu yo na kam maze, wei wana itisha maotografu kone ni, akina filemon wakam wakupiga nao.",sw-KE
abel_mutua_000207,/home/ray/Desktop/mkuru/dataset/segmented/gn3q-QJO2cw_Kenya_s_Super_Athletes____Mk/gn3q-QJO2cw_Kenya_s_Super_Athletes____Mk_00083.wav,12.18,"Zwezi, zwezi, mbionbio ki asti apo, uno na vile wato yo ame furai, jo anas kia fiti. Nashi no maze kwa nitu kodunia, gani wa lai. Ase nia, ase nia tari.","Zwezi, zwezi, mbionbio ki asti apo, uno na vile wato yo ame furai, jo anas kia fiti. Nashi no maze kwa nitu kodunia, gani wa lai. Ase nia, ase nia tari.","Zwezi, zwezi, mbionbio ki asti apo, uno na vile wato yo ame furai, jo anas kia fiti. Nashi no maze kwa nitu kodunia, gani wa lai. Ase nia, ase nia tari.",sw-KE
abel_mutua_000208,/home/ray/Desktop/mkuru/dataset/segmented/gn3q-QJO2cw_Kenya_s_Super_Athletes____Mk/gn3q-QJO2cw_Kenya_s_Super_Athletes____Mk_00084.wav,13.47,"Ya ni, uazia eto piga stori dek kambili na filemon. Asha rufi, wiburu, hei filemon kaya have a photograph. Ile maisha naisingia pa kenyan diyo filemon na naisi Europe. Hei, wei.","Ya ni, uazia eto piga stori dek kambili na filemon. Asha rufi, wiburu, hei filemon kaya have a photograph. Ile maisha naisingia pa kenyan diyo filemon na naisi Europe. Hei, wei.","Ya ni, uazia eto piga stori dek kambili na filemon. Asha rufi, wiburu, hei filemon kaya have a photograph. Ile maisha naisingia pa kenyan diyo filemon na naisi Europe. Hei, wei.",sw-KE
abel_mutua_000209,/home/ray/Desktop/mkuru/dataset/segmented/gn3q-QJO2cw_Kenya_s_Super_Athletes____Mk/gn3q-QJO2cw_Kenya_s_Super_Athletes____Mk_00085.wav,13.6,"Anyway, wakafanya mambo na watoto, watoto wakaskia fiti, dey nika kwa sasa tuna nda the next order of business, mba ili kwa the official unveiling of the athletes palesiaire city, na kwa upati wanini, they are big numbers.","Anyway, wakafanya mambo na watoto, watoto wakaskia fiti, dey nika kwa sasa tuna nda the next order of business, mba ili kwa the official unveiling of the athletes palesiaire city, na kwa upati wanini, they are big numbers.","Anyway, wakafanya mambo na watoto, watoto wakaskia fiti, dey nika kwa sasa tuna nda the next order of business, mba ili kwa the official unveiling of the athletes palesiaire city, na kwa upati wanini, they are big numbers.",sw-KE
abel_mutua_000210,/home/ray/Desktop/mkuru/dataset/segmented/gn3q-QJO2cw_Kenya_s_Super_Athletes____Mk/gn3q-QJO2cw_Kenya_s_Super_Athletes____Mk_00086.wav,12.1,"Iyo nihafla, wana ndatao, uko kwa ndatao hii mefungwa street, wame set up stage uko, athletes wana itu obana, wana kuja kila mtuna bendera kipeperusha.","Iyo nihafla, wana ndatao, uko kwa ndatao hii mefungwa street, wame set up stage uko, athletes wana itu obana, wana kuja kila mtuna bendera kipeperusha.","Iyo nihafla, wana ndatao, uko kwa ndatao hii mefungwa street, wame set up stage uko, athletes wana itu obana, wana kuja kila mtuna bendera kipeperusha.",sw-KE
abel_mutua_000211,/home/ray/Desktop/mkuru/dataset/segmented/gn3q-QJO2cw_Kenya_s_Super_Athletes____Mk/gn3q-QJO2cw_Kenya_s_Super_Athletes____Mk_00087.wav,12.17,"Ane ndapale kwa stage, maze, utawina, piganuru, kwa deadly, denu na patiwa nambayako, bibnambayako, kwa kukimbia kesho, hei. Mili kwa na unaiki tuka move iwa lai, hei, itu na nil kudu better.","Ane ndapale kwa stage, maze, utawina, piganuru, kwa deadly, denu na patiwa nambayako, bibnambayako, kwa kukimbia kesho, hei. Mili kwa na unaiki tuka move iwa lai, hei, itu na nil kudu better.","Ane ndapale kwa stage, maze, utawina, piganuru, kwa deadly, denu na patiwa nambayako, bibnambayako, kwa kukimbia kesho, hei. Mili kwa na unaiki tuka move iwa lai, hei, itu na nil kudu better.",sw-KE
abel_mutua_000212,/home/ray/Desktop/mkuru/dataset/segmented/gn3q-QJO2cw_Kenya_s_Super_Athletes____Mk/gn3q-QJO2cw_Kenya_s_Super_Athletes____Mk_00088.wav,12.57,"Ah, we need to do better, at what you think ya wa tukama master, na aseni master, ebu ima jinu eni top globally, globally, na tu na pite na tu na ekwa street up a anyata atushuguli kiya apa.","Ah, we need to do better, at what you think ya wa tukama master, na aseni master, ebu ima jinu eni top globally, globally, na tu na pite na tu na ekwa street up a anyata atushuguli kiya apa.","Ah, we need to do better, at what you think ya wa tukama master, na aseni master, ebu ima jinu eni top globally, globally, na tu na pite na tu na ekwa street up a anyata atushuguli kiya apa.",sw-KE
abel_mutua_000213,/home/ray/Desktop/mkuru/dataset/segmented/gn3q-QJO2cw_Kenya_s_Super_Athletes____Mk/gn3q-QJO2cw_Kenya_s_Super_Athletes____Mk_00089.wav,12.9,"So after the official unveiling of the athletes, tuka chukwa ma super starwetu, tuka Rudinau, kutoka apasier, chiniku avali, back to the heel tuko zinal. Waende wa lale sababu the following day.","So after the official unveiling of the athletes, tuka chukwa ma super starwetu, tuka Rudinau, kutoka apasier, chiniku avali, back to the heel tuko zinal. Waende wa lale sababu the following day.","So after the official unveiling of the athletes, tuka chukwa ma super starwetu, tuka Rudinau, kutoka apasier, chiniku avali, back to the heel tuko zinal. Waende wa lale sababu the following day.",sw-KE
abel_mutua_000214,/home/ray/Desktop/mkuru/dataset/segmented/gn3q-QJO2cw_Kenya_s_Super_Athletes____Mk/gn3q-QJO2cw_Kenya_s_Super_Athletes____Mk_00090.wav,13.67,Saturday the 8th of August was a big day.,Saturday the 8th of August was a big day.,Saturday the 8th of August was a big day.,sw-KE
abel_mutua_000215,/home/ray/Desktop/mkuru/dataset/segmented/gn3q-QJO2cw_Kenya_s_Super_Athletes____Mk/gn3q-QJO2cw_Kenya_s_Super_Athletes____Mk_00091.wav,13.71,Hu hu hu hu hu hu hu hu hu hu hu hu hu hu hu hu hu hu hu hu hu hu hu hu hu hu hu hu hu hu hu hu hu hu hu hu hu hu hu hu hu hu hu hu hu hu hu hu hu hu hu hu hu hu hu hu hu hu hu hu hu hu hu hu hu hu hu hu hu hu hu hu hu hu hu hu hu hu hu hu hu hu hu hu hu hu hu hu hu hu hu hu hu hu hu hu hu hu hu hu hu hu hu hu hu hu hu hu hu hu hu hu hu hu hu hu hu hu hu hu hu hu hu hu hu hu hu hu hu hu hu hu hu hu hu hu hu hu hu hu hu hu hu hu hu hu hu hu hu hu hu hu hu hu hu hu hu hu hu hu hu hu hu hu hu hu hu hu hu hu hu hu hu hu hu hu hu hu hu hu hu hu hu hu hu hu hu hu hu hu hu hu hu hu hu hu hu hu hu hu hu hu hu hu hu hu hu hu hu hu hu hu hu hu hu hu hu hu hu hu hu hu hu,Hu hu hu hu hu hu hu hu hu hu hu hu hu hu hu hu hu hu hu hu hu hu hu hu hu hu hu hu hu hu hu hu hu hu hu hu hu hu hu hu hu hu hu hu hu hu hu hu hu hu hu hu hu hu hu hu hu hu hu hu hu hu hu hu hu hu hu hu hu hu hu hu hu hu hu hu hu hu hu hu hu hu hu hu hu hu hu hu hu hu hu hu hu hu hu hu hu hu hu hu hu hu hu hu hu hu hu hu hu hu hu hu hu hu hu hu hu hu hu hu hu hu hu hu hu hu hu hu hu hu hu hu hu hu hu hu hu hu hu hu hu hu hu hu hu hu hu hu hu hu hu hu hu hu hu hu hu hu hu hu hu hu hu hu hu hu hu hu hu hu hu hu hu hu hu hu hu hu hu hu hu hu hu hu hu hu hu hu hu hu hu hu hu hu hu hu hu hu hu hu hu hu hu hu hu hu hu hu hu hu hu hu hu hu hu hu hu hu hu hu hu hu hu,Hu hu hu hu hu hu hu hu hu hu hu hu hu hu hu hu hu hu hu hu hu hu hu hu hu hu hu hu hu hu hu hu hu hu hu hu hu hu hu hu hu hu hu hu hu hu hu hu hu hu hu hu hu hu hu hu hu hu hu hu hu hu hu hu hu hu hu hu hu hu hu hu hu hu hu hu hu hu hu hu hu hu hu hu hu hu hu hu hu hu hu hu hu hu hu hu hu hu hu hu hu hu hu hu hu hu hu hu hu hu hu hu hu hu hu hu hu hu hu hu hu hu hu hu hu hu hu hu hu hu hu hu hu hu hu hu hu hu hu hu hu hu hu hu hu hu hu hu hu hu hu hu hu hu hu hu hu hu hu hu hu hu hu hu hu hu hu hu hu hu hu hu hu hu hu hu hu hu hu hu hu hu hu hu hu hu hu hu hu hu hu hu hu hu hu hu hu hu hu hu hu hu hu hu hu hu hu hu hu hu hu hu hu hu hu hu hu hu hu hu hu hu hu,sw-KE
abel_mutua_000216,/home/ray/Desktop/mkuru/dataset/segmented/gn3q-QJO2cw_Kenya_s_Super_Athletes____Mk/gn3q-QJO2cw_Kenya_s_Super_Athletes____Mk_00092.wav,13.05,"So tukafika wasewa kenda wakatu liya wakaduz then the following day siku ika hanza, kila mtu mazeni presya, tension. Yani ata omau tero, unawaga ungele siya mtu ata akuski, yani mainia.","So tukafika wasewa kenda wakatu liya wakaduz then the following day siku ika hanza, kila mtu mazeni presya, tension. Yani ata omau tero, unawaga ungele siya mtu ata akuski, yani mainia.","So tukafika wasewa kenda wakatu liya wakaduz then the following day siku ika hanza, kila mtu mazeni presya, tension. Yani ata omau tero, unawaga ungele siya mtu ata akuski, yani mainia.",sw-KE
abel_mutua_000217,/home/ray/Desktop/mkuru/dataset/segmented/gn3q-QJO2cw_Kenya_s_Super_Athletes____Mk/gn3q-QJO2cw_Kenya_s_Super_Athletes____Mk_00093.wav,9.58,"So after breakfast wakapigwa mawa hida zamusho-musho pale to interviews do-do-go-to-do-go apo, then wakanda wakenge kwa the official bust.","So after breakfast wakapigwa mawa hida zamusho-musho pale to interviews do-do-go-to-do-go apo, then wakanda wakenge kwa the official bust.","So after breakfast wakapigwa mawa hida zamusho-musho pale to interviews do-do-go-to-do-go apo, then wakanda wakenge kwa the official bust.",sw-KE
abel_mutua_000218,/home/ray/Desktop/mkuru/dataset/segmented/gn3q-QJO2cw_Kenya_s_Super_Athletes____Mk/gn3q-QJO2cw_Kenya_s_Super_Athletes____Mk_00094.wav,13.15,"Kwa shukisha ten na kutokaz zinal back to sea air, sababu starting point ni sea air, munapanda zinal. Wakanda wakafikishu a place, wasewa gawana, wana party opportunity a kupigat warm-ups, ni ni ni uko.","Kwa shukisha ten na kutokaz zinal back to sea air, sababu starting point ni sea air, munapanda zinal. Wakanda wakafikishu a place, wasewa gawana, wana party opportunity a kupigat warm-ups, ni ni ni uko.","Kwa shukisha ten na kutokaz zinal back to sea air, sababu starting point ni sea air, munapanda zinal. Wakanda wakafikishu a place, wasewa gawana, wana party opportunity a kupigat warm-ups, ni ni ni uko.",sw-KE
abel_mutua_000219,/home/ray/Desktop/mkuru/dataset/segmented/gn3q-QJO2cw_Kenya_s_Super_Athletes____Mk/gn3q-QJO2cw_Kenya_s_Super_Athletes____Mk_00095.wav,10.17,"Tukenda tuko akuta uko tena, kwa encourage tuwa panapale, tomas pale ko chare, anangali akakila kitu ya ikusawa, wakonama vest flani apa.","Tukenda tuko akuta uko tena, kwa encourage tuwa panapale, tomas pale ko chare, anangali akakila kitu ya ikusawa, wakonama vest flani apa.","Tukenda tuko akuta uko tena, kwa encourage tuwa panapale, tomas pale ko chare, anangali akakila kitu ya ikusawa, wakonama vest flani apa.",sw-KE
abel_mutua_000220,/home/ray/Desktop/mkuru/dataset/segmented/gn3q-QJO2cw_Kenya_s_Super_Athletes____Mk/gn3q-QJO2cw_Kenya_s_Super_Athletes____Mk_00096.wav,13.83,"Wana bibagatuma magia pa zi kona majelf lani, zi kona skari, zi kona... Eyi, yani, ulaji yami nika wuna nda vita. So kila mta kwa kusawa at exactly 10.30.","Wana bibagatuma magia pa zi kona majelf lani, zi kona skari, zi kona... Eyi, yani, ulaji yami nika wuna nda vita. So kila mta kwa kusawa at exactly 10.30.","Wana bibagatuma magia pa zi kona majelf lani, zi kona skari, zi kona... Eyi, yani, ulaji yami nika wuna nda vita. So kila mta kwa kusawa at exactly 10.30.",sw-KE
abel_mutua_000221,/home/ray/Desktop/mkuru/dataset/segmented/gn3q-QJO2cw_Kenya_s_Super_Athletes____Mk/gn3q-QJO2cw_Kenya_s_Super_Athletes____Mk_00097.wav,12.24,"Madem waka nda starting line up, Ruth na Miriam waka ingia pali, 1030 gap ya waka hanza. Mbogi waka miwatulie 30 minutes later at 11, ndi ho? Mbogi wana.","Madem waka nda starting line up, Ruth na Miriam waka ingia pali, 1030 gap ya waka hanza. Mbogi waka miwatulie 30 minutes later at 11, ndi ho? Mbogi wana.","Madem waka nda starting line up, Ruth na Miriam waka ingia pali, 1030 gap ya waka hanza. Mbogi waka miwatulie 30 minutes later at 11, ndi ho? Mbogi wana.",sw-KE
abel_mutua_000222,/home/ray/Desktop/mkuru/dataset/segmented/gn3q-QJO2cw_Kenya_s_Super_Athletes____Mk/gn3q-QJO2cw_Kenya_s_Super_Athletes____Mk_00098.wav,13.24,"So ako palitu wa na piga piga ma stretch zao, ma warm up nini nini, sa minute to 11 mbogi, waka ingi ya kwa starting line up sana. Starting point. 11 sharp bunduki. Baah!","So ako palitu wa na piga piga ma stretch zao, ma warm up nini nini, sa minute to 11 mbogi, waka ingi ya kwa starting line up sana. Starting point. 11 sharp bunduki. Baah!","So ako palitu wa na piga piga ma stretch zao, ma warm up nini nini, sa minute to 11 mbogi, waka ingi ya kwa starting line up sana. Starting point. 11 sharp bunduki. Baah!",sw-KE
abel_mutua_000223,/home/ray/Desktop/mkuru/dataset/segmented/gn3q-QJO2cw_Kenya_s_Super_Athletes____Mk/gn3q-QJO2cw_Kenya_s_Super_Athletes____Mk_00099.wav,12.56,"Wasendi ya ho, manze 6500 athletes, kuna boiwa kisi, kuna boiwa narok na kuru, wote wana takaita.","Wasendi ya ho, manze 6500 athletes, kuna boiwa kisi, kuna boiwa narok na kuru, wote wana takaita.","Wasendi ya ho, manze 6500 athletes, kuna boiwa kisi, kuna boiwa narok na kuru, wote wana takaita.",sw-KE
abel_mutua_000224,/home/ray/Desktop/mkuru/dataset/segmented/gn3q-QJO2cw_Kenya_s_Super_Athletes____Mk/gn3q-QJO2cw_Kenya_s_Super_Athletes____Mk_00100.wav,12.25,Six thousand five hundred athletes from all over the world.,Six thousand five hundred athletes from all over the world.,Six thousand five hundred athletes from all over the world.,sw-KE
abel_mutua_000225,/home/ray/Desktop/mkuru/dataset/segmented/gn3q-QJO2cw_Kenya_s_Super_Athletes____Mk/gn3q-QJO2cw_Kenya_s_Super_Athletes____Mk_00101.wav,10.94,"So maze rezi mehaza nini nini, yu rezi ikia nzaib, infakt atatuli toka kwa yu area before rezi and the officially. Jua ase ona toka takenbaya, by the time tu na...","So maze rezi mehaza nini nini, yu rezi ikia nzaib, infakt atatuli toka kwa yu area before rezi and the officially. Jua ase ona toka takenbaya, by the time tu na...","So maze rezi mehaza nini nini, yu rezi ikia nzaib, infakt atatuli toka kwa yu area before rezi and the officially. Jua ase ona toka takenbaya, by the time tu na...",sw-KE
abel_mutua_000226,/home/ray/Desktop/mkuru/dataset/segmented/gn3q-QJO2cw_Kenya_s_Super_Athletes____Mk/gn3q-QJO2cw_Kenya_s_Super_Athletes____Mk_00102.wav,12.77,"Ru di kuchuku agari, 22 angoje kwa de 2 kilometa mak tuge chela wakidogo, tuge patawali sya pita. Aso na toga risa nbio ingina ya risaasi. So ili bidi tu toge kablayo risaasi hibigwe.","Ru di kuchuku agari, 22 angoje kwa de 2 kilometa mak tuge chela wakidogo, tuge patawali sya pita. Aso na toga risa nbio ingina ya risaasi. So ili bidi tu toge kablayo risaasi hibigwe.","Ru di kuchuku agari, 22 angoje kwa de 2 kilometa mak tuge chela wakidogo, tuge patawali sya pita. Aso na toga risa nbio ingina ya risaasi. So ili bidi tu toge kablayo risaasi hibigwe.",sw-KE
abel_mutua_000227,/home/ray/Desktop/mkuru/dataset/segmented/gn3q-QJO2cw_Kenya_s_Super_Athletes____Mk/gn3q-QJO2cw_Kenya_s_Super_Athletes____Mk_00103.wav,13.19,"Tu tukwe gari, 22a ndo jewapi, the 2 kilometer mark. Tukafu kapali 2 kilometers, tukambi wakukaribu, wakukama some 7 to 8 minutes away wanakam. Tukatu tegea apu kido kido gondyutwone.","Tu tukwe gari, 22a ndo jewapi, the 2 kilometer mark. Tukafu kapali 2 kilometers, tukambi wakukaribu, wakukama some 7 to 8 minutes away wanakam. Tukatu tegea apu kido kido gondyutwone.","Tu tukwe gari, 22a ndo jewapi, the 2 kilometer mark. Tukafu kapali 2 kilometers, tukambi wakukaribu, wakukama some 7 to 8 minutes away wanakam. Tukatu tegea apu kido kido gondyutwone.",sw-KE
abel_mutua_000228,/home/ray/Desktop/mkuru/dataset/segmented/gn3q-QJO2cw_Kenya_s_Super_Athletes____Mk/gn3q-QJO2cw_Kenya_s_Super_Athletes____Mk_00104.wav,13.78,"Lain api mejipanga haji ono jwe saia tujuwi, atuja pata bado live feed. So atujuwi kuma nda jizu kilomita sa kwanza mbili. Then kido kido go, mbogi, weitru ndiwao, hei, tuko na. I think hili kwa gani.","Lain api mejipanga haji ono jwe saia tujuwi, atuja pata bado live feed. So atujuwi kuma nda jizu kilomita sa kwanza mbili. Then kido kido go, mbogi, weitru ndiwao, hei, tuko na. I think hili kwa gani.","Lain api mejipanga haji ono jwe saia tujuwi, atuja pata bado live feed. So atujuwi kuma nda jizu kilomita sa kwanza mbili. Then kido kido go, mbogi, weitru ndiwao, hei, tuko na. I think hili kwa gani.",sw-KE
abel_mutua_000229,/home/ray/Desktop/mkuru/dataset/segmented/gn3q-QJO2cw_Kenya_s_Super_Athletes____Mk/gn3q-QJO2cw_Kenya_s_Super_Athletes____Mk_00105.wav,13.95,"Watatu, top 3 wawili wali kwa weitu, filemon na ida patrika ma nani, ida kipnienu ama atuia. So wakapita, wakapita yu kilometer.","Watatu, top 3 wawili wali kwa weitu, filemon na ida patrika ma nani, ida kipnienu ama atuia. So wakapita, wakapita yu kilometer.","Watatu, top 3 wawili wali kwa weitu, filemon na ida patrika ma nani, ida kipnienu ama atuia. So wakapita, wakapita yu kilometer.",sw-KE
abel_mutua_000230,/home/ray/Desktop/mkuru/dataset/segmented/gn3q-QJO2cw_Kenya_s_Super_Athletes____Mk/gn3q-QJO2cw_Kenya_s_Super_Athletes____Mk_00106.wav,13.3,"Na pili, tuka-tuka, take it, tena kumagari mpi uniku pandamilima, kupandamilima, kupandamilima, baka the 12 kilometer mark. Sasa, as tu na panda-panda, somehow tuka-kam tuka pata signal, yu lai ufidia ya race.","Na pili, tuka-tuka, take it, tena kumagari mpi uniku pandamilima, kupandamilima, kupandamilima, baka the 12 kilometer mark. Sasa, as tu na panda-panda, somehow tuka-kam tuka pata signal, yu lai ufidia ya race.","Na pili, tuka-tuka, take it, tena kumagari mpi uniku pandamilima, kupandamilima, kupandamilima, baka the 12 kilometer mark. Sasa, as tu na panda-panda, somehow tuka-kam tuka pata signal, yu lai ufidia ya race.",sw-KE
abel_mutua_000231,/home/ray/Desktop/mkuru/dataset/segmented/gn3q-QJO2cw_Kenya_s_Super_Athletes____Mk/gn3q-QJO2cw_Kenya_s_Super_Athletes____Mk_00107.wav,11.9,"Manze tu na ingi ya wakoka kilometa ya tanu sita. Mazem tu akumbeli ni mzungu jo, jamaflani wabrito, na mehenda aku peke ake. Then wakona apflani inaku onyesha.","Manze tu na ingi ya wakoka kilometa ya tanu sita. Mazem tu akumbeli ni mzungu jo, jamaflani wabrito, na mehenda aku peke ake. Then wakona apflani inaku onyesha.","Manze tu na ingi ya wakoka kilometa ya tanu sita. Mazem tu akumbeli ni mzungu jo, jamaflani wabrito, na mehenda aku peke ake. Then wakona apflani inaku onyesha.",sw-KE
abel_mutua_000232,/home/ray/Desktop/mkuru/dataset/segmented/gn3q-QJO2cw_Kenya_s_Super_Athletes____Mk/gn3q-QJO2cw_Kenya_s_Super_Athletes____Mk_00108.wav,10.55,"Umse akumbele, mwenyanam fwata, ame wachu na distansi na kaaje. Manze na onam mwenyanam fwata bana ako 45 seconds behind. Wacheni wambie, kumbia 45 seconds is a lot.","Umse akumbele, mwenyanam fwata, ame wachu na distansi na kaaje. Manze na onam mwenyanam fwata bana ako 45 seconds behind. Wacheni wambie, kumbia 45 seconds is a lot.","Umse akumbele, mwenyanam fwata, ame wachu na distansi na kaaje. Manze na onam mwenyanam fwata bana ako 45 seconds behind. Wacheni wambie, kumbia 45 seconds is a lot.",sw-KE
abel_mutua_000233,/home/ray/Desktop/mkuru/dataset/segmented/gn3q-QJO2cw_Kenya_s_Super_Athletes____Mk/gn3q-QJO2cw_Kenya_s_Super_Athletes____Mk_00109.wav,12.16,"Ume wachua. Uki wachua na 45 sikens. Ume wachua na shindo Jesus, yani. Tume kudia hindi ayo te bana mubrito atutoe tumkate kumdomo.","Ume wachua. Uki wachua na 45 sikens. Ume wachua na shindo Jesus, yani. Tume kudia hindi ayo te bana mubrito atutoe tumkate kumdomo.","Ume wachua. Uki wachua na 45 sikens. Ume wachua na shindo Jesus, yani. Tume kudia hindi ayo te bana mubrito atutoe tumkate kumdomo.",sw-KE
abel_mutua_000234,/home/ray/Desktop/mkuru/dataset/segmented/gn3q-QJO2cw_Kenya_s_Super_Athletes____Mk/gn3q-QJO2cw_Kenya_s_Super_Athletes____Mk_00110.wav,11.19,"Yeni tulitoka, tuliyende yo, the 12 kilometer mark maze tukiyo, yeni tukiyo, ee, tension unne za katana kisu, jyotu amini yani bile, yani umzungo na ta.","Yeni tulitoka, tuliyende yo, the 12 kilometer mark maze tukiyo, yeni tukiyo, ee, tension unne za katana kisu, jyotu amini yani bile, yani umzungo na ta.","Yeni tulitoka, tuliyende yo, the 12 kilometer mark maze tukiyo, yeni tukiyo, ee, tension unne za katana kisu, jyotu amini yani bile, yani umzungo na ta.",sw-KE
abel_mutua_000235,/home/ray/Desktop/mkuru/dataset/segmented/gn3q-QJO2cw_Kenya_s_Super_Athletes____Mk/gn3q-QJO2cw_Kenya_s_Super_Athletes____Mk_00111.wav,13.05,"So tukenda tukafika yu place ya 12 kilometer, ni kata wakadogo kana itwa chandelin. Pale chandelin, diyo mama jizi konini, diyo wakifi kapale, wakona sponge za kujimogili ya maji, wakona maji ya kukunu ya na azile ma...","So tukenda tukafika yu place ya 12 kilometer, ni kata wakadogo kana itwa chandelin. Pale chandelin, diyo mama jizi konini, diyo wakifi kapale, wakona sponge za kujimogili ya maji, wakona maji ya kukunu ya na azile ma...","So tukenda tukafika yu place ya 12 kilometer, ni kata wakadogo kana itwa chandelin. Pale chandelin, diyo mama jizi konini, diyo wakifi kapale, wakona sponge za kujimogili ya maji, wakona maji ya kukunu ya na azile ma...",sw-KE
abel_mutua_000236,/home/ray/Desktop/mkuru/dataset/segmented/gn3q-QJO2cw_Kenya_s_Super_Athletes____Mk/gn3q-QJO2cw_Kenya_s_Super_Athletes____Mk_00112.wav,10.97,"Electrolytes, yaku ungeza, ungeza, ka ena jikidogo. So tukenda tukatu liya pomaze. Sahiba nasiji katengeke tu nini mehapen, atupati yata feed.","Electrolytes, yaku ungeza, ungeza, ka ena jikidogo. So tukenda tukatu liya pomaze. Sahiba nasiji katengeke tu nini mehapen, atupati yata feed.","Electrolytes, yaku ungeza, ungeza, ka ena jikidogo. So tukenda tukatu liya pomaze. Sahiba nasiji katengeke tu nini mehapen, atupati yata feed.",sw-KE
abel_mutua_000237,/home/ray/Desktop/mkuru/dataset/segmented/gn3q-QJO2cw_Kenya_s_Super_Athletes____Mk/gn3q-QJO2cw_Kenya_s_Super_Athletes____Mk_00113.wav,6.19,"So atu juini nani akwa mbele hii time, ah ah ah. Nia ni akuna kitu inadension kama hii, wu wu wu.","So atu juini nani akwa mbele hii time, ah ah ah. Nia ni akuna kitu inadension kama hii, wu wu wu.","So atu juini nani akwa mbele hii time, ah ah ah. Nia ni akuna kitu inadension kama hii, wu wu wu.",sw-KE
abel_mutua_000238,/home/ray/Desktop/mkuru/dataset/segmented/gn3q-QJO2cw_Kenya_s_Super_Athletes____Mk/gn3q-QJO2cw_Kenya_s_Super_Athletes____Mk_00114.wav,12.07,"Then, all of a sudden, tukanzaku skia manduru uko tukanzaku juwa, aaaaaa, ndiwawa ndiwawa na fika maze, manze una cross fingers, ya li karibu zivunje. Then, all of a sudden, tukwa konaivi.","Then, all of a sudden, tukanzaku skia manduru uko tukanzaku juwa, aaaaaa, ndiwawa ndiwawa na fika maze, manze una cross fingers, ya li karibu zivunje. Then, all of a sudden, tukwa konaivi.","Then, all of a sudden, tukanzaku skia manduru uko tukanzaku juwa, aaaaaa, ndiwawa ndiwawa na fika maze, manze una cross fingers, ya li karibu zivunje. Then, all of a sudden, tukwa konaivi.",sw-KE
abel_mutua_000239,/home/ray/Desktop/mkuru/dataset/segmented/gn3q-QJO2cw_Kenya_s_Super_Athletes____Mk/gn3q-QJO2cw_Kenya_s_Super_Athletes____Mk_00115.wav,12.57,"Mbogi, mbogi, mbogi, mbogi, mbogi, mbogi, mbogi, mbogi, mbogi, mbogi, mbogi, mbogi, mbogi, mbogi, mbogi, mbogi, mbogi, mbogi, mbogi, mbogi, mbogi, mbogi, mbogi, mbogi, mbogi, mbogi, mbogi, mbogi, mbogi, mbogi, mbogi, mbogi, mbogi, mbogi, mbogi, mbogi, mbogi, mbogi,","Mbogi, mbogi, mbogi, mbogi, mbogi, mbogi, mbogi, mbogi, mbogi, mbogi, mbogi, mbogi, mbogi, mbogi, mbogi, mbogi, mbogi, mbogi, mbogi, mbogi, mbogi, mbogi, mbogi, mbogi, mbogi, mbogi, mbogi, mbogi, mbogi, mbogi, mbogi, mbogi, mbogi, mbogi, mbogi, mbogi, mbogi, mbogi,","Mbogi, mbogi, mbogi, mbogi, mbogi, mbogi, mbogi, mbogi, mbogi, mbogi, mbogi, mbogi, mbogi, mbogi, mbogi, mbogi, mbogi, mbogi, mbogi, mbogi, mbogi, mbogi, mbogi, mbogi, mbogi, mbogi, mbogi, mbogi, mbogi, mbogi, mbogi, mbogi, mbogi, mbogi, mbogi, mbogi, mbogi, mbogi,",sw-KE
abel_mutua_000240,/home/ray/Desktop/mkuru/dataset/segmented/gn3q-QJO2cw_Kenya_s_Super_Athletes____Mk/gn3q-QJO2cw_Kenya_s_Super_Athletes____Mk_00116.wav,13.16,"Then ulem britoe tu, I think ndi wali fwata, then says Michael Saoli, Selelo Saoli, aka fwata apu. Kido kido apu, kitu kama namba 6, 7, ule atuia.","Then ulem britoe tu, I think ndi wali fwata, then says Michael Saoli, Selelo Saoli, aka fwata apu. Kido kido apu, kitu kama namba 6, 7, ule atuia.","Then ulem britoe tu, I think ndi wali fwata, then says Michael Saoli, Selelo Saoli, aka fwata apu. Kido kido apu, kitu kama namba 6, 7, ule atuia.",sw-KE
abel_mutua_000241,/home/ray/Desktop/mkuru/dataset/segmented/gn3q-QJO2cw_Kenya_s_Super_Athletes____Mk/gn3q-QJO2cw_Kenya_s_Super_Athletes____Mk_00117.wav,12.58,"Kafuata tukajambia, ah, ikosa hawa. At least we jano amere game, wacha sasa tutokei 12 kilometer mark to finye mbaka finish line, 22one na nisa sana kwa mkumaliza. Nikupanta milimata ena milimama.","Kafuata tukajambia, ah, ikosa hawa. At least we jano amere game, wacha sasa tutokei 12 kilometer mark to finye mbaka finish line, 22one na nisa sana kwa mkumaliza. Nikupanta milimata ena milimama.","Kafuata tukajambia, ah, ikosa hawa. At least we jano amere game, wacha sasa tutokei 12 kilometer mark to finye mbaka finish line, 22one na nisa sana kwa mkumaliza. Nikupanta milimata ena milimama.",sw-KE
abel_mutua_000242,/home/ray/Desktop/mkuru/dataset/segmented/gn3q-QJO2cw_Kenya_s_Super_Athletes____Mk/gn3q-QJO2cw_Kenya_s_Super_Athletes____Mk_00118.wav,12.66,"Izi milima tu na pandana gari, tu na choka, aa asoana pandamu bu. Tukenda tukafika zinal, pale sasa ma li finish line niko, tukapak gari apo, raka fasta, tukakuja tekem baka kwa finish line. Sasa niku kama zewna ango.","Izi milima tu na pandana gari, tu na choka, aa asoana pandamu bu. Tukenda tukafika zinal, pale sasa ma li finish line niko, tukapak gari apo, raka fasta, tukakuja tekem baka kwa finish line. Sasa niku kama zewna ango.","Izi milima tu na pandana gari, tu na choka, aa asoana pandamu bu. Tukenda tukafika zinal, pale sasa ma li finish line niko, tukapak gari apo, raka fasta, tukakuja tekem baka kwa finish line. Sasa niku kama zewna ango.",sw-KE
abel_mutua_000243,/home/ray/Desktop/mkuru/dataset/segmented/gn3q-QJO2cw_Kenya_s_Super_Athletes____Mk/gn3q-QJO2cw_Kenya_s_Super_Athletes____Mk_00119.wav,11.51,"Una ngaoja jo. Ulem semonya na tanga za uko maze, atuambi vitu tunata kuskia, ya kutu stori zingi, na shi ngao manze, siu tuambi eni nani, ya kompe lewewe.","Una ngaoja jo. Ulem semonya na tanga za uko maze, atuambi vitu tunata kuskia, ya kutu stori zingi, na shi ngao manze, siu tuambi eni nani, ya kompe lewewe.","Una ngaoja jo. Ulem semonya na tanga za uko maze, atuambi vitu tunata kuskia, ya kutu stori zingi, na shi ngao manze, siu tuambi eni nani, ya kompe lewewe.",sw-KE
abel_mutua_000244,/home/ray/Desktop/mkuru/dataset/segmented/gn3q-QJO2cw_Kenya_s_Super_Athletes____Mk/gn3q-QJO2cw_Kenya_s_Super_Athletes____Mk_00120.wav,12.6,"Mbogi, bazenga, morio, mkurugenzi, cheki vile kimenuka, morio, mkurugenzi, cheki vile kimenuka, morio, mkurugenzi, cheki vile kimenuka, morio, mkurugenzi, cheki vile kimenuka, morio, mkurugenzi, cheki vile kimenuka, morio, mkurugenzi, cheki vile kimenuka, morio, mkurugenzi, cheki vile kimenuka, morio, mkurugenzi, cheki vile kimenuka, morio, mkurugenzi, cheki vile kimenuka, morio, mkurugenzi, cheki vile kimenuka, morio, mkurugenzi, cheki vile kimenuka, morio, mkurugenzi, cheki vile kimenuka, morio, mkurugenzi, cheki vile kimenuka, morio, mkurugenzi,","Mbogi, bazenga, morio, Mkurugenzi, cheki vile kimenuka, morio, Mkurugenzi, cheki vile kimenuka, morio, Mkurugenzi, cheki vile kimenuka, morio, Mkurugenzi, cheki vile kimenuka, morio, Mkurugenzi, cheki vile kimenuka, morio, Mkurugenzi, cheki vile kimenuka, morio, Mkurugenzi, cheki vile kimenuka, morio, Mkurugenzi, cheki vile kimenuka, morio, Mkurugenzi, cheki vile kimenuka, morio, Mkurugenzi, cheki vile kimenuka, morio, Mkurugenzi, cheki vile kimenuka, morio, Mkurugenzi, cheki vile kimenuka, morio, Mkurugenzi, cheki vile kimenuka, morio, Mkurugenzi,","Mbogi, bazenga, morio, Mkurugenzi, cheki vile kimenuka, morio, Mkurugenzi, cheki vile kimenuka, morio, Mkurugenzi, cheki vile kimenuka, morio, Mkurugenzi, cheki vile kimenuka, morio, Mkurugenzi, cheki vile kimenuka, morio, Mkurugenzi, cheki vile kimenuka, morio, Mkurugenzi, cheki vile kimenuka, morio, Mkurugenzi, cheki vile kimenuka, morio, Mkurugenzi, cheki vile kimenuka, morio, Mkurugenzi, cheki vile kimenuka, morio, Mkurugenzi, cheki vile kimenuka, morio, Mkurugenzi, cheki vile kimenuka, morio, Mkurugenzi, cheki vile kimenuka, morio, Mkurugenzi,",sw-KE
abel_mutua_000245,/home/ray/Desktop/mkuru/dataset/segmented/gn3q-QJO2cw_Kenya_s_Super_Athletes____Mk/gn3q-QJO2cw_Kenya_s_Super_Athletes____Mk_00121.wav,11.33,Nikaske juli komentikapale jwa mese nama ze something about Kenyans being at the fryer. Yali karimutu cheese ya apu. Dey nolo basa dey nolo na tu.,Nikaske juli komentikapale jwa mese nama ze something about Kenyans being at the fryer. Yali karimutu cheese ya apu. Dey nolo basa dey nolo na tu.,Nikaske juli komentikapale jwa mese nama ze something about Kenyans being at the fryer. Yali karimutu cheese ya apu. Dey nolo basa dey nolo na tu.,sw-KE
abel_mutua_000246,/home/ray/Desktop/mkuru/dataset/segmented/gn3q-QJO2cw_Kenya_s_Super_Athletes____Mk/gn3q-QJO2cw_Kenya_s_Super_Athletes____Mk_00122.wav,13.23,"Kwa na tuivi, filemun kiriya kwa na toke mwa, sendi wiyo, anaka anikandi wa mezali wa sayi, ataka inika me choka. Mina shinu upjama, wuleza je kwa na hii, elaji wei, after 31 kilometers, mepanda 2,000 meters elevation.","Kwa na tuivi, filemun kiriya kwa na toke mwa, sendi wiyo, anaka anikandi wa mezali wa sayi, ataka inika me choka. Mina shinu upjama, wuleza je kwa na hii, elaji wei, after 31 kilometers, mepanda 2,000 meters elevation.","Kwa na tuivi, filemun kiriya kwa na toke mwa, sendi wiyo, anaka anikandi wa mezali wa sayi, ataka inika me choka. Mina shinu upjama, wuleza je kwa na hii, elaji wei, after 31 kilometers, mepanda 2,000 meters elevation.",sw-KE
abel_mutua_000247,/home/ray/Desktop/mkuru/dataset/segmented/gn3q-QJO2cw_Kenya_s_Super_Athletes____Mk/gn3q-QJO2cw_Kenya_s_Super_Athletes____Mk_00123.wav,13.87,"Mbogi, maze, maze, maze, maze, maze, maze, maze, maze, maze, maze, maze, maze, maze, maze, maze, maze, maze, maze, maze, maze, maze, maze, maze, maze, maze, maze, maze, maze, maze, maze, maze, maze, maze, maze, maze, maze, maze, maze, maze, maze, maze, maze, maze, maze, maze, maze, maze, maze, maze, maze, maze, maze, maze, maze, maze, maze, maze, maze, maze, maze, maze, maze, maze, maze, maze, maze, maze, maze, maze, maze, maze, maze, maze, maze, maze, maze, maze, maze, maze, maze, maze, maze, maze, maze, maze, maze, maze, maze, maze, maze, maze, maze, maze, maze, maze, maze, maze, maze, maze, maze, maze, maze, maze, maze, maze, maze, maze, maze, maze, maze","Mbogi, maze, maze, maze, maze, maze, maze, maze, maze, maze, maze, maze, maze, maze, maze, maze, maze, maze, maze, maze, maze, maze, maze, maze, maze, maze, maze, maze, maze, maze, maze, maze, maze, maze, maze, maze, maze, maze, maze, maze, maze, maze, maze, maze, maze, maze, maze, maze, maze, maze, maze, maze, maze, maze, maze, maze, maze, maze, maze, maze, maze, maze, maze, maze, maze, maze, maze, maze, maze, maze, maze, maze, maze, maze, maze, maze, maze, maze, maze, maze, maze, maze, maze, maze, maze, maze, maze, maze, maze, maze, maze, maze, maze, maze, maze, maze, maze, maze, maze, maze, maze, maze, maze, maze, maze, maze, maze, maze, maze, maze, maze","Mbogi, maze, maze, maze, maze, maze, maze, maze, maze, maze, maze, maze, maze, maze, maze, maze, maze, maze, maze, maze, maze, maze, maze, maze, maze, maze, maze, maze, maze, maze, maze, maze, maze, maze, maze, maze, maze, maze, maze, maze, maze, maze, maze, maze, maze, maze, maze, maze, maze, maze, maze, maze, maze, maze, maze, maze, maze, maze, maze, maze, maze, maze, maze, maze, maze, maze, maze, maze, maze, maze, maze, maze, maze, maze, maze, maze, maze, maze, maze, maze, maze, maze, maze, maze, maze, maze, maze, maze, maze, maze, maze, maze, maze, maze, maze, maze, maze, maze, maze, maze, maze, maze, maze, maze, maze, maze, maze, maze, maze, maze, maze",sw-KE
abel_mutua_000248,/home/ray/Desktop/mkuru/dataset/segmented/gn3q-QJO2cw_Kenya_s_Super_Athletes____Mk/gn3q-QJO2cw_Kenya_s_Super_Athletes____Mk_00124.wav,12.39,"So tu na jambia maze mungu, na jyotuliko tu mekuomba 123 finish, lakini wu katupati yata 12, tuko sana. Ata utunime namba 2 utupati yata 13, as long as kwa top 3, tuko eno wawili. Manze tu.","So tu na jambia maze mungu, na jyotuliko tu mekuomba 123 finish, lakini wu katupati yata 12, tuko sana. Ata utunime namba 2 utupati yata 13, as long as kwa top 3, tuko eno wawili. Manze tu.","So tu na jambia maze mungu, na jyotuliko tu mekuomba 123 finish, lakini wu katupati yata 12, tuko sana. Ata utunime namba 2 utupati yata 13, as long as kwa top 3, tuko eno wawili. Manze tu.",sw-KE
abel_mutua_000249,/home/ray/Desktop/mkuru/dataset/segmented/gn3q-QJO2cw_Kenya_s_Super_Athletes____Mk/gn3q-QJO2cw_Kenya_s_Super_Athletes____Mk_00125.wav,13.68,"Ono Basade, Patrick Kipngenon, diyo huyo, amengia, ako moto deadly. Shepa kaku diya kapiga na mambili. Sosa kuliko na gap between Patrick Kipngenon na the Pasal Mwenyaliku.","Ono Basade, Patrick Kipngenon, diyo huyo, amengia, ako moto deadly. Shepa kaku diya kapiga na mambili. Sosa kuliko na gap between Patrick Kipngenon na the Pasal Mwenyaliku.","Ono Basade, Patrick Kipngenon, diyo huyo, amengia, ako moto deadly. Shepa kaku diya kapiga na mambili. Sosa kuliko na gap between Patrick Kipngenon na the Pasal Mwenyaliku.",sw-KE
abel_mutua_000250,/home/ray/Desktop/mkuru/dataset/segmented/gn3q-QJO2cw_Kenya_s_Super_Athletes____Mk/gn3q-QJO2cw_Kenya_s_Super_Athletes____Mk_00126.wav,6.19,"Nambatri, manze tuko apola, na sisi ya nye, we are so ungrateful human beings.","Nambatri, manze tuko apola, na sisi ya nye, we are so ungrateful human beings.","Nambatri, manze tuko apola, na sisi ya nye, we are so ungrateful human beings.",sw-KE
abel_mutua_000251,/home/ray/Desktop/mkuru/dataset/segmented/gn3q-QJO2cw_Kenya_s_Super_Athletes____Mk/gn3q-QJO2cw_Kenya_s_Super_Athletes____Mk_00127.wav,13.46,"Tulikuwa tu nomba tu awili, pale kuwa top 3, sasa jutuko na awili, edutu naza kubra ibu mungu tena. God, God, na jutuli sema awili, lakini. Manze wiki tu pati ya tumkeja.","Tulikuwa tu nomba tu awili, pale kuwa top 3, sasa jutuko na awili, edutu naza kubra ibu mungu tena. God, God, na jutuli sema awili, lakini. Manze wiki tu pati ya tumkeja.","Tulikuwa tu nomba tu awili, pale kuwa top 3, sasa jutuko na awili, edutu naza kubra ibu mungu tena. God, God, na jutuli sema awili, lakini. Manze wiki tu pati ya tumkeja.",sw-KE
abel_mutua_000252,/home/ray/Desktop/mkuru/dataset/segmented/gn3q-QJO2cw_Kenya_s_Super_Athletes____Mk/gn3q-QJO2cw_Kenya_s_Super_Athletes____Mk_00128.wav,13.93,"Apuniketu yupodi ambizuri, tu kutuna top 3, ai ai ai ai ai ai ai ai ai ai ai ai ai ai ai ai ai ai ai ai ai ai ai ai ai ai ai ai ai ai ai ai ai ai ai ai ai ai ai ai ai ai ai ai ai ai ai ai ai ai ai ai ai ai ai ai ai ai ai ai ai ai ai ai ai ai ai ai ai ai ai ai ai ai ai ai ai ai ai ai ai ai ai ai ai ai ai ai ai ai ai ai ai ai ai ai ai ai ai ai ai ai ai ai ai ai ai ai ai ai ai ai ai ai ai ai ai ai ai ai ai ai ai ai ai ai ai ai ai ai ai ai ai ai ai ai ai ai ai ai ai ai ai ai ai ai ai ai ai ai ai ai ai ai ai ai ai ai ai ai ai ai ai ai ai ai ai ai ai ai ai ai ai ai ai ai ai ai ai ai ai ai ai ai ai ai ai ai ai ai ai ai ai ai ai ai ai ai ai ai ai ai ai ai ai","Apuniketu yupodi ambizuri, tu kutuna top 3, ai ai ai ai ai ai ai ai ai ai ai ai ai ai ai ai ai ai ai ai ai ai ai ai ai ai ai ai ai ai ai ai ai ai ai ai ai ai ai ai ai ai ai ai ai ai ai ai ai ai ai ai ai ai ai ai ai ai ai ai ai ai ai ai ai ai ai ai ai ai ai ai ai ai ai ai ai ai ai ai ai ai ai ai ai ai ai ai ai ai ai ai ai ai ai ai ai ai ai ai ai ai ai ai ai ai ai ai ai ai ai ai ai ai ai ai ai ai ai ai ai ai ai ai ai ai ai ai ai ai ai ai ai ai ai ai ai ai ai ai ai ai ai ai ai ai ai ai ai ai ai ai ai ai ai ai ai ai ai ai ai ai ai ai ai ai ai ai ai ai ai ai ai ai ai ai ai ai ai ai ai ai ai ai ai ai ai ai ai ai ai ai ai ai ai ai ai ai ai ai ai ai ai ai ai","Apuniketu yupodi ambizuri, tu kutuna top 3, ai ai ai ai ai ai ai ai ai ai ai ai ai ai ai ai ai ai ai ai ai ai ai ai ai ai ai ai ai ai ai ai ai ai ai ai ai ai ai ai ai ai ai ai ai ai ai ai ai ai ai ai ai ai ai ai ai ai ai ai ai ai ai ai ai ai ai ai ai ai ai ai ai ai ai ai ai ai ai ai ai ai ai ai ai ai ai ai ai ai ai ai ai ai ai ai ai ai ai ai ai ai ai ai ai ai ai ai ai ai ai ai ai ai ai ai ai ai ai ai ai ai ai ai ai ai ai ai ai ai ai ai ai ai ai ai ai ai ai ai ai ai ai ai ai ai ai ai ai ai ai ai ai ai ai ai ai ai ai ai ai ai ai ai ai ai ai ai ai ai ai ai ai ai ai ai ai ai ai ai ai ai ai ai ai ai ai ai ai ai ai ai ai ai ai ai ai ai ai ai ai ai ai ai ai",sw-KE
abel_mutua_000253,/home/ray/Desktop/mkuru/dataset/segmented/gn3q-QJO2cw_Kenya_s_Super_Athletes____Mk/gn3q-QJO2cw_Kenya_s_Super_Athletes____Mk_00129.wav,10.73,"Mbogi, bazenga, morio, mkurugenzi, cheki vile kimenuka, manze, maze, maze, maze, maze, maze, maze, maze, maze, maze, maze, maze, maze, maze, maze, maze, maze, maze, maze, maze, maze, maze, maze, maze, maze, maze, maze, maze, maze, maze, maze, maze, maze, maze, maze, maze, maze, maze, maze, maze, maze, maze, maze, maze, maze, maze, maze, maze, maze, maze, maze, maze, maze, maze, maze, maze, maze, maze, maze, maze, maze, maze, maze, maze, maze, maze, maze, maze, maze, maze, maze, maze, maze, maze, maze, maze, maze, maze, maze, maze, maze, maze, maze, maze, maze, maze, maze, maze, maze, maze, maze, maze, maze, maze, maze, maze, maze, maze, maze, maze","Mbogi, bazenga, morio, Mkurugenzi, cheki vile kimenuka, manze, maze, maze, maze, maze, maze, maze, maze, maze, maze, maze, maze, maze, maze, maze, maze, maze, maze, maze, maze, maze, maze, maze, maze, maze, maze, maze, maze, maze, maze, maze, maze, maze, maze, maze, maze, maze, maze, maze, maze, maze, maze, maze, maze, maze, maze, maze, maze, maze, maze, maze, maze, maze, maze, maze, maze, maze, maze, maze, maze, maze, maze, maze, maze, maze, maze, maze, maze, maze, maze, maze, maze, maze, maze, maze, maze, maze, maze, maze, maze, maze, maze, maze, maze, maze, maze, maze, maze, maze, maze, maze, maze, maze, maze, maze, maze, maze, maze, maze, maze","Mbogi, bazenga, morio, Mkurugenzi, cheki vile kimenuka, manze, maze, maze, maze, maze, maze, maze, maze, maze, maze, maze, maze, maze, maze, maze, maze, maze, maze, maze, maze, maze, maze, maze, maze, maze, maze, maze, maze, maze, maze, maze, maze, maze, maze, maze, maze, maze, maze, maze, maze, maze, maze, maze, maze, maze, maze, maze, maze, maze, maze, maze, maze, maze, maze, maze, maze, maze, maze, maze, maze, maze, maze, maze, maze, maze, maze, maze, maze, maze, maze, maze, maze, maze, maze, maze, maze, maze, maze, maze, maze, maze, maze, maze, maze, maze, maze, maze, maze, maze, maze, maze, maze, maze, maze, maze, maze, maze, maze, maze, maze",sw-KE
abel_mutua_000254,/home/ray/Desktop/mkuru/dataset/segmented/gn3q-QJO2cw_Kenya_s_Super_Athletes____Mk/gn3q-QJO2cw_Kenya_s_Super_Athletes____Mk_00130.wav,11.51,"Izo migu atu jaziola na mtumungine koyo kompetisyon, buyoninana rada dan Michael Thelelo Saaroli.","Izo migu atu jaziola na mtumungine koyo kompetisyon, buyoninana rada dan Michael Thelelo Saaroli.","Izo migu atu jaziola na mtumungine koyo kompetisyon, buyoninana rada dan Michael Thelelo Saaroli.",sw-KE
abel_mutua_000255,/home/ray/Desktop/mkuru/dataset/segmented/gn3q-QJO2cw_Kenya_s_Super_Athletes____Mk/gn3q-QJO2cw_Kenya_s_Super_Athletes____Mk_00131.wav,12.2,"Amitri piyango ilisha yapo. Ah, kitiyote nili kwanataka kwa hii maisha, inili ipata kwa hii finish line. Maze 1, 2, 3, Kenyans, Wote. Same team.","Amitri piyango ilisha yapo. Ah, kitiyote nili kwanataka kwa hii maisha, inili ipata kwa hii finish line. Maze 1, 2, 3, Kenyans, Wote. Same team.","Amitri piyango ilisha yapo. Ah, kitiyote nili kwanataka kwa hii maisha, inili ipata kwa hii finish line. Maze 1, 2, 3, Kenyans, Wote. Same team.",sw-KE
abel_mutua_000256,/home/ray/Desktop/mkuru/dataset/segmented/gn3q-QJO2cw_Kenya_s_Super_Athletes____Mk/gn3q-QJO2cw_Kenya_s_Super_Athletes____Mk_00132.wav,12.73,Wato ako sponsored na on. Hafsayo tumipiga maguwanda sana on. Tuko on juchin. Wato na tuongali anashinu. On imejipanga hii. Tulipuru gawewe.,Wato ako sponsored na on. Hafsayo tumipiga maguwanda sana on. Tuko on juchin. Wato na tuongali anashinu. On imejipanga hii. Tulipuru gawewe.,Wato ako sponsored na on. Hafsayo tumipiga maguwanda sana on. Tuko on juchin. Wato na tuongali anashinu. On imejipanga hii. Tulipuru gawewe.,sw-KE
abel_mutua_000257,/home/ray/Desktop/mkuru/dataset/segmented/gn3q-QJO2cw_Kenya_s_Super_Athletes____Mk/gn3q-QJO2cw_Kenya_s_Super_Athletes____Mk_00133.wav,11.73,"Two weeks later, just a years na pigae stori nii two weeks tagu yo kompetitio, bad do wa naongia jo yo res. Vile Kenyansu wali yenda wakaburuga resi ya wenewe wu kwa it was amazing. Crazy.","Two weeks later, just a years na pigae stori nii two weeks tagu yo kompetitio, bad do wa naongia jo yo res. Vile Kenyansu wali yenda wakaburuga resi ya wenewe wu kwa it was amazing. Crazy.","Two weeks later, just a years na pigae stori nii two weeks tagu yo kompetitio, bad do wa naongia jo yo res. Vile Kenyansu wali yenda wakaburuga resi ya wenewe wu kwa it was amazing. Crazy.",sw-KE
abel_mutua_000258,/home/ray/Desktop/mkuru/dataset/segmented/gn3q-QJO2cw_Kenya_s_Super_Athletes____Mk/gn3q-QJO2cw_Kenya_s_Super_Athletes____Mk_00134.wav,13.95,"Siku mbuki the last time nili feel patriotic ivo. I can't remember. Hei guys, as na funga e re kapot, te komi anguni.","Siku mbuki the last time nili feel patriotic ivo. I can't remember. Hei guys, as na funga e re kapot, te komi anguni.","Siku mbuki the last time nili feel patriotic ivo. I can't remember. Hei guys, as na funga e re kapot, te komi anguni.",sw-KE
abel_mutua_000259,/home/ray/Desktop/mkuru/dataset/segmented/gn3q-QJO2cw_Kenya_s_Super_Athletes____Mk/gn3q-QJO2cw_Kenya_s_Super_Athletes____Mk_00135.wav,13.85,"We are doing badly. We are really doing badly. Maze ma otero ako apa ya niwa na tembe ako asti tata mshuguli ki nao. Nao hindi waso na tu ekakwa mat, ya ni Europe unase matu.","We are doing badly. We are really doing badly. Maze ma otero ako apa ya niwa na tembe ako asti tata mshuguli ki nao. Nao hindi waso na tu ekakwa mat, ya ni Europe unase matu.","We are doing badly. We are really doing badly. Maze ma otero ako apa ya niwa na tembe ako asti tata mshuguli ki nao. Nao hindi waso na tu ekakwa mat, ya ni Europe unase matu.",sw-KE
abel_mutua_000260,/home/ray/Desktop/mkuru/dataset/segmented/gn3q-QJO2cw_Kenya_s_Super_Athletes____Mk/gn3q-QJO2cw_Kenya_s_Super_Athletes____Mk_00136.wav,12.43,"Umeto kakenya, kila mtu anati. Ah, ya, ya, ya, ya, ya, we know you for running. Aso umeto ekambele kuliko kila kid, misi juni nani ame kakenya nismbele kuliko athletes.","Umeto kakenya, kila mtu anati. Ah, ya, ya, ya, ya, ya, we know you for running. Aso umeto ekambele kuliko kila kid, misi juni nani ame kakenya nismbele kuliko athletes.","Umeto kakenya, kila mtu anati. Ah, ya, ya, ya, ya, ya, we know you for running. Aso umeto ekambele kuliko kila kid, misi juni nani ame kakenya nismbele kuliko athletes.",sw-KE
abel_mutua_000261,/home/ray/Desktop/mkuru/dataset/segmented/gn3q-QJO2cw_Kenya_s_Super_Athletes____Mk/gn3q-QJO2cw_Kenya_s_Super_Athletes____Mk_00137.wav,11.26,"Wau kapati watu a day in the life of an athlete, unakuit sa tatu wasubui, skudangani. Mili ka nao isu sku, ah ah, it's not easy, sotu wana nyeshenima.","Wau kapati watu a day in the life of an athlete, unakuit sa tatu wasubui, skudangani. Mili ka nao isu sku, ah ah, it's not easy, sotu wana nyeshenima.","Wau kapati watu a day in the life of an athlete, unakuit sa tatu wasubui, skudangani. Mili ka nao isu sku, ah ah, it's not easy, sotu wana nyeshenima.",sw-KE
abel_mutua_000262,/home/ray/Desktop/mkuru/dataset/segmented/gn3q-QJO2cw_Kenya_s_Super_Athletes____Mk/gn3q-QJO2cw_Kenya_s_Super_Athletes____Mk_00138.wav,13.2,"Yo rezi kukwa YouTube, buki tako wneza nda ui watch nda ui watch nda ui watch nda ui watch nda ui watch nda ui watch nda ui watch nda ui watch nda ui watch nda ui watch nda ui watch nda ui watch nda ui watch nda ui watch nda ui watch nda ui watch nda ui watch nda ui watch nda ui watch nda ui watch nda ui watch nda ui watch nda ui watch nda ui watch nda ui watch nda ui watch nda ui watch nda ui watch nda ui watch nda ui watch nda ui watch nda ui watch nda ui watch nda ui watch nda u","Yo rezi kukwa YouTube, buki tako wneza nda ui watch nda ui watch nda ui watch nda ui watch nda ui watch nda ui watch nda ui watch nda ui watch nda ui watch nda ui watch nda ui watch nda ui watch nda ui watch nda ui watch nda ui watch nda ui watch nda ui watch nda ui watch nda ui watch nda ui watch nda ui watch nda ui watch nda ui watch nda ui watch nda ui watch nda ui watch nda ui watch nda ui watch nda ui watch nda ui watch nda ui watch nda ui watch nda ui watch nda ui watch nda u","Yo rezi kukwa YouTube, buki tako wneza nda ui watch nda ui watch nda ui watch nda ui watch nda ui watch nda ui watch nda ui watch nda ui watch nda ui watch nda ui watch nda ui watch nda ui watch nda ui watch nda ui watch nda ui watch nda ui watch nda ui watch nda ui watch nda ui watch nda ui watch nda ui watch nda ui watch nda ui watch nda ui watch nda ui watch nda ui watch nda ui watch nda ui watch nda ui watch nda ui watch nda ui watch nda ui watch nda ui watch nda ui watch nda u",sw-KE
sheng_rec_000001,/home/ray/Desktop/Sheng_pipe/dataset/segmented/Recording_3/chunk_00000.wav,18.39,"Nyao, da ku any of those KFCs. Max, when? Sida ni kutapwana matia wacha wacha kwa grau, sida ni, sida ni kuna de matia kwa jela, because even though tuna kuanga, even though tuna ishi, because now Rwanda, ikona cracka, and they're saying that it is indecent dressing. So now you see how","Nyao, da ku any of those KFCs. Max, when? Sida ni kutapwana matia wacha wacha kwa grau, sida ni, sida ni kuna de matia kwa jela, because even though tuna kuanga, even though tuna ishi, because now Rwanda, ikona cracka, and they're saying that it is indecent dressing. So now you see how","Nyao, da ku any of those KFCs. Max, when? Sida ni kutapwana matia wacha wacha kwa grau, sida ni, sida ni kuna de matia kwa jela, because even though tuna kuanga, even though tuna ishi, because now Rwanda, ikona cracka, and they're saying that it is indecent dressing. So now you see how",sw-KE
sheng_rec_000002,/home/ray/Desktop/Sheng_pipe/dataset/segmented/Recording_4/chunk_00000.wav,23.3,"Ona wa say, kili kiparam nikoa ki lika buni proa ni 17 years? Yay. Siwone siya odi en. Ya. Niki-kili. Kili shibasa rame, kwa kwa kwa kwa kwa kwa kwa kwa kwa kwa kwa kwa kwa kwa kwa kwa kwa kwa kwa kwa kwa. Ia tini gay.","Ona wa say, kili kiparam nikoa ki lika buni proa ni 17 years? Yay. Siwone siya odi en. Ya. Niki-kili. Kili shibasa rame, kwa kwa. Ia tini gay.","Ona wa say, kili kiparam nikoa ki lika buni proa ni 17 years? Yay. Siwone siya odi en. Ya. Niki-kili. Kili shibasa rame, kwa kwa. Ia tini gay.",sw-KE
sheng_rec_000003,/home/ray/Desktop/Sheng_pipe/dataset/segmented/Recording_5/chunk_00000.wav,3.03,"Pempa, manzi, nuku, nuku, nuku, nuku, nuku, nuku, nuku, nuku.","Pempa, manzi, nuku, nuku.","Pempa, manzi, nuku, nuku.",sw-KE
sheng_rec_000004,/home/ray/Desktop/Sheng_pipe/dataset/segmented/Sheng0002/chunk_00000.wav,170.63,"It may be interesting that you discovered about your family only because there was a big family occasion. Onajwa maniniwa family na kuanga a little bit sensitive, but there's a lot of good that comes with it, man. And we all love it when something like the whole family is getting together for whatever reason, pleasant and pleasant. Family wanga is ina patana every once in a while, man. But one thing you can bet on is we've all come to learn some very interesting things about our families during these same occasions. And I don't know if you got wind of what went down with the late stupid boy because he was said to be late to rest. But apparently, his burial has now been delayed because of a family dispute about where he should be rested. And according to reports, there's a court order that halted the planning burial amid disagreement over whether he should be late to rest in Siyaya, Amapaleni, and Aruwa. And at the reporting describes competing positions to be between his paternal and his maternal families. Yani, Saidia madya kuna wile onataka, Saidia buda kuna wile onataka, Neme letango risana manze. The dad says that he wants his son to be buried in Siyaya, saying that this is what he wanted manze. He is trying to honor a wish that stupid boy had repeatedly shared before passing. But now there's a intersection of the family that is pushing for his burial to be held in Nyandarwa just because that is where the mum is based. Ukondiywa kuhuko, Ukondiywa Danikuwake, Anase mamdueni wangu tafadalini, Ajamdotwangwa zikwa apam tani manze. And my heart really goes out to them. It's not something easy that they are going through. But this is not the first time we've seen something like this happening man. I bet we all have bro. Adi miimi. Nili kujaku juna. The very same things. Ile te menyemze wangu wali past manze. I repeat to the old man. Juna joa the problem is that everyone close to that loved one feels very entitled to how things should go, how things should be. And that usually brings a lot of tension kwenyefamili man. And the other thing is sometimes it's very hard for other people. I was saying you bado kwenyefamili ya kuman. It's very hard for them to believe that this is what their loved one wished for. For themselves. Because wana fil piasisini kama tunam jua beta. We know him better or we know her better than they knew themselves. Nimi na kwa mene kuna marelati kusutu wengi nwali daisha. Awakuji mazishi amzae just because he opted for cremation. Ile mazishi ya kawaida. Natu li kusana na utu wengi sana. But you know down the line, if it wanga zina, if it wanga zina stream line kiasi mu naongia, but it can get really ugly man. Does your family know what you really actually want when it comes to some things? Na yondo assignment na takani kupati e wiki, but this is just a casai note, right? I'm giving you this casai note this week. Let your family know what you want and also wengi ewe find out what your family members want. What something?","It may be interesting that you discovered about your family only because there was a big family occasion. Onajwa maniniwa family na kuanga a little bit sensitive, but there's a lot of good that comes with it, man. And we all love it when something like the whole family is getting together for whatever reason, pleasant and pleasant. Family wanga is ina patana every once in a while, man. But one thing you can bet on is we've all come to learn some very interesting things about our families during these same occasions. And I don't know if you got wind of what went down with the late stupid boy because he was said to be late to rest. But apparently, his burial has now been delayed because of a family dispute about where he should be rested. And according to reports, there's a court order that halted the planning burial amid disagreement over whether he should be late to rest in Siyaya, Amapaleni, and Aruwa. And at the reporting describes competing positions to be between his paternal and his maternal families. Yani, Saidia matha kuna wile onataka, Saidia buda kuna wile onataka, Neme letango risana manze. The dad says that he wants his son to be buried in Siyaya, saying that this is what he wanted manze. He is trying to honor a wish that stupid boy had repeatedly shared before passing. But now there's a intersection of the family that is pushing for his burial to be held in Nyandarwa just because that is where the mum is based. Ukondiywa kuhuko, Ukondiywa Danikuwake, Anase mamdueni wangu tafadalini, Ajamdotwangwa zikwa apam tani manze. And my heart really goes out to them. It's not something easy that they are going through. But this is not the first time we've seen something like this happening man. I bet we all have bro. Adi miimi. Nili kujaku juna. The very same things. Ile te menyemze wangu wali past manze. I repeat to the old man. Juna joa the problem is that everyone close to that loved one feels very entitled to how things should go, how things should be. And that usually brings a lot of tension kwenyefamili man. And the other thing is sometimes it's very hard for other people. I was saying you bado kwenyefamili ya kuman. It's very hard for them to believe that this is what their loved one wished for. For themselves. Because wana fil piasisini kama tunam jua beta. We know him better or we know her better than they knew themselves. Nimi na kwa mene kuna marelati kusutu wengi nwali daisha. Awakuji mazishi amzae just because he opted for cremation. Ile mazishi ya kawaida. Natu li kusana na utu wengi sana. But you know down the line, if it wanga zina, if it wanga zina stream line kiasi mu naongia, but it can get really ugly man. Does your family know what you really actually want when it comes to some things? Na yondo assignment na takani kupati e wiki, but this is just a casai note, right? I'm giving you this casai note this week. Let your family know what you want and also wengi ewe find out what your family members want. What something?","It may be interesting that you discovered about your family only because there was a big family occasion. Onajwa maniniwa family na kuanga a little bit sensitive, but there's a lot of good that comes with it, man. And we all love it when something like the whole family is getting together for whatever reason, pleasant and pleasant. Family wanga is ina patana every once in a while, man. But one thing you can bet on is we've all come to learn some very interesting things about our families during these same occasions. And I don't know if you got wind of what went down with the late stupid boy because he was said to be late to rest. But apparently, his burial has now been delayed because of a family dispute about where he should be rested. And according to reports, there's a court order that halted the planning burial amid disagreement over whether he should be late to rest in Siyaya, Amapaleni, and Aruwa. And at the reporting describes competing positions to be between his paternal and his maternal families. Yani, Saidia matha kuna wile onataka, Saidia buda kuna wile onataka, Neme letango risana manze. The dad says that he wants his son to be buried in Siyaya, saying that this is what he wanted manze. He is trying to honor a wish that stupid boy had repeatedly shared before passing. But now there's a intersection of the family that is pushing for his burial to be held in Nyandarwa just because that is where the mum is based. Ukondiywa kuhuko, Ukondiywa Danikuwake, Anase mamdueni wangu tafadalini, Ajamdotwangwa zikwa apam tani manze. And my heart really goes out to them. It's not something easy that they are going through. But this is not the first time we've seen something like this happening man. I bet we all have bro. Adi miimi. Nili kujaku juna. The very same things. Ile te menyemze wangu wali past manze. I repeat to the old man. Juna joa the problem is that everyone close to that loved one feels very entitled to how things should go, how things should be. And that usually brings a lot of tension kwenyefamili man. And the other thing is sometimes it's very hard for other people. I was saying you bado kwenyefamili ya kuman. It's very hard for them to believe that this is what their loved one wished for. For themselves. Because wana fil piasisini kama tunam jua beta. We know him better or we know her better than they knew themselves. Nimi na kwa mene kuna marelati kusutu wengi nwali daisha. Awakuji mazishi amzae just because he opted for cremation. Ile mazishi ya kawaida. Natu li kusana na utu wengi sana. But you know down the line, if it wanga zina, if it wanga zina stream line kiasi mu naongia, but it can get really ugly man. Does your family know what you really actually want when it comes to some things? Na yondo assignment na takani kupati e wiki, but this is just a casai note, right? I'm giving you this casai note this week. Let your family know what you want and also wengi ewe find out what your family members want. What something?",sw-KE
sheng_rec_000005,/home/ray/Desktop/Sheng_pipe/dataset/segmented/Sheng0003/chunk_00000.wav,172.41,"Ika mwengi kei siyesi uja, ipa jie, kusami ote, the whole 4-4, it's not possible. So, gormaia vasu spira mi enzefsi, that's a game I watched yesterday at Niaje National Stadium. Listen man, first of all congratulations to gormaia, not because they lost, but of course because they lost when playing football. Uro just as you know neza cha, ureza nyo roshi oto, because there's nothing that you were doing as in, but they played really good football. Playbus is a very good team from Pyramids, a Loser game tunnel I predicted that we all knew that was going to be a difficult game, probably a way because they play on the 13th. It might end a little bit more sour, but at home I think gormaia showed a really good account of themselves. Should have gone up in the first minute of that particular game, goal line clearance there from Pyramids FC, but of course from there it was definitely going to be a dangerous game, it was definitely going to be one of those most difficult games for gormaia considering two goals, one in each half I believe, but on the other side tasca FC, congratulations to them. Now, there's a little bit more disappointing because I didn't am happy for them though. They were playing versus alali from Sudan, went 2 nil up, tasca went 2 nil up in the first half. Wakapiko counter, two goals in the second half, ended up joining that particular game but there's a big game in Nairobi this weekend, alali is going to be in Nairobi for that particular one. And it just got me thinking man, one of the biggest reasons why the teams are not performing as they should right now in Africa is because there's no league, simple as. Gormaia is not having great opportunities to play competitive football, as in the bakawa nambuku jyorganize ya friendlies and watch as a competitive football. So this is it, I think we bloody need to start this professional league. We need to find a solution this week, we need to find a solution very soon so that we can give our teams a chance to play competitive games out there. It's not possible, so we just need to find a solution for the local league to start. This professional league needs to come back because that's the only way we can push some of these teams to a whole new level. Now, just in case you want to watch proper local football this weekend, tasca is going to be playing versus alali, I think it's going to be at Nyaya National Stadium. We need to make sure you're there for that particular one because if tasca play the way they played yesterday, they might be going a little bit further than we all thought when it comes to continental football.","Ika mwengi kei siyesi uja, ipa jie, kusami ote, the whole 4-4, it's not possible. So, gormaia vasu spira mi enzefsi, that's a game I watched yesterday at Niaje National Stadium. Listen man, first of all congratulations to gormaia, not because they lost, but of course because they lost when playing football. Uro just as you know neza cha, ureza nyo roshi oto, because there's nothing that you were doing as in, but they played really good football. Playbus is a very good team from Pyramids, a Loser game tunnel I predicted that we all knew that was going to be a difficult game, probably a way because they play on the 13th. It might end a little bit more sour, but at home I think gormaia showed a really good account of themselves. Should have gone up in the first minute of that particular game, goal line clearance there from Pyramids FC, but of course from there it was definitely going to be a dangerous game, it was definitely going to be one of those most difficult games for gormaia considering two goals, one in each half I believe, but on the other side tasca FC, congratulations to them. Now, there's a little bit more disappointing because I didn't am happy for them though. They were playing versus alali from Sudan, went 2 nil up, tasca went 2 nil up in the first half. Wakapiko counter, two goals in the second half, ended up joining that particular game but there's a big game in Nairobi this weekend, alali is going to be in Nairobi for that particular one. And it just got me thinking man, one of the biggest reasons why the teams are not performing as they should right now in Africa is because there's no league, simple as. Gormaia is not having great opportunities to play competitive football, as in the bakawa nambuku jyorganize ya friendlies and watch as a competitive football. So this is it, I think we bloody need to start this professional league. We need to find a solution this week, we need to find a solution very soon so that we can give our teams a chance to play competitive games out there. It's not possible, so we just need to find a solution for the local league to start. This professional league needs to come back because that's the only way we can push some of these teams to a whole new level. Now, just in case you want to watch proper local football this weekend, tasca is going to be playing versus alali, I think it's going to be at Nyaya National Stadium. We need to make sure you're there for that particular one because if tasca play the way they played yesterday, they might be going a little bit further than we all thought when it comes to continental football.","Ika mwengi kei siyesi uja, ipa jie, kusami ote, the whole 4-4, it's not possible. So, gormaia vasu spira mi enzefsi, that's a game I watched yesterday at Niaje National Stadium. Listen man, first of all congratulations to gormaia, not because they lost, but of course because they lost when playing football. Uro just as you know neza cha, ureza nyo roshi oto, because there's nothing that you were doing as in, but they played really good football. Playbus is a very good team from Pyramids, a Loser game tunnel I predicted that we all knew that was going to be a difficult game, probably a way because they play on the 13th. It might end a little bit more sour, but at home I think gormaia showed a really good account of themselves. Should have gone up in the first minute of that particular game, goal line clearance there from Pyramids FC, but of course from there it was definitely going to be a dangerous game, it was definitely going to be one of those most difficult games for gormaia considering two goals, one in each half I believe, but on the other side tasca FC, congratulations to them. Now, there's a little bit more disappointing because I didn't am happy for them though. They were playing versus alali from Sudan, went 2 nil up, tasca went 2 nil up in the first half. Wakapiko counter, two goals in the second half, ended up joining that particular game but there's a big game in Nairobi this weekend, alali is going to be in Nairobi for that particular one. And it just got me thinking man, one of the biggest reasons why the teams are not performing as they should right now in Africa is because there's no league, simple as. Gormaia is not having great opportunities to play competitive football, as in the bakawa nambuku jyorganize ya friendlies and watch as a competitive football. So this is it, I think we bloody need to start this professional league. We need to find a solution this week, we need to find a solution very soon so that we can give our teams a chance to play competitive games out there. It's not possible, so we just need to find a solution for the local league to start. This professional league needs to come back because that's the only way we can push some of these teams to a whole new level. Now, just in case you want to watch proper local football this weekend, tasca is going to be playing versus alali, I think it's going to be at Nyaya National Stadium. We need to make sure you're there for that particular one because if tasca play the way they played yesterday, they might be going a little bit further than we all thought when it comes to continental football.",sw-KE
sheng_rec_000006,/home/ray/Desktop/Sheng_pipe/dataset/segmented/Sheng0004/chunk_00000.wav,182.65,"Kama na kweni camsirwakwa kya kumpikia? Desikdwa wajatidu grilled kwa kya kubi, wajatidu apa nekunida. Well, wama masumun ya na hii ni ta... Ngama na kweniya wajatidu na hii, wajatidu na hii. Na wa kuwa j急o. Tia maukmuli kwa na na kwa wajatidu na hii na kwa wajatidu na hii na kwa kwa kwa wajatidu na hii na kwa wajatidu na hii na kwa wajatidu na hii. Niko kwa na hii na hii howa? Majidu na hii howa? I don't give to Kanali The whole world is not expecting me to figure Ipswich Town 80 We performed here So this weekend, what are the games? How will you look at the games? So it's an easy one to make Ipswich Town vs. Live Up What oneeka nani captain? To make out to a Liverpool Ama Man City vs. Covent Tuna Ngukana Halla Ama Arsenal vs. Chelsea And then the last one, Everton vs. Manchester United Enda mati mene na uruma City, city na uruma Actually captain ma midfield wa city Midfield players Na mi Ryan Chaki Fiil Forden, Diaye, Anderson Eh, wa gandini mese ma Forden na cameraman na Kakata Toa ma oni basi Cameraman ongia basi, sevahunde a jubu captain na Ongia na pak Freiheit Zi, aachan nuku sho Uki captain midfield, héukona clin shit Ani pada, héukona assist You still have the probability of gold. The only midfielder citysign that you don't have from proper Iran, Chaki. Chaki masi tumwege na apu dan? Kapti na apu ibo. Weka Chaki, Kapti. Because Chaki, look at it from the positive side. Striker ukipata klinchit. Kuna the same points na midfielder. Actually you don't. But striker kuna chance ya kufunga. Kwanza mtu ka hana. Pena nizaki. Sokipata pena. Nisa. Guarantee points. But if a midfielder scores, the points are more. If a midfielder gets a clinchit, the points are more. Kwanipata. Okay. Nisa. Ya, so it's the best option. It's the best option. Kufunga na patanga mo points as compared to a striker. It's true, so. Apendongi ziongan extra point 4 clinchit. Exactly. So any two points in a minute or whatever. Exactly. You'd rather go with a midfield and you met triple cup. That's why Bruno Fernandez alibak kulia points. Iginawa ziwa. Sa, sa. Ii conversation. Niyotis ni esketiki ongelia mani. Asenongu. Kwa ni atreki playa zwa asenongu? Treki playa zwa asenongu, bro. Bro, you're gonna start hating right now, but I'll tell you a fact. Okay, what are you guys playing against? Asenongu. Game Billy. It doesn't matter. What's wrong with you? Game Billy. Billy. What's wrong? That won a league title for the first time since I was born. And after, we're gonna put the game Billy. Billy. Yeah, it's really me. Okay, I'm gonna tell the girls now. Chelsea. I'm gonna check on you. Chelsea. I'm gonna check on you. Chelsea. Asenongu. We are going to renew our homes against you. Beto, we gonna give them","Kama na kweni camsirwakwa kya kumpikia? Desikdwa wajatidu grilled kwa kya kubi, wajatidu apa nekunida. Well, wama masumun ya na hii ni ta... Ngama na kweniya wajatidu na hii, wajatidu na hii. Na wa kuwa j急o. Tia maukmuli kwa na na kwa wajatidu na hii na kwa wajatidu na hii na kwa wajatidu na hii na kwa wajatidu na hii na kwa wajatidu na hii. Niko kwa na hii na hii howa? Majidu na hii howa? I don't give to Kanali The whole world is not expecting me to figure Ipswich Town 80 We performed here So this weekend, what are the games? How will you look at the games? So it's an easy one to make Ipswich Town vs. Live Up What oneeka nani captain? To make out to a Liverpool Ama Man City vs. Covent Tuna Ngukana Halla Ama Arsenal vs. Chelsea And then the last one, Everton vs. Manchester United Enda mati mene na uruma City, city na uruma Actually captain ma midfield wa city Midfield players Na mi Ryan Chaki Fiil Forden, Diaye, Anderson Eh, wa gandini mese ma Forden na cameraman na Kakata Toa ma oni basi Cameraman ongia basi, sevahunde a jubu captain na Ongia na pak Freiheit Zi, aachan nuku sho Uki captain midfield, héukona clin shit Ani pada, héukona assist You still have the probability of gold. The only midfielder citysign that you don't have from proper Iran, Chaki. Chaki masi tumwege na apu dan? Kapti na apu ibo. Weka Chaki, Kapti. Because Chaki, look at it from the positive side. Striker ukipata klinchit. Kuna the same points na midfielder. Actually you don't. But striker kuna chance ya kufunga. Kwanza mtu ka hana. Pena nizaki. Sokipata pena. Nisa. Guarantee points. But if a midfielder scores, the points are more. If a midfielder gets a clinchit, the points are more. Kwanipata. Okay. Nisa. Ya, so it's the best option. It's the best option. Kufunga na patanga mo points as compared to a striker. It's true, so. Apendongi ziongan extra point 4 clinchit. Exactly. So any two points in a minute or whatever. Exactly. You'd rather go with a midfield and you met triple cup. That's why Bruno Fernandez alibak kulia points. Iginawa ziwa. Sa, sa. Ii conversation. Niyotis ni esketiki ongelia mani. Asenongu. Kwa ni atreki playa zwa asenongu? Treki playa zwa asenongu, bro. Bro, you're gonna start hating right now, but I'll tell you a fact. Okay, what are you guys playing against? Asenongu. Game Billy. It doesn't matter. What's wrong with you? Game Billy. Billy. What's wrong? That won a league title for the first time since I was born. And after, we're gonna put the game Billy. Billy. Yeah, it's really me. Okay, I'm gonna tell the girls now. Chelsea. I'm gonna check on you. Chelsea. I'm gonna check on you. Chelsea. Asenongu. We are going to renew our homes against you. Beto, we gonna give them","Kama na kweni camsirwakwa kya kumpikia? Desikdwa wajatidu grilled kwa kya kubi, wajatidu apa nekunida. Well, wama masumun ya na hii ni ta... Ngama na kweniya wajatidu na hii, wajatidu na hii. Na wa kuwa j急o. Tia maukmuli kwa na na kwa wajatidu na hii na kwa wajatidu na hii na kwa wajatidu na hii na kwa wajatidu na hii na kwa wajatidu na hii. Niko kwa na hii na hii howa? Majidu na hii howa? I don't give to Kanali The whole world is not expecting me to figure Ipswich Town 80 We performed here So this weekend, what are the games? How will you look at the games? So it's an easy one to make Ipswich Town vs. Live Up What oneeka nani captain? To make out to a Liverpool Ama Man City vs. Covent Tuna Ngukana Halla Ama Arsenal vs. Chelsea And then the last one, Everton vs. Manchester United Enda mati mene na uruma City, city na uruma Actually captain ma midfield wa city Midfield players Na mi Ryan Chaki Fiil Forden, Diaye, Anderson Eh, wa gandini mese ma Forden na cameraman na Kakata Toa ma oni basi Cameraman ongia basi, sevahunde a jubu captain na Ongia na pak Freiheit Zi, aachan nuku sho Uki captain midfield, héukona clin shit Ani pada, héukona assist You still have the probability of gold. The only midfielder citysign that you don't have from proper Iran, Chaki. Chaki masi tumwege na apu dan? Kapti na apu ibo. Weka Chaki, Kapti. Because Chaki, look at it from the positive side. Striker ukipata klinchit. Kuna the same points na midfielder. Actually you don't. But striker kuna chance ya kufunga. Kwanza mtu ka hana. Pena nizaki. Sokipata pena. Nisa. Guarantee points. But if a midfielder scores, the points are more. If a midfielder gets a clinchit, the points are more. Kwanipata. Okay. Nisa. Ya, so it's the best option. It's the best option. Kufunga na patanga mo points as compared to a striker. It's true, so. Apendongi ziongan extra point 4 clinchit. Exactly. So any two points in a minute or whatever. Exactly. You'd rather go with a midfield and you met triple cup. That's why Bruno Fernandez alibak kulia points. Iginawa ziwa. Sa, sa. Ii conversation. Niyotis ni esketiki ongelia mani. Asenongu. Kwa ni atreki playa zwa asenongu? Treki playa zwa asenongu, bro. Bro, you're gonna start hating right now, but I'll tell you a fact. Okay, what are you guys playing against? Asenongu. Game Billy. It doesn't matter. What's wrong with you? Game Billy. Billy. What's wrong? That won a league title for the first time since I was born. And after, we're gonna put the game Billy. Billy. Yeah, it's really me. Okay, I'm gonna tell the girls now. Chelsea. I'm gonna check on you. Chelsea. I'm gonna check on you. Chelsea. Asenongu. We are going to renew our homes against you. Beto, we gonna give them",sw-KE
sheng_rec_000007,/home/ray/Desktop/Sheng_pipe/dataset/segmented/Sheng0005/chunk_00000.wav,160.6,"Miki bidi ni me leta bosi in the studio, June. Bosi ya me come through in the studio, in the building master, wago, and welcome to the boys club. Thank you, thank you very much. Wata tu wa chu ujintu, new squans, you can tell us your name and what you do at KCB. Alright, so my name is Kevin Matthews, Kevin Matthews, okay? I'm responsible for delivering the digital experience over at KCB. Apple's our master. So, kastumazo me kwa kiskiya about the common sense campaign, ni me konikiwa chapi apun, the show me onam tandao, as well. On me tiki for awa'il. So, from a customer perspective, what does common sense actually mean and what should they take away from e-campaniyote? Alright, so the idea that the campaign running now as KCB is common sense and what we're looking at is ensuring that customers understand what their daily financial decisions and how they impact their particular life. So, we want customers to be aware and public at large on how the small, small financial decisions that they make. We know it's a Friday like today, you're going to go out to the club or an event. I saw Valiz in town, so you'll be going there to spend your money. What you're telling is, from a common sense perspective, you need to manage your financial decisions better for you to be able to start seeing more benefits from your money. Right now, na jwa banking is changing significantly through the years master. So, sayi kuna Genzi mahalia, na yuku jwa smart banking in a kaji sayi and how is KCB responding to change in customer expectations? Alright, so the new KCB mobile banking app actually has been adjourned. We've been working with our customers to build the app. As expected, we're putting so many features that are very convenient for our customers. So, when we say at KCB, we have continued to invest in the digital solutions. Of course, we know what the market is offering and KCB is regional, so we're also in other countries such as Tanzania, South Sudan, Kuzumdi, Uganda, Wanda. So, what we get from feedback from our customers, we put it back into the pipeline. So, we listen to our customers, we listen to what the market is saying at large and the market has been talking about us being able to basically integrate into their life and through the digital solutions that we're actually doing, we're trying to convince our customers in the public networks that we're able to offer these particular services. So, you don't need to move money from one pocket to another for you to be able to","Miki bidi ni me leta bosi in the studio, June. Bosi ya me come through in the studio, in the building master, wago, and welcome to the boys club. Thank you, thank you very much. Wata tu wa chu ujintu, new squans, you can tell us your name and what you do at KCB. Alright, so my name is Kevin Matthews, Kevin Matthews, okay? I'm responsible for delivering the digital experience over at KCB. Apple's our master. So, kastumazo me kwa kiskiya about the common sense campaign, ni me konikiwa chapi apun, the show me onam tandao, as well. On me tiki for awa'il. So, from a customer perspective, what does common sense actually mean and what should they take away from e-campaniyote? Alright, so the idea that the campaign running now as KCB is common sense and what we're looking at is ensuring that customers understand what their daily financial decisions and how they impact their particular life. So, we want customers to be aware and public at large on how the small, small financial decisions that they make. We know it's a Friday like today, you're going to go out to the club or an event. I saw Valiz in town, so you'll be going there to spend your money. What you're telling is, from a common sense perspective, you need to manage your financial decisions better for you to be able to start seeing more benefits from your money. Right now, na jwa banking is changing significantly through the years master. So, sayi kuna Genzi mahalia, na yuku jwa smart banking in a kaji sayi and how is KCB responding to change in customer expectations? Alright, so the new KCB mobile banking app actually has been adjourned. We've been working with our customers to build the app. As expected, we're putting so many features that are very convenient for our customers. So, when we say at KCB, we have continued to invest in the digital solutions. Of course, we know what the market is offering and KCB is regional, so we're also in other countries such as Tanzania, South Sudan, Kuzumdi, Uganda, Wanda. So, what we get from feedback from our customers, we put it back into the pipeline. So, we listen to our customers, we listen to what the market is saying at large and the market has been talking about us being able to basically integrate into their life and through the digital solutions that we're actually doing, we're trying to convince our customers in the public networks that we're able to offer these particular services. So, you don't need to move money from one pocket to another for you to be able to","Miki bidi ni me leta bosi in the studio, June. Bosi ya me come through in the studio, in the building master, wago, and welcome to the boys club. Thank you, thank you very much. Wata tu wa chu ujintu, new squans, you can tell us your name and what you do at KCB. Alright, so my name is Kevin Matthews, Kevin Matthews, okay? I'm responsible for delivering the digital experience over at KCB. Apple's our master. So, kastumazo me kwa kiskiya about the common sense campaign, ni me konikiwa chapi apun, the show me onam tandao, as well. On me tiki for awa'il. So, from a customer perspective, what does common sense actually mean and what should they take away from e-campaniyote? Alright, so the idea that the campaign running now as KCB is common sense and what we're looking at is ensuring that customers understand what their daily financial decisions and how they impact their particular life. So, we want customers to be aware and public at large on how the small, small financial decisions that they make. We know it's a Friday like today, you're going to go out to the club or an event. I saw Valiz in town, so you'll be going there to spend your money. What you're telling is, from a common sense perspective, you need to manage your financial decisions better for you to be able to start seeing more benefits from your money. Right now, na jwa banking is changing significantly through the years master. So, sayi kuna Genzi mahalia, na yuku jwa smart banking in a kaji sayi and how is KCB responding to change in customer expectations? Alright, so the new KCB mobile banking app actually has been adjourned. We've been working with our customers to build the app. As expected, we're putting so many features that are very convenient for our customers. So, when we say at KCB, we have continued to invest in the digital solutions. Of course, we know what the market is offering and KCB is regional, so we're also in other countries such as Tanzania, South Sudan, Kuzumdi, Uganda, Wanda. So, what we get from feedback from our customers, we put it back into the pipeline. So, we listen to our customers, we listen to what the market is saying at large and the market has been talking about us being able to basically integrate into their life and through the digital solutions that we're actually doing, we're trying to convince our customers in the public networks that we're able to offer these particular services. So, you don't need to move money from one pocket to another for you to be able to",sw-KE
sheng_rec_000008,/home/ray/Desktop/Sheng_pipe/dataset/segmented/Sheng0006/chunk_00000.wav,136.88,"So nini, kwa zi nduthi, afungi afani, hile mi nei? E, abo sawa. So, 50, prediction? 5 nei. I think it's over. Or maybe 5-1. Ishutumakutikun sii. I think it's gonna be a lot of gold. Home? Yeah. And where maybe do ni mi keseva 2 wat? Tony Kims, who's playing first? Well, iya panani, hile, unafakua reili, because, hi, you can, tunangujiya first of all Sunday. We all agree about that, yeah? Yeah. Tuko pomoja, tunangujiya Sunday. But the first game is tonight's Sunday. Epswich Town vs. Liverpool. Now Liverpool want to make work if I keep the drop stinkas. Erick Girous is you kind of cause of... Yo game we go out. Yo game epswich doko mimi. Hi, hi, hi, hi. The tractor boy. The tractor boy. Nani, na, na, na, na, na, na jewa sayi Liverpool into two-and-a-one side, ya ni Erick Girous PN. Mkali, by the way, ya kwa number one oldest general. Siyon, saya side ya team ya Ketu. But, ya, Epswich will be playing Liverpool. But listen, Brody Vakola is about to make his debut. He might be making his debut, so it might be Vakola on one side, Koni Gakpo on the other side. Probably that should be enough, but what's your prediction? My prediction for this game, I think Liverpool should be able to win it, to be honest. They need it as a matter of what last kodime ja ja. So 2-1. 2-1 to Liverpool. I'm going to say 1-1. I don't think Liverpool have all that it takes to win this game. I think it's a difference. I think they'll get another point. Another point for Liverpool in this game. Okay, next team back. Next, Keshu Ali Kikofi. Takawe Nyukasu vs Bono. I think Nyukasu is going to fuck the way that Kuchinda yu game. He's going to see Bono. Big six! So you can see me as pass. I know that I'm forest and I'm sparse, I'm not the one to watch it. That's a good game. I know that I'm forest, I'll come tell you. Pass on the Schinda game, you'll have to suffer this season. I'll come see it, yeah. Now I'm going to buy you a kakil. I'm going to give you a Mudri kwa lima liza na Mudri. So, sparse need this win, man. Yeah. One that I do want to take you in Bia Sana. We have 5 games at 5pm here tomorrow. So Man City Coventry, Apu Hala dada pigaba wakata. Skillimandiai, skillimandiai. Enzo nini, kwa enzo apu, apu ngeva, ili mimi? Apu sawa. So City Predictions? 5 nian.","So nini, kwa zi nduthi, afungi afani, hile mi nei? E, abo sawa. So, 50, prediction? 5 nei. I think it's over. Or maybe 5-1. Ishutumakutikun sii. I think it's gonna be a lot of gold. Home? Yeah. And where maybe do ni mi keseva 2 wat? Tony Kims, who's playing first? Well, iya panani, hile, unafakua reili, because, hi, you can, tunangujiya first of all Sunday. We all agree about that, yeah? Yeah. Tuko pomoja, tunangujiya Sunday. But the first game is tonight's Sunday. Epswich Town vs. Liverpool. Now Liverpool want to make work if I keep the drop stinkas. Erick Girous is you kind of cause of... Yo game we go out. Yo game epswich doko mimi. Hi, hi, hi, hi. The tractor boy. The tractor boy. Nani, na, na, na, na, na, na jewa sayi Liverpool into two-and-a-one side, ya ni Erick Girous PN. Mkali, by the way, ya kwa number one oldest general. Siyon, saya side ya team ya Ketu. But, ya, Epswich will be playing Liverpool. But listen, Brody Vakola is about to make his debut. He might be making his debut, so it might be Vakola on one side, Koni Gakpo on the other side. Probably that should be enough, but what's your prediction? My prediction for this game, I think Liverpool should be able to win it, to be honest. They need it as a matter of what last kodime ja ja. So 2-1. 2-1 to Liverpool. I'm going to say 1-1. I don't think Liverpool have all that it takes to win this game. I think it's a difference. I think they'll get another point. Another point for Liverpool in this game. Okay, next team back. Next, Keshu Ali Kikofi. Takawe Nyukasu vs Bono. I think Nyukasu is going to fuck the way that Kuchinda yu game. He's going to see Bono. Big six! So you can see me as pass. I know that I'm forest and I'm sparse, I'm not the one to watch it. That's a good game. I know that I'm forest, I'll come tell you. Pass on the Schinda game, you'll have to suffer this season. I'll come see it, yeah. Now I'm going to buy you a kakil. I'm going to give you a Mudri kwa lima liza na Mudri. So, sparse need this win, man. Yeah. One that I do want to take you in Bia Sana. We have 5 games at 5pm here tomorrow. So Man City Coventry, Apu Hala dada pigaba wakata. Skillimandiai, skillimandiai. Enzo nini, kwa enzo apu, apu ngeva, ili mimi? Apu sawa. So City Predictions? 5 nian.","So nini, kwa zi nduthi, afungi afani, hile mi nei? E, abo sawa. So, 50, prediction? 5 nei. I think it's over. Or maybe 5-1. Ishutumakutikun sii. I think it's gonna be a lot of gold. Home? Yeah. And where maybe do ni mi keseva 2 wat? Tony Kims, who's playing first? Well, iya panani, hile, unafakua reili, because, hi, you can, tunangujiya first of all Sunday. We all agree about that, yeah? Yeah. Tuko pomoja, tunangujiya Sunday. But the first game is tonight's Sunday. Epswich Town vs. Liverpool. Now Liverpool want to make work if I keep the drop stinkas. Erick Girous is you kind of cause of... Yo game we go out. Yo game epswich doko mimi. Hi, hi, hi, hi. The tractor boy. The tractor boy. Nani, na, na, na, na, na, na jewa sayi Liverpool into two-and-a-one side, ya ni Erick Girous PN. Mkali, by the way, ya kwa number one oldest general. Siyon, saya side ya team ya Ketu. But, ya, Epswich will be playing Liverpool. But listen, Brody Vakola is about to make his debut. He might be making his debut, so it might be Vakola on one side, Koni Gakpo on the other side. Probably that should be enough, but what's your prediction? My prediction for this game, I think Liverpool should be able to win it, to be honest. They need it as a matter of what last kodime ja ja. So 2-1. 2-1 to Liverpool. I'm going to say 1-1. I don't think Liverpool have all that it takes to win this game. I think it's a difference. I think they'll get another point. Another point for Liverpool in this game. Okay, next team back. Next, Keshu Ali Kikofi. Takawe Nyukasu vs Bono. I think Nyukasu is going to fuck the way that Kuchinda yu game. He's going to see Bono. Big six! So you can see me as pass. I know that I'm forest and I'm sparse, I'm not the one to watch it. That's a good game. I know that I'm forest, I'll come tell you. Pass on the Schinda game, you'll have to suffer this season. I'll come see it, yeah. Now I'm going to buy you a kakil. I'm going to give you a Mudri kwa lima liza na Mudri. So, sparse need this win, man. Yeah. One that I do want to take you in Bia Sana. We have 5 games at 5pm here tomorrow. So Man City Coventry, Apu Hala dada pigaba wakata. Skillimandiai, skillimandiai. Enzo nini, kwa enzo apu, apu ngeva, ili mimi? Apu sawa. So City Predictions? 5 nian.",sw-KE
sheng_rec_000009,/home/ray/Desktop/Sheng_pipe/dataset/segmented/Sheng0007/chunk_00000.wav,96.97,"Tankulize, what is the realest piercing you've ever seen? Manuume. Manuume, manamke, because me not have kushovile, manuume yengz, ami pierce bat crack. Wa, takia tawana yo. Never make a piercing kwa bat crack niyo, jiki bile vele ame kujasura. Yo ni genjde. Mi me dani kwa na manuume na tank piercing do genjde? Manuume na tank piercing. U kisha register see me. Holder, holder. Manuume na tank piercing. Aji ziki niya madem. I? 226 na. Bro, it's only babes who do the stick. Tank piercing a boy child. Boy child na ora tank piercing. Araza kwa mengiya kwele chamaengi na konga hachi mani. So which one is weird? So which one is weird? Manuume na tank piercing. So which one is weird? Ati piercing kwa bat crack. Manuume na tank piercing. Bro, which one is weird? Iyo piercing kwa bat crack. Uwana na kuniya haji madem. Una kuna jesu usyore na rol model wa. Ma badi su kuivi. So badi wakwa tawana do piercing kwa bat crack. No, but how does she go to the hospital? Una ima jini liyo me kazo na ita jitu kuia. The best thing is that. Kadibi za weird. So iswa liya kwa liza ku jibule wisi. She could bust that. Una miya naaw. Una mi suwe hi hawa takadaw.","Tankulize, what is the realest piercing you've ever seen? Manuume. Manuume, manamke, because me not have kushovile, manuume yengz, ami pierce bat crack. Wa, takia tawana yo. Never make a piercing kwa bat crack niyo, jiki bile vele ame kujasura. Yo ni genjde. Mi me dani kwa na manuume na tank piercing do genjde? Manuume na tank piercing. U kisha register see me. Holder, holder. Manuume na tank piercing. Aji ziki niya madem. I? 226 na. Bro, it's only babes who do the stick. Tank piercing a boy child. Boy child na ora tank piercing. Araza kwa mengiya kwele chamaengi na konga hachi mani. So which one is weird? So which one is weird? Manuume na tank piercing. So which one is weird? Ati piercing kwa bat crack. Manuume na tank piercing. Bro, which one is weird? Iyo piercing kwa bat crack. Uwana na kuniya haji madem. Una kuna jesu usyore na rol model wa. Ma badi su kuivi. So badi wakwa tawana do piercing kwa bat crack. No, but how does she go to the hospital? Una ima jini liyo me kazo na ita jitu kuia. The best thing is that. Kadibi za weird. So iswa liya kwa liza ku jibule wisi. She could bust that. Una miya naaw. Una mi suwe hi hawa takadaw.","Tankulize, what is the realest piercing you've ever seen? Manuume. Manuume, manamke, because me not have kushovile, manuume yengz, ami pierce bat crack. Wa, takia tawana yo. Never make a piercing kwa bat crack niyo, jiki bile vele ame kujasura. Yo ni genjde. Mi me dani kwa na manuume na tank piercing do genjde? Manuume na tank piercing. U kisha register see me. Holder, holder. Manuume na tank piercing. Aji ziki niya madem. I? 226 na. Bro, it's only babes who do the stick. Tank piercing a boy child. Boy child na ora tank piercing. Araza kwa mengiya kwele chamaengi na konga hachi mani. So which one is weird? So which one is weird? Manuume na tank piercing. So which one is weird? Ati piercing kwa bat crack. Manuume na tank piercing. Bro, which one is weird? Iyo piercing kwa bat crack. Uwana na kuniya haji madem. Una kuna jesu usyore na rol model wa. Ma badi su kuivi. So badi wakwa tawana do piercing kwa bat crack. No, but how does she go to the hospital? Una ima jini liyo me kazo na ita jitu kuia. The best thing is that. Kadibi za weird. So iswa liya kwa liza ku jibule wisi. She could bust that. Una miya naaw. Una mi suwe hi hawa takadaw.",sw-KE
sheng_rec_000010,/home/ray/Desktop/Sheng_pipe/dataset/segmented/Sheng0008/chunk_00000.wav,180.45,"Univazdi, ome angushapu evo dressko, ningini muwechichi. Me pospal evo online nawa sao na shangarada, rada ni gani, bro. Because you see, with this new dressko, the Kabarak University, shories will only wear skirts and dresses, then it's got two inches below the knees. The babes cannot wear trousers on when is this, when is this kuna chapelle services, and then majama, short hair, all through and through. So it'll come afail, it'll come a mini, it'll rip, it'll spin in, it'll go in. Ina apply kwa online students, kama niawatu tu wa physical. Nuna juna sa seleksi unitzako zote zikwe online, uba hi pa si mambu ya mnguwa. But pia. It actually applies to online students. Aji, sa, sa. Sile kata guapo anaku jiki, kama ega kamera onze nasimuwa kuna dreidi jeps myo. Sainte, ne kata kushuwa ni mewa trousers? Bro, online classes. Ay, panapa jama sa apuni na nini, suna puapu kana. Sini kwa kichanda, kuna nani me toka. Sisa klasi aigit na ni kwa kou. Nda mimu na jipele kanda asitig numa cha. Kwa mongu pii hapin kama ulem jama na niri bini vasidi? Ao ni master. But pia. It's here I stole my dress. Ache ni hezoma university. I think I think this dress, mi naski at the best place kwa mbi atuni dress, how you want to be a dress. Tani pata. Ok, now if you say that, now most people just like to dress in comfortable stuff, like crocs, maswear party, ni ni, umse unafa kwa dress haji. Ok, fine. Kuna hile, kuna hile kuhi image, unata kama students, waka waka e sharp ni mi mi mi. Patu unge wukwe mi. Mitu aneza kwa me vasuti, nakini gaidi tuba doko kichwa. So it's best to say, a-a-vive ni naka comfortable, moratu content ni nge kwa kichwa chanju. Anka nini. Nwene te ikuwe rufu kama, kama strict ni ni. Kama, nini de student. Ah. Ni de student. Kaa te ikuwe fu pii. No plating, no dying Oh damn, tattoos and body piercing Very sharp boys What? Nima firmware at the Tchaiki Su-sa, Tchaiki mutu kwa uwe wo w subsequently Ime-cheki splitakine University Onya kwa isyapu evo","Univazdi, ome angushapu evo dressko, ningini muwechichi. Me pospal evo online nawa sao na shangarada, rada ni gani, bro. Because you see, with this new dressko, the Kabarak University, shories will only wear skirts and dresses, then it's got two inches below the knees. The babes cannot wear trousers on when is this, when is this kuna chapelle services, and then majama, short hair, all through and through. So it'll come afail, it'll come a mini, it'll rip, it'll spin in, it'll go in. Ina apply kwa online students, kama niawatu tu wa physical. Nuna juna sa seleksi unitzako zote zikwe online, uba hi pa si mambu ya mnguwa. But pia. It actually applies to online students. Aji, sa, sa. Sile kata guapo anaku jiki, kama ega kamera onze nasimuwa kuna dreidi jeps myo. Sainte, ne kata kushuwa ni mewa trousers? Bro, online classes. Ay, panapa jama sa apuni na nini, suna puapu kana. Sini kwa kichanda, kuna nani me toka. Sisa klasi aigit na ni kwa kou. Nda mimu na jipele kanda asitig numa cha. Kwa mongu pii hapin kama ulem jama na niri bini vasidi? Ao ni master. But pia. It's here I stole my dress. Ache ni hezoma university. I think I think this dress, mi naski at the best place kwa mbi atuni dress, how you want to be a dress. Tani pata. Ok, now if you say that, now most people just like to dress in comfortable stuff, like crocs, maswear party, ni ni, umse unafa kwa dress haji. Ok, fine. Kuna hile, kuna hile kuhi image, unata kama students, waka waka e sharp ni mi mi mi. Patu unge wukwe mi. Mitu aneza kwa me vasuti, nakini gaidi tuba doko kichwa. So it's best to say, a-a-vive ni naka comfortable, moratu content ni nge kwa kichwa chanju. Anka nini. Nwene te ikuwe rufu kama, kama strict ni ni. Kama, nini de student. Ah. Ni de student. Kaa te ikuwe fu pii. No plating, no dying Oh damn, tattoos and body piercing Very sharp boys What? Nima firmware at the Tchaiki Su-sa, Tchaiki mutu kwa uwe wo w subsequently Ime-cheki splitakine University Onya kwa isyapu evo","Univazdi, ome angushapu evo dressko, ningini muwechichi. Me pospal evo online nawa sao na shangarada, rada ni gani, bro. Because you see, with this new dressko, the Kabarak University, shories will only wear skirts and dresses, then it's got two inches below the knees. The babes cannot wear trousers on when is this, when is this kuna chapelle services, and then majama, short hair, all through and through. So it'll come afail, it'll come a mini, it'll rip, it'll spin in, it'll go in. Ina apply kwa online students, kama niawatu tu wa physical. Nuna juna sa seleksi unitzako zote zikwe online, uba hi pa si mambu ya mnguwa. But pia. It actually applies to online students. Aji, sa, sa. Sile kata guapo anaku jiki, kama ega kamera onze nasimuwa kuna dreidi jeps myo. Sainte, ne kata kushuwa ni mewa trousers? Bro, online classes. Ay, panapa jama sa apuni na nini, suna puapu kana. Sini kwa kichanda, kuna nani me toka. Sisa klasi aigit na ni kwa kou. Nda mimu na jipele kanda asitig numa cha. Kwa mongu pii hapin kama ulem jama na niri bini vasidi? Ao ni master. But pia. It's here I stole my dress. Ache ni hezoma university. I think I think this dress, mi naski at the best place kwa mbi atuni dress, how you want to be a dress. Tani pata. Ok, now if you say that, now most people just like to dress in comfortable stuff, like crocs, maswear party, ni ni, umse unafa kwa dress haji. Ok, fine. Kuna hile, kuna hile kuhi image, unata kama students, waka waka e sharp ni mi mi mi. Patu unge wukwe mi. Mitu aneza kwa me vasuti, nakini gaidi tuba doko kichwa. So it's best to say, a-a-vive ni naka comfortable, moratu content ni nge kwa kichwa chanju. Anka nini. Nwene te ikuwe rufu kama, kama strict ni ni. Kama, nini de student. Ah. Ni de student. Kaa te ikuwe fu pii. No plating, no dying Oh damn, tattoos and body piercing Very sharp boys What? Nima firmware at the Tchaiki Su-sa, Tchaiki mutu kwa uwe wo w subsequently Ime-cheki splitakine University Onya kwa isyapu evo",sw-KE
sheng_rec_000011,/home/ray/Desktop/Sheng_pipe/dataset/segmented/Sheng0009/chunk_00000.wav,172.93,"Kutukwa ni Things, I, depende, waay�a, d Nice, qui dinadu expertise, wajankia. Again lukite, matree, nga yazikumia, kina ahja na freeze, ni telia, naliku luni nlaanyi, wa wajukor. Reputational harm and substantial financial losses and says it's land of the withdrawal through social media. Ha wakuja katuandia. Okay, since a twizia ya wanwa, ikitwa twizia ifa ya wanwa. Nisa ya wanwa, nasa mazikulu na palia kwenye utanda wamaze, kwenye viewsasa. Now the court hasn't yet determined who breached the agreement or what damages if any are payable. But, iti kumukabizuri, this was a concert that claimed some lives and our hearts to go out to the families and the love dons of the guys who are affected. Kwa suingisana wa yumi anayiki to man. For me, as ania, gacha nijitete nimi moye, it's always more than the money man. It's not just about the money bro. I feel like professionalism has a part to play in making money, 100% of the time. And that includes refusing treatment that violates the contract that we signed cause if you violate that one, nita kwa mini aje na yo contracti yei yei. I don't trust you to see that contract to the very end. If apakatikati na nita kwa mini na moja mili, I trust in you man. And as much as gina kodong have been sued, they've been taken to court. I don't know whether you see the kind of smoke and the kind of trouble that these guys avoided because of what went down at that particular eventili kwa surikubosana man. So sometimes walking away from a sweet deal, from a good deal, just because of integrity is gonna save you more than the money you are going to make.","Kutukwa ni Things, I, depende, waay�a, d Nice, qui dinadu expertise, wajankia. Again lukite, matree, nga yazikumia, kina ahja na freeze, ni telia, naliku luni nlaanyi, wa wajukor. Reputational harm and substantial financial losses and says it's land of the withdrawal through social media. Ha wakuja katuandia. Okay, since a twizia ya wanwa, ikitwa twizia ifa ya wanwa. Nisa ya wanwa, nasa mazikulu na palia kwenye utanda wamaze, kwenye viewsasa. Now the court hasn't yet determined who breached the agreement or what damages if any are payable. But, iti kumukabizuri, this was a concert that claimed some lives and our hearts to go out to the families and the love dons of the guys who are affected. Kwa suingisana wa yumi anayiki to man. For me, as ania, gacha nijitete nimi moye, it's always more than the money man. It's not just about the money bro. I feel like professionalism has a part to play in making money, 100% of the time. And that includes refusing treatment that violates the contract that we signed cause if you violate that one, nita kwa mini aje na yo contracti yei yei. I don't trust you to see that contract to the very end. If apakatikati na nita kwa mini na moja mili, I trust in you man. And as much as gina kodong have been sued, they've been taken to court. I don't know whether you see the kind of smoke and the kind of trouble that these guys avoided because of what went down at that particular eventili kwa surikubosana man. So sometimes walking away from a sweet deal, from a good deal, just because of integrity is gonna save you more than the money you are going to make.","Kutukwa ni Things, I, depende, waay�a, d Nice, qui dinadu expertise, wajankia. Again lukite, matree, nga yazikumia, kina ahja na freeze, ni telia, naliku luni nlaanyi, wa wajukor. Reputational harm and substantial financial losses and says it's land of the withdrawal through social media. Ha wakuja katuandia. Okay, since a twizia ya wanwa, ikitwa twizia ifa ya wanwa. Nisa ya wanwa, nasa mazikulu na palia kwenye utanda wamaze, kwenye viewsasa. Now the court hasn't yet determined who breached the agreement or what damages if any are payable. But, iti kumukabizuri, this was a concert that claimed some lives and our hearts to go out to the families and the love dons of the guys who are affected. Kwa suingisana wa yumi anayiki to man. For me, as ania, gacha nijitete nimi moye, it's always more than the money man. It's not just about the money bro. I feel like professionalism has a part to play in making money, 100% of the time. And that includes refusing treatment that violates the contract that we signed cause if you violate that one, nita kwa mini aje na yo contracti yei yei. I don't trust you to see that contract to the very end. If apakatikati na nita kwa mini na moja mili, I trust in you man. And as much as gina kodong have been sued, they've been taken to court. I don't know whether you see the kind of smoke and the kind of trouble that these guys avoided because of what went down at that particular eventili kwa surikubosana man. So sometimes walking away from a sweet deal, from a good deal, just because of integrity is gonna save you more than the money you are going to make.",sw-KE
sheng_rec_000012,/home/ray/Desktop/Sheng_pipe/dataset/segmented/Sheng0010/chunk_00000.wav,178.68,"Tuli sema, mandi, watu, bavae, jezi, za tiniyao. Right? Umewani. Siyangu moshwa. Siboshwa. Siboshwa? Kuchill moshwa. Tuli sema, whether you win, draw, lose, just to present your team on your mandi. If you're working in a corporate space right now, soo na yonchewe kwa superman. Very sharp. Present your team. Correct. So Manchester United, Chelsea fans, sio ni kwa streets man. Tuli draw. Tuli draw. Mu kwa logic to closing out a game. Matiwa thank you. Umewani. Umewani. Umewani. Umewani. Umewani. Umewani. Umewani. Umewani. Umewani. Umewani. Umewani. Umewani. Umewani. So do you think you'll be number one among the two? We don't think with such performance... We know. Umewani. Umewani. Umewani. Umewani. Uhwa. Umewani. KShmini. Umewani. Umewani. Umewani. Umewani. Umewani. Umewani. Umewani. If you refuse this action I will use it to defend you and start attacking you. We will use these actions to defend you and start attacking you and so that will happen. So you failed one game to the next game. Yes! You guys are playing chechas. How many points will you have if you continue playing like that? You will lose these little draw points and you win the next one. That is a draw point. There is a very big difference. That is because you are almost winning the game. 96 bro 96 isnimieza ya' mihae ホa twa mahreka hatuhu popping gustu na issi na Fare tha kansu nptPe saksa **** scaled na sack yitu woman Ma Officer Nasha onzu oh There long uncertainty over ownership for some system that answered the two! Chels Shだ Yes, this part filled in the system företag we are going to renew our own chill Chels lakластik nRe nicely ture muna thank you for the league kwa ni Europa Brevna, nati. Iko tu wa. Nati. Ya, wa kwa kwa kwa kwa kwa kwa kwa kwa kwa kwa. Nani kwa kwa kwa kwa kwa kwa kwa kwa.","Tuli sema, mandi, watu, bavae, jezi, za tiniyao. Right? Umewani. Siyangu moshwa. Siboshwa. Siboshwa? Kuchill moshwa. Tuli sema, whether you win, draw, lose, just to present your team on your mandi. If you're working in a corporate space right now, soo na yonchewe kwa superman. Very sharp. Present your team. Correct. So Manchester United, Chelsea fans, sio ni kwa streets man. Tuli draw. Tuli draw. Mu kwa logic to closing out a game. Matiwa thank you. Umewani. Umewani. Umewani. Umewani. Umewani. Umewani. Umewani. Umewani. Umewani. Umewani. Umewani. Umewani. Umewani. So do you think you'll be number one among the two? We don't think with such performance... We know. Umewani. Umewani. Umewani. Umewani. Uhwa. Umewani. KShmini. Umewani. Umewani. Umewani. Umewani. Umewani. Umewani. Umewani. If you refuse this action I will use it to defend you and start attacking you. We will use these actions to defend you and start attacking you and so that will happen. So you failed one game to the next game. Yes! You guys are playing chechas. How many points will you have if you continue playing like that? You will lose these little draw points and you win the next one. That is a draw point. There is a very big difference. That is because you are almost winning the game. 96 bro 96 isnimieza ya' mihae ホa twa mahreka hatuhu popping gustu na issi na Fare tha kansu nptPe saksa **** scaled na sack yitu woman Ma Officer Nasha onzu oh There long uncertainty over ownership for some system that answered the two! Chels Shだ Yes, this part filled in the system företag we are going to renew our own chill Chels lakластik nRe nicely ture muna thank you for the league kwa ni Europa Brevna, nati. Iko tu wa. Nati. Ya, wa kwa kwa. Nani kwa kwa.","Tuli sema, mandi, watu, bavae, jezi, za tiniyao. Right? Umewani. Siyangu moshwa. Siboshwa. Siboshwa? Kuchill moshwa. Tuli sema, whether you win, draw, lose, just to present your team on your mandi. If you're working in a corporate space right now, soo na yonchewe kwa superman. Very sharp. Present your team. Correct. So Manchester United, Chelsea fans, sio ni kwa streets man. Tuli draw. Tuli draw. Mu kwa logic to closing out a game. Matiwa thank you. Umewani. Umewani. Umewani. Umewani. Umewani. Umewani. Umewani. Umewani. Umewani. Umewani. Umewani. Umewani. Umewani. So do you think you'll be number one among the two? We don't think with such performance... We know. Umewani. Umewani. Umewani. Umewani. Uhwa. Umewani. KShmini. Umewani. Umewani. Umewani. Umewani. Umewani. Umewani. Umewani. If you refuse this action I will use it to defend you and start attacking you. We will use these actions to defend you and start attacking you and so that will happen. So you failed one game to the next game. Yes! You guys are playing chechas. How many points will you have if you continue playing like that? You will lose these little draw points and you win the next one. That is a draw point. There is a very big difference. That is because you are almost winning the game. 96 bro 96 isnimieza ya' mihae ホa twa mahreka hatuhu popping gustu na issi na Fare tha kansu nptPe saksa **** scaled na sack yitu woman Ma Officer Nasha onzu oh There long uncertainty over ownership for some system that answered the two! Chels Shだ Yes, this part filled in the system företag we are going to renew our own chill Chels lakластik nRe nicely ture muna thank you for the league kwa ni Europa Brevna, nati. Iko tu wa. Nati. Ya, wa kwa kwa. Nani kwa kwa.",sw-KE
sheng_rec_000013,/home/ray/Desktop/Sheng_pipe/dataset/segmented/Sheng0011/chunk_00000.wav,114.31,"Sturiangu e leo, atra-striku, komplikate, ritumingi. Na komplikate. Watu, weni wana vanga miwani, they don't sit there at least. Hao nangi wapu, wana taza. Kuk, maiprata, kuk, maiprata. They have to sleep with glasses so that they can remember the entry. And if they don't, oh, ukuna beshti wana vanga glasses, someone like, let's say, Hakim, right? Oh, shizu ki Hakima miwkombi, atijana nili yotana reso, atijana nili yotani kiwa china, ata ho ni, kwando to piya ho ni. So nafapu lalana glasses miwini yotana? Kama na contact lenses. But there's no person who has glasses will tell you atie I dreamt about you last night. Aliyo na nini, blaa. It was just a blaa Buddha. So ya, people who wear glasses, they don't remember their dreams because they can't even see. Okay. Chaki na wawati to be very careful in our days. Mm-hmm. Oh, Muslim tixing of you. What's that? What are they? Umbe unneza cha muliako om. Mabipikal wana vaa boobs hagana hips. Ah, wewa. Ay. Ah, cha. Master. So nifige na banane kwa club lakini mta. Master, mi na shika, shika, shika. Kufika jumbali. Mm. Ah, ya na ingo. Ana eka matiti ya pwa na doz na semanini, master. A. Ana ito, ana eka kwa ground. Ana toa hips. Master na semanini ana geuka 1GB. A. Bibi na ni yumileima, youna krona, Master, utwara toshana ni kita. Kita queremos... Soranderita kariwne piertikivia kwa nyumba ni kiita. Geu eka m rédu. Wewa an Orada ismra. A ng gaersa wana wana gaza. Unava, adi ua mo Titze hako aje.","Sturiangu e leo, atra-striku, komplikate, ritumingi. Na komplikate. Watu, weni wana vanga miwani, they don't sit there at least. Hao nangi wapu, wana taza. Kuk, maiprata, kuk, maiprata. They have to sleep with glasses so that they can remember the entry. And if they don't, oh, ukuna beshti wana vanga glasses, someone like, let's say, Hakim, right? Oh, shizu ki Hakima miwkombi, atijana nili yotana reso, atijana nili yotani kiwa china, ata ho ni, kwando to piya ho ni. So nafapu lalana glasses miwini yotana? Kama na contact lenses. But there's no person who has glasses will tell you atie I dreamt about you last night. Aliyo na nini, blaa. It was just a blaa Buddha. So ya, people who wear glasses, they don't remember their dreams because they can't even see. Okay. Chaki na wawati to be very careful in our days. Mm-hmm. Oh, Muslim tixing of you. What's that? What are they? Umbe unneza cha muliako om. Mabipikal wana vaa boobs hagana hips. Ah, wewa. Ay. Ah, cha. Master. So nifige na banane kwa club lakini mta. Master, mi na shika, shika, shika. Kufika jumbali. Mm. Ah, ya na ingo. Ana eka matiti ya pwa na doz na semanini, master. A. Ana ito, ana eka kwa ground. Ana toa hips. Master na semanini ana geuka 1GB. A. Bibi na ni yumileima, youna krona, Master, utwara toshana ni kita. Kita queremos... Soranderita kariwne piertikivia kwa nyumba ni kiita. Geu eka m rédu. Wewa an Orada ismra. A ng gaersa wana wana gaza. Unava, adi ua mo Titze hako aje.","Sturiangu e leo, atra-striku, komplikate, ritumingi. Na komplikate. Watu, weni wana vanga miwani, they don't sit there at least. Hao nangi wapu, wana taza. Kuk, maiprata, kuk, maiprata. They have to sleep with glasses so that they can remember the entry. And if they don't, oh, ukuna beshti wana vanga glasses, someone like, let's say, Hakim, right? Oh, shizu ki Hakima miwkombi, atijana nili yotana reso, atijana nili yotani kiwa china, ata ho ni, kwando to piya ho ni. So nafapu lalana glasses miwini yotana? Kama na contact lenses. But there's no person who has glasses will tell you atie I dreamt about you last night. Aliyo na nini, blaa. It was just a blaa Buddha. So ya, people who wear glasses, they don't remember their dreams because they can't even see. Okay. Chaki na wawati to be very careful in our days. Mm-hmm. Oh, Muslim tixing of you. What's that? What are they? Umbe unneza cha muliako om. Mabipikal wana vaa boobs hagana hips. Ah, wewa. Ay. Ah, cha. Master. So nifige na banane kwa club lakini mta. Master, mi na shika, shika, shika. Kufika jumbali. Mm. Ah, ya na ingo. Ana eka matiti ya pwa na doz na semanini, master. A. Ana ito, ana eka kwa ground. Ana toa hips. Master na semanini ana geuka 1GB. A. Bibi na ni yumileima, youna krona, Master, utwara toshana ni kita. Kita queremos... Soranderita kariwne piertikivia kwa nyumba ni kiita. Geu eka m rédu. Wewa an Orada ismra. A ng gaersa wana wana gaza. Unava, adi ua mo Titze hako aje.",sw-KE
sheng_rec_000014,/home/ray/Desktop/Sheng_pipe/dataset/segmented/Sheng0012/chunk_00000.wav,175.54,"Wi kakeko. What happened, bro? Grupi lei dalzim kastit, nda meji shat Nkwengan Tukhruna na petero? Ubutu pi geji bapro? Clunna na petero ni mabuyzwa mga nukanda bujzwa mbuyzwa muson, Day 1, you know, tarishie. And... News is on the French. Nyaf come nga na tri passes. Kusya tumi yamao. Ya kun na I have two more strikes, bro. On the third stage, kuna wweni hsada. Where do you had to win? One down two to go. So it's about evolution you know. We decided as a band we need to open new chapter in our lives because we've been together for like 7-8 years also and that was since high school so literally it's just experience anything aside from like the band you get Kuna is about to do some other things you know. Kuna kia me ko active ya. And we decided you know I mean history So you can support each other you know. And ya, that's awesome. Nesa aina nama. We get into it. That was the PR version. That was the edited version. Petoros na trabe like what's he up to right now? Petoros na he's been his own business but anafakumita maju and the next few months to pursue greener pastures Ok ya tukod na filmanzei inafatu kuhisha tuntu asen. So that's why we did our last show. We went into our last dance. Must have come experience. Maybe in the future it has a rude detail. Who knows. Who knows. Lafadu kuhisha ko is no messia mafro. You've been together for like over 8 years, about 8 years or so right? So this is like you stepping out of your first serious relationship. In a village. There's a side of me here in Chakuao. And also there's a side of me here in Pakuao. And I mean like any other relationship. Uki toko nasi jangatu kundan katunine. Because the last time we were here, we got together up in the studio. Oh damma jemukalipi ga kejavkisha. We did like crazies. I haven't liked so many. But it's so special. Masa meseji skipo giamsizi nyanu. I'm not shaking. I don't feel good to clean something if I do. But now I have to do everything by myself.","Wi kakeko. What happened, bro? Grupi lei dalzim kastit, nda meji shat Nkwengan Tukhruna na petero? Ubutu pi geji bapro? Clunna na petero ni mabuyzwa mga nukanda bujzwa mbuyzwa muson, Day 1, you know, tarishie. And... News is on the French. Nyaf come nga na tri passes. Kusya tumi yamao. Ya kun na I have two more strikes, bro. On the third stage, kuna wweni hsada. Where do you had to win? One down two to go. So it's about evolution you know. We decided as a band we need to open new chapter in our lives because we've been together for like 7-8 years also and that was since high school so literally it's just experience anything aside from like the band you get Kuna is about to do some other things you know. Kuna kia me ko active ya. And we decided you know I mean history So you can support each other you know. And ya, that's awesome. Nesa aina nama. We get into it. That was the PR version. That was the edited version. Petoros na trabe like what's he up to right now? Petoros na he's been his own business but anafakumita maju and the next few months to pursue greener pastures Ok ya tukod na filmanzei inafatu kuhisha tuntu asen. So that's why we did our last show. We went into our last dance. Must have come experience. Maybe in the future it has a rude detail. Who knows. Who knows. Lafadu kuhisha ko is no messia mafro. You've been together for like over 8 years, about 8 years or so right? So this is like you stepping out of your first serious relationship. In a village. There's a side of me here in Chakuao. And also there's a side of me here in Pakuao. And I mean like any other relationship. Uki toko nasi jangatu kundan katunine. Because the last time we were here, we got together up in the studio. Oh damma jemukalipi ga kejavkisha. We did like crazies. I haven't liked so many. But it's so special. Masa meseji skipo giamsizi nyanu. I'm not shaking. I don't feel good to clean something if I do. But now I have to do everything by myself.","Wi kakeko. What happened, bro? Grupi lei dalzim kastit, nda meji shat Nkwengan Tukhruna na petero? Ubutu pi geji bapro? Clunna na petero ni mabuyzwa mga nukanda bujzwa mbuyzwa muson, Day 1, you know, tarishie. And... News is on the French. Nyaf come nga na tri passes. Kusya tumi yamao. Ya kun na I have two more strikes, bro. On the third stage, kuna wweni hsada. Where do you had to win? One down two to go. So it's about evolution you know. We decided as a band we need to open new chapter in our lives because we've been together for like 7-8 years also and that was since high school so literally it's just experience anything aside from like the band you get Kuna is about to do some other things you know. Kuna kia me ko active ya. And we decided you know I mean history So you can support each other you know. And ya, that's awesome. Nesa aina nama. We get into it. That was the PR version. That was the edited version. Petoros na trabe like what's he up to right now? Petoros na he's been his own business but anafakumita maju and the next few months to pursue greener pastures Ok ya tukod na filmanzei inafatu kuhisha tuntu asen. So that's why we did our last show. We went into our last dance. Must have come experience. Maybe in the future it has a rude detail. Who knows. Who knows. Lafadu kuhisha ko is no messia mafro. You've been together for like over 8 years, about 8 years or so right? So this is like you stepping out of your first serious relationship. In a village. There's a side of me here in Chakuao. And also there's a side of me here in Pakuao. And I mean like any other relationship. Uki toko nasi jangatu kundan katunine. Because the last time we were here, we got together up in the studio. Oh damma jemukalipi ga kejavkisha. We did like crazies. I haven't liked so many. But it's so special. Masa meseji skipo giamsizi nyanu. I'm not shaking. I don't feel good to clean something if I do. But now I have to do everything by myself.",sw-KE
sheng_rec_000015,/home/ray/Desktop/Sheng_pipe/dataset/segmented/Sheng0013/chunk_00000.wav,74.4,"Niki kupati elei chupai, asitu, sampo, usijazi. Buu na, nimi patranda nasflag, paletikto. Anase ma, anafundisha wasi, nika ma, anakashifu, nika ma, me kasrik. Ami sumandugi ango, niki kupati elei chupai, asitu, sampo, usijazi. Ya, I think, I think, I think, shida ena kuwanga, I really get it. Shida ena kuwanga, unapati wangu, heo chupa, nama mewa neta. Ina fapu anamanyu na. Hikuja niko aya attach na manyu, vei ina kijiko, only weka 2 grand. Like, you know what I'm saying, like, anyone can be, do something about it. But here kuenda, what if we say I chote him? You know, I'm I'm saying, wake it up by jaze, ya nika. Ya mula hi kape, skrebu jaze. Okay, ya but it's for payin' and gain instruction, man, manual. What do I say? What do I say? Muda tu kuwama kazi, kupe ima gila je. Aye, na says! Niki kupati elei chupai, asitu, sampo, weka, nika, naka, naka, naka, mew,","Niki kupati elei chupai, asitu, sampo, usijazi. Buu na, nimi patranda nasflag, paletikto. Anase ma, anafundisha wasi, nika ma, anakashifu, nika ma, me kasrik. Ami sumandugi ango, niki kupati elei chupai, asitu, sampo, usijazi. Ya, I think, I think, I think, shida ena kuwanga, I really get it. Shida ena kuwanga, unapati wangu, heo chupa, nama mewa neta. Ina fapu anamanyu na. Hikuja niko aya attach na manyu, vei ina kijiko, only weka 2 grand. Like, you know what I'm saying, like, anyone can be, do something about it. But here kuenda, what if we say I chote him? You know, I'm I'm saying, wake it up by jaze, ya nika. Ya mula hi kape, skrebu jaze. Okay, ya but it's for payin' and gain instruction, man, manual. What do I say? What do I say? Muda tu kuwama kazi, kupe ima gila je. Aye, na says! Niki kupati elei chupai, asitu, sampo, weka, nika, naka, naka, naka, mew,","Niki kupati elei chupai, asitu, sampo, usijazi. Buu na, nimi patranda nasflag, paletikto. Anase ma, anafundisha wasi, nika ma, anakashifu, nika ma, me kasrik. Ami sumandugi ango, niki kupati elei chupai, asitu, sampo, usijazi. Ya, I think, I think, I think, shida ena kuwanga, I really get it. Shida ena kuwanga, unapati wangu, heo chupa, nama mewa neta. Ina fapu anamanyu na. Hikuja niko aya attach na manyu, vei ina kijiko, only weka 2 grand. Like, you know what I'm saying, like, anyone can be, do something about it. But here kuenda, what if we say I chote him? You know, I'm I'm saying, wake it up by jaze, ya nika. Ya mula hi kape, skrebu jaze. Okay, ya but it's for payin' and gain instruction, man, manual. What do I say? What do I say? Muda tu kuwama kazi, kupe ima gila je. Aye, na says! Niki kupati elei chupai, asitu, sampo, weka, nika, naka, naka, naka, mew,",sw-KE
sheng_rec_000016,/home/ray/Desktop/Sheng_pipe/dataset/segmented/Sheng0014/chunk_00000.wav,102.82,"nista ni kutakwa na ma dei matawata kuakugrahu, sida ni!! sida ni kuna dei mataku wa jella, because imu cybersecurity nga kwangai imu naka nisha, imu naka nanda, iko na kraka dao, and they're saying in a indecent dressing so now, you see how in Kenya se ndama concept I see my youth concert kümmaii weekendime, pituya kulu tata waza, hulu kuna event, sigide, piya, igna, happen and pa le maziauki hanga li yanga, viniwa soo dress, muna yangaku dress, kupa party, Uka e fiti wuna nukia fiti, wuna dance fia comfortably And most of the time it's a part of the year, skats na zonzi gondiz mupitachi ni amagoti Na kuna zi mecheze ukoju Na it is ofizote And now in Rwanda, there is a big, big crackdown on the youth concerts now The thing that mazei punai in decent dressing And when I say mazei for the public, it's not really, really good Because recently there's been a major concert actually featuring Daimu So Daimu onda liena pale And now the craziest thing is Madaimu maki tokapu event Apu tukua engines, makaramali papali Na waka rest Wana kuwana lia kao me dunga skat fupi Wana kuwana rest Kao me dunga ma fishnet Wana kuwana rest Wana say ma easy outfits mazei ni shemful ni in decent So ime kuatina ni a very, very big story And it got me thinking If this was actually brought in Kenya Ya ni dungu ega wa implement to security Sida ni kutakwa na mazei matawata kwa kwa grau Sida ni, sida ni kuna de matakwa jela Because ime na utuna kuwanga, ime na utuna ishi And now this goes out to you Do you think this could be implemented in Kenya? Or rather do you think it could work in Kenya And implement to you? Sida ni kutakwa","nista ni kutakwa na ma dei matawata kuakugrahu, sida ni!! sida ni kuna dei mataku wa jella, because imu cybersecurity nga kwangai imu naka nisha, imu naka nanda, iko na kraka dao, and they're saying in a indecent dressing so now, you see how in Kenya se ndama concept I see my youth concert kümmaii weekendime, pituya kulu tata waza, hulu kuna event, sigide, piya, igna, happen and pa le maziauki hanga li yanga, viniwa soo dress, muna yangaku dress, kupa party, Uka e fiti wuna nukia fiti, wuna dance fia comfortably And most of the time it's a part of the year, skats na zonzi gondiz mupitachi ni amagoti Na kuna zi mecheze ukoju Na it is ofizote And now in Rwanda, there is a big, big crackdown on the youth concerts now The thing that mazei punai in decent dressing And when I say mazei for the public, it's not really, really good Because recently there's been a major concert actually featuring Daimu So Daimu onda liena pale And now the craziest thing is Madaimu maki tokapu event Apu tukua engines, makaramali papali Na waka rest Wana kuwana lia kao me dunga skat fupi Wana kuwana rest Kao me dunga ma fishnet Wana kuwana rest Wana say ma easy outfits mazei ni shemful ni in decent So ime kuatina ni a very, very big story And it got me thinking If this was actually brought in Kenya Ya ni dungu ega wa implement to security Sida ni kutakwa na mazei matawata kwa kwa grau Sida ni, sida ni kuna de matakwa jela Because ime na utuna kuwanga, ime na utuna ishi And now this goes out to you Do you think this could be implemented in Kenya? Or rather do you think it could work in Kenya And implement to you? Sida ni kutakwa","nista ni kutakwa na ma dei matawata kuakugrahu, sida ni!! sida ni kuna dei mataku wa jella, because imu cybersecurity nga kwangai imu naka nisha, imu naka nanda, iko na kraka dao, and they're saying in a indecent dressing so now, you see how in Kenya se ndama concept I see my youth concert kümmaii weekendime, pituya kulu tata waza, hulu kuna event, sigide, piya, igna, happen and pa le maziauki hanga li yanga, viniwa soo dress, muna yangaku dress, kupa party, Uka e fiti wuna nukia fiti, wuna dance fia comfortably And most of the time it's a part of the year, skats na zonzi gondiz mupitachi ni amagoti Na kuna zi mecheze ukoju Na it is ofizote And now in Rwanda, there is a big, big crackdown on the youth concerts now The thing that mazei punai in decent dressing And when I say mazei for the public, it's not really, really good Because recently there's been a major concert actually featuring Daimu So Daimu onda liena pale And now the craziest thing is Madaimu maki tokapu event Apu tukua engines, makaramali papali Na waka rest Wana kuwana lia kao me dunga skat fupi Wana kuwana rest Kao me dunga ma fishnet Wana kuwana rest Wana say ma easy outfits mazei ni shemful ni in decent So ime kuatina ni a very, very big story And it got me thinking If this was actually brought in Kenya Ya ni dungu ega wa implement to security Sida ni kutakwa na mazei matawata kwa kwa grau Sida ni, sida ni kuna de matakwa jela Because ime na utuna kuwanga, ime na utuna ishi And now this goes out to you Do you think this could be implemented in Kenya? Or rather do you think it could work in Kenya And implement to you? Sida ni kutakwa",sw-KE
sheng_rec_000017,/home/ray/Desktop/Sheng_pipe/dataset/segmented/Sheng0015/chunk_00000.wav,106.06,"Na watwa na kuji 8 yad, mujo tu pali, sayi, akuna ku cheka-cheka, mazi, as a city fun, unasema 2 man, ei, mungu, bariki sasa wengine, mambu eitu sayi, mei even bias ana, because now the transfer window was actually closed yesterday, deadline ili kuwajana, and there's some teams, zene zime sayin, kuna teams zene mapleo me baki, aftata kukasirika, sama like everybody is still staying back at Atletico, so ini ini norma man, so, but when you think about it, yesterday and record breaking, of kus 125 mili, banzai ili kuwajana, norma kusana, Manchester City signing, Enzo Fernandez, big up Enzo, big up Enzo man, and this is one of those unasema, ei, it's actually about that time and we're looking now into a very, very big, big squad and I know so many people are like, ei, city is actually buying the lead, not really man, ei bani ileni unangale unasema, the deadline window is ime ishenjana, and now Chelsea fans are actually really, really furious, so this squad actually, I can confidently say that Manchester City is actually winning the lead, so kama wuna fikiri aula usiju wuna unani, because it's now Ilimandiai, Eastwood sayi ime iwambaya sana, tukuna Ilimandiai, Enzo amekam yo, yo, yo, mainfield sayi na kafiti sana, badu tunai baki, tunai, marazi kwa we trust, Namjue sayi, wuki wujapale Etihad, wuki wujapale Etihad, sayi atom sigiri bupale stand, because ni noma sana so big up to everyone winiadu koinu, desi yon de liku usle, now, kila mtokuna reen, fosmene zake, kila mtoshi nekimu zake, nama wana kujia Etihad, mujiwa tu pali, sayi ei, akuna kucheka cheka, nama wana kujia Etihad, mujiwa tu pali, sayi ei, akuna kucheka cheka,","Na watwa na kuji 8 yad, mujo tu pali, sayi, akuna ku cheka-cheka, mazi, as a city fun, unasema 2 man, ei, mungu, bariki sasa wengine, mambu eitu sayi, mei even bias ana, because now the transfer window was actually closed yesterday, deadline ili kuwajana, and there's some teams, zene zime sayin, kuna teams zene mapleo me baki, aftata kukasirika, sama like everybody is still staying back at Atletico, so ini ini norma man, so, but when you think about it, yesterday and record breaking, of kus 125 mili, banzai ili kuwajana, norma kusana, Manchester City signing, Enzo Fernandez, big up Enzo, big up Enzo man, and this is one of those unasema, ei, it's actually about that time and we're looking now into a very, very big, big squad and I know so many people are like, ei, city is actually buying the lead, not really man, ei bani ileni unangale unasema, the deadline window is ime ishenjana, and now Chelsea fans are actually really, really furious, so this squad actually, I can confidently say that Manchester City is actually winning the lead, so kama wuna fikiri aula usiju wuna unani, because it's now Ilimandiai, Eastwood sayi ime iwambaya sana, tukuna Ilimandiai, Enzo amekam yo, yo, yo, mainfield sayi na kafiti sana, badu tunai baki, tunai, marazi kwa we trust, Namjue sayi, wuki wujapale Etihad, wuki wujapale Etihad, sayi atom sigiri bupale stand, because ni noma sana so big up to everyone winiadu koinu, desi yon de liku usle, now, kila mtokuna reen, fosmene zake, kila mtoshi nekimu zake, nama wana kujia Etihad, mujiwa tu pali, sayi ei, akuna kucheka cheka, nama wana kujia Etihad, mujiwa tu pali, sayi ei, akuna kucheka cheka,","Na watwa na kuji 8 yad, mujo tu pali, sayi, akuna ku cheka-cheka, mazi, as a city fun, unasema 2 man, ei, mungu, bariki sasa wengine, mambu eitu sayi, mei even bias ana, because now the transfer window was actually closed yesterday, deadline ili kuwajana, and there's some teams, zene zime sayin, kuna teams zene mapleo me baki, aftata kukasirika, sama like everybody is still staying back at Atletico, so ini ini norma man, so, but when you think about it, yesterday and record breaking, of kus 125 mili, banzai ili kuwajana, norma kusana, Manchester City signing, Enzo Fernandez, big up Enzo, big up Enzo man, and this is one of those unasema, ei, it's actually about that time and we're looking now into a very, very big, big squad and I know so many people are like, ei, city is actually buying the lead, not really man, ei bani ileni unangale unasema, the deadline window is ime ishenjana, and now Chelsea fans are actually really, really furious, so this squad actually, I can confidently say that Manchester City is actually winning the lead, so kama wuna fikiri aula usiju wuna unani, because it's now Ilimandiai, Eastwood sayi ime iwambaya sana, tukuna Ilimandiai, Enzo amekam yo, yo, yo, mainfield sayi na kafiti sana, badu tunai baki, tunai, marazi kwa we trust, Namjue sayi, wuki wujapale Etihad, wuki wujapale Etihad, sayi atom sigiri bupale stand, because ni noma sana so big up to everyone winiadu koinu, desi yon de liku usle, now, kila mtokuna reen, fosmene zake, kila mtoshi nekimu zake, nama wana kujia Etihad, mujiwa tu pali, sayi ei, akuna kucheka cheka, nama wana kujia Etihad, mujiwa tu pali, sayi ei, akuna kucheka cheka,",sw-KE
sheng_rec_000018,/home/ray/Desktop/Sheng_pipe/dataset/segmented/Sheng0016/chunk_00000.wav,175.96,"As Kenyans have realized we all have something called a rich behavior but on a broke budget. A rich behavior but on a broke budget. Let me just make you understand what is a rich behavior while on a broke budget. Nona iwi ki, in this office, hakuna msi atame balanchi. Everybody will be ordering KFC, chickening, pizza eves, do you need it? Why? Because it's fake. So, selli uji aso tuma bills ako zote, zimi ase ma, wanchi ani, wanchi ani per Willy Pole. Thank you. Unadjua apetai tima change na MPSa balance. Exactly. Naniyana? Rich behaviors on a broke budget. Bansi, broke budget. Kumbuka nimi kufunda about 10% On a budget. Kamu pati esu? Yes. Where are you from? Kamu pati. Siwi tu, miye mani. Zoya 10% nui na zanga po. Naniyana? Naniyana? Unadjua kuna kula po dengu alafu skediting. Uzke ya rufu ya kuku ishe ingiwa kwanuski. Naniyana? Mansi zile, wins. Miki ni lete 6 wins. Zoma ni 12 wins. So, onadjua tata utashiba? Correct. Oranomul de iwi ithafa chicken alone. Lakinu ju kukuna kapresa tu ki asia. Aote 12 wins. Aote 12? 12 wins. Sasa nimi wanchi. Ii ma, nini. Bimi na vangan na chandia kwambia tu? Shapo e. Kip change. Kip change? Lakinu ni kuna kondisha. Iisi pite miya. Okay. Niki nipa iwi kitu tido kwa zili nini na mimi pa tihia po ka 500 na mimi baki asia ni 415. 85 po? Rupio punch? Yeah. 85 po. Ani siya mimi kwa kip change. Nanii kia. Nanii kia. Uzke ya nimi. Bro, do you understand? Nanii kuna kwa na? Lakinu ni si pite miya. Nanii na nanii. Onadjua ikona mimi ni ta. Very sharp. Kifo 20 ni miya. Nanii ni kwa miya chandia kimi mi? Niki patanga prezaif. Yeah. Ma tatu na inga na pekiya. So. Nanii inga na wambia. Imeja ahijaja, fuka 200. Fuka 200. One day, one day, one day. One day, one day. One day, one day. One day, one day. Fanii, how much so? So, the size of it is what? 400. 400. Bazo. Times 2 nosi bebe hata extra. Nasi diya nini muku sumama hati. Atiku chuku wa apana ni mii hiya. Imi drop home. You pay for the MTC? Nani li piya nga ina ni drop muta. Kwanza sasa do ujuwi. Nani yami yami hati kwa gate yaw. Chara na hiya tina kushikakoste. Nani yami hiya checki. Piya niki kwa na inga. Ina kapa kwa yaw estate. So, how much money do you give this guy ina kuskisha muta? Sikama kiti ni so. Nani ni 400. Une kamibu ju? 800. Dala funa mbati yami yambili yake. Nami lupa piya hiya driver. Opewa na mongezia tini? Nami yami piya hiki tini. Maka liya na li piya. As Kenyans have realized we all have...","As Kenyans have realized we all have something called a rich behavior but on a broke budget. A rich behavior but on a broke budget. Let me just make you understand what is a rich behavior while on a broke budget. Nona iwi ki, in this office, hakuna msi atame balanchi. Everybody will be ordering KFC, chickening, pizza eves, do you need it? Why? Because it's fake. So, selli uji aso tuma bills ako zote, zimi ase ma, wanchi ani, wanchi ani per Willy Pole. Thank you. Unadjua apetai tima change na MPSa balance. Exactly. Naniyana? Rich behaviors on a broke budget. Bansi, broke budget. Kumbuka nimi kufunda about 10% On a budget. Kamu pati esu? Yes. Where are you from? Kamu pati. Siwi tu, miye mani. Zoya 10% nui na zanga po. Naniyana? Naniyana? Unadjua kuna kula po dengu alafu skediting. Uzke ya rufu ya kuku ishe ingiwa kwanuski. Naniyana? Mansi zile, wins. Miki ni lete 6 wins. Zoma ni 12 wins. So, onadjua tata utashiba? Correct. Oranomul de iwi ithafa chicken alone. Lakinu ju kukuna kapresa tu ki asia. Aote 12 wins. Aote 12? 12 wins. Sasa nimi wanchi. Ii ma, nini. Bimi na vangan na chandia kwambia tu? Shapo e. Kip change. Kip change? Lakinu ni kuna kondisha. Iisi pite miya. Okay. Niki nipa iwi kitu tido kwa zili nini na mimi pa tihia po ka 500 na mimi baki asia ni 415. 85 po? Rupio punch? Yeah. 85 po. Ani siya mimi kwa kip change. Nanii kia. Nanii kia. Uzke ya nimi. Bro, do you understand? Nanii kuna kwa na? Lakinu ni si pite miya. Nanii na nanii. Onadjua ikona mimi ni ta. Very sharp. Kifo 20 ni miya. Nanii ni kwa miya chandia kimi mi? Niki patanga prezaif. Yeah. Ma tatu na inga na pekiya. So. Nanii inga na wambia. Imeja ahijaja, fuka 200. Fuka 200. One day, one day, one day. One day, one day. One day, one day. One day, one day. Fanii, how much so? So, the size of it is what? 400. 400. Bazo. Times 2 nosi bebe hata extra. Nasi diya nini muku sumama hati. Atiku chuku wa apana ni mii hiya. Imi drop home. You pay for the MTC? Nani li piya nga ina ni drop muta. Kwanza sasa do ujuwi. Nani yami yami hati kwa gate yaw. Chara na hiya tina kushikakoste. Nani yami hiya checki. Piya niki kwa na inga. Ina kapa kwa yaw estate. So, how much money do you give this guy ina kuskisha muta? Sikama kiti ni so. Nani ni 400. Une kamibu ju? 800. Dala funa mbati yami yambili yake. Nami lupa piya hiya driver. Opewa na mongezia tini? Nami yami piya hiki tini. Maka liya na li piya. As Kenyans have realized we all have...","As Kenyans have realized we all have something called a rich behavior but on a broke budget. A rich behavior but on a broke budget. Let me just make you understand what is a rich behavior while on a broke budget. Nona iwi ki, in this office, hakuna msi atame balanchi. Everybody will be ordering KFC, chickening, pizza eves, do you need it? Why? Because it's fake. So, selli uji aso tuma bills ako zote, zimi ase ma, wanchi ani, wanchi ani per Willy Pole. Thank you. Unadjua apetai tima change na MPSa balance. Exactly. Naniyana? Rich behaviors on a broke budget. Bansi, broke budget. Kumbuka nimi kufunda about 10% On a budget. Kamu pati esu? Yes. Where are you from? Kamu pati. Siwi tu, miye mani. Zoya 10% nui na zanga po. Naniyana? Naniyana? Unadjua kuna kula po dengu alafu skediting. Uzke ya rufu ya kuku ishe ingiwa kwanuski. Naniyana? Mansi zile, wins. Miki ni lete 6 wins. Zoma ni 12 wins. So, onadjua tata utashiba? Correct. Oranomul de iwi ithafa chicken alone. Lakinu ju kukuna kapresa tu ki asia. Aote 12 wins. Aote 12? 12 wins. Sasa nimi wanchi. Ii ma, nini. Bimi na vangan na chandia kwambia tu? Shapo e. Kip change. Kip change? Lakinu ni kuna kondisha. Iisi pite miya. Okay. Niki nipa iwi kitu tido kwa zili nini na mimi pa tihia po ka 500 na mimi baki asia ni 415. 85 po? Rupio punch? Yeah. 85 po. Ani siya mimi kwa kip change. Nanii kia. Nanii kia. Uzke ya nimi. Bro, do you understand? Nanii kuna kwa na? Lakinu ni si pite miya. Nanii na nanii. Onadjua ikona mimi ni ta. Very sharp. Kifo 20 ni miya. Nanii ni kwa miya chandia kimi mi? Niki patanga prezaif. Yeah. Ma tatu na inga na pekiya. So. Nanii inga na wambia. Imeja ahijaja, fuka 200. Fuka 200. One day, one day, one day. One day, one day. One day, one day. One day, one day. Fanii, how much so? So, the size of it is what? 400. 400. Bazo. Times 2 nosi bebe hata extra. Nasi diya nini muku sumama hati. Atiku chuku wa apana ni mii hiya. Imi drop home. You pay for the MTC? Nani li piya nga ina ni drop muta. Kwanza sasa do ujuwi. Nani yami yami hati kwa gate yaw. Chara na hiya tina kushikakoste. Nani yami hiya checki. Piya niki kwa na inga. Ina kapa kwa yaw estate. So, how much money do you give this guy ina kuskisha muta? Sikama kiti ni so. Nani ni 400. Une kamibu ju? 800. Dala funa mbati yami yambili yake. Nami lupa piya hiya driver. Opewa na mongezia tini? Nami yami piya hiki tini. Maka liya na li piya. As Kenyans have realized we all have...",sw-KE
sheng_rec_000019,/home/ray/Desktop/Sheng_pipe/dataset/segmented/Sheng0017/chunk_00000.wav,181.6,"Unamdiyama amekasirisha kei, kasirisha kila mdu, I think anetua ndi day, summa, mtu ya wa mtuhi mzitia kusia. Mzitia kumutia. Mzitia, mzitia, mzitia, mzitia, mzitia, mzitia, mzitia. Mzitia, mzitia, mzitia, mzitia, mzitia. I think benica has meant to leshuz. Need to go deal with them. Generally speaking, that's the first time I've ever seen him. So I decided to get his content and his style of talking. I would say he's a wannabe and kibbe. Yeah, yeah, like he's trying to show off this toxic masculinity, it's sensitive or no one can tell me anything type of vibe. Yeah, it's just unhealed trauma, bro. Oni pata. Miki tutum, jamana go through anata ka attention, regardless of what he's going through, whatever his statements are not correct. They're very wrong. He's very insensitive and he's doing it deliberately. In fact, anata ka tumungele doa skip dizuryu, na pata. Suzaii ina mbamba iguna tumungena na kwa na low self esteem, wuki mungele lea, and I feel important in this generation of his life. So whether you're talking about him well or not, hiya naba bika na yori wana li pata. Coz I was wondering, wana wungele msi ami heidi baya, wana wungele msi mwanyana safa with the conditions baya ends? I was trying to create awareness on that one, trying to see how they can help this other person. But I want to say, I've been hanging out. Ya grab na na. Do you want to hit one? That's the deal. We have no respect for the dead. Ali say ma, Ali. Yeah, Natalie. I remember, he's saying that he's coming out dying. No, no, no, no, no. Say ma, heo condition is brought by Kumeza Plitumul. Yes, which is really a rare issue. So umdiyama nika ya gya piga research ya kwa nza? I mean, go riniga niya. Just do your research. Even me the first time I learnt about the whole world. Ya, you can't do that. Ya, ya, ya. I really went into my research. A lot of Tik Tokas wala kwa na yongelia. So like I read through Natalie's page and I was just been going through how she's going through a lot. And it's so sad, for example, it's so ignorant, so stupid, so selfish and a cloud chaser to be the least. In fact, I would wish even Instagram bans him. You understand? Because I've seen his Tik Tokas already gone. Facebook na patu kuwata in case he has. And Instagram should ban him because it's very insensitive and he's just talking nonsense. And ya wongelia. We're not just looking at the full clip. Akuna Convost. Yeah. Convost ali kuna jere boku maambiya. No, no, no, no. We see him in the left, Kwa Kereba kusu, Natalie and like no. When he started mentioning stupid boy PSM like I like Kwa Jere buku kumstop from that. His father is looking down wondering who is this. Who is Nani? He should put a full stop in his house.","Unamdiyama amekasirisha kei, kasirisha kila mdu, I think anetua ndi day, summa, mtu ya wa mtuhi mzitia kusia. Mzitia kumutia. Mzitia, mzitia, mzitia, mzitia, mzitia, mzitia, mzitia. Mzitia, mzitia, mzitia, mzitia, mzitia. I think benica has meant to leshuz. Need to go deal with them. Generally speaking, that's the first time I've ever seen him. So I decided to get his content and his style of talking. I would say he's a wannabe and kibbe. Yeah, yeah, like he's trying to show off this toxic masculinity, it's sensitive or no one can tell me anything type of vibe. Yeah, it's just unhealed trauma, bro. Oni pata. Miki tutum, jamana go through anata ka attention, regardless of what he's going through, whatever his statements are not correct. They're very wrong. He's very insensitive and he's doing it deliberately. In fact, anata ka tumungele doa skip dizuryu, na pata. Suzaii ina mbamba iguna tumungena na kwa na low self esteem, wuki mungele lea, and I feel important in this generation of his life. So whether you're talking about him well or not, hiya naba bika na yori wana li pata. Coz I was wondering, wana wungele msi ami heidi baya, wana wungele msi mwanyana safa with the conditions baya ends? I was trying to create awareness on that one, trying to see how they can help this other person. But I want to say, I've been hanging out. Ya grab na na. Do you want to hit one? That's the deal. We have no respect for the dead. Ali say ma, Ali. Yeah, Natalie. I remember, he's saying that he's coming out dying. No, no, no, no, no. Say ma, heo condition is brought by Kumeza Plitumul. Yes, which is really a rare issue. So umdiyama nika ya gya piga research ya kwa nza? I mean, go riniga niya. Just do your research. Even me the first time I learnt about the whole world. Ya, you can't do that. Ya, ya, ya. I really went into my research. A lot of Tik Tokas wala kwa na yongelia. So like I read through Natalie's page and I was just been going through how she's going through a lot. And it's so sad, for example, it's so ignorant, so stupid, so selfish and a cloud chaser to be the least. In fact, I would wish even Instagram bans him. You understand? Because I've seen his Tik Tokas already gone. Facebook na patu kuwata in case he has. And Instagram should ban him because it's very insensitive and he's just talking nonsense. And ya wongelia. We're not just looking at the full clip. Akuna Convost. Yeah. Convost ali kuna jere boku maambiya. No, no, no, no. We see him in the left, Kwa Kereba kusu, Natalie and like no. When he started mentioning stupid boy PSM like I like Kwa Jere buku kumstop from that. His father is looking down wondering who is this. Who is Nani? He should put a full stop in his house.","Unamdiyama amekasirisha kei, kasirisha kila mdu, I think anetua ndi day, summa, mtu ya wa mtuhi mzitia kusia. Mzitia kumutia. Mzitia, mzitia, mzitia, mzitia, mzitia, mzitia, mzitia. Mzitia, mzitia, mzitia, mzitia, mzitia. I think benica has meant to leshuz. Need to go deal with them. Generally speaking, that's the first time I've ever seen him. So I decided to get his content and his style of talking. I would say he's a wannabe and kibbe. Yeah, yeah, like he's trying to show off this toxic masculinity, it's sensitive or no one can tell me anything type of vibe. Yeah, it's just unhealed trauma, bro. Oni pata. Miki tutum, jamana go through anata ka attention, regardless of what he's going through, whatever his statements are not correct. They're very wrong. He's very insensitive and he's doing it deliberately. In fact, anata ka tumungele doa skip dizuryu, na pata. Suzaii ina mbamba iguna tumungena na kwa na low self esteem, wuki mungele lea, and I feel important in this generation of his life. So whether you're talking about him well or not, hiya naba bika na yori wana li pata. Coz I was wondering, wana wungele msi ami heidi baya, wana wungele msi mwanyana safa with the conditions baya ends? I was trying to create awareness on that one, trying to see how they can help this other person. But I want to say, I've been hanging out. Ya grab na na. Do you want to hit one? That's the deal. We have no respect for the dead. Ali say ma, Ali. Yeah, Natalie. I remember, he's saying that he's coming out dying. No, no, no, no, no. Say ma, heo condition is brought by Kumeza Plitumul. Yes, which is really a rare issue. So umdiyama nika ya gya piga research ya kwa nza? I mean, go riniga niya. Just do your research. Even me the first time I learnt about the whole world. Ya, you can't do that. Ya, ya, ya. I really went into my research. A lot of Tik Tokas wala kwa na yongelia. So like I read through Natalie's page and I was just been going through how she's going through a lot. And it's so sad, for example, it's so ignorant, so stupid, so selfish and a cloud chaser to be the least. In fact, I would wish even Instagram bans him. You understand? Because I've seen his Tik Tokas already gone. Facebook na patu kuwata in case he has. And Instagram should ban him because it's very insensitive and he's just talking nonsense. And ya wongelia. We're not just looking at the full clip. Akuna Convost. Yeah. Convost ali kuna jere boku maambiya. No, no, no, no. We see him in the left, Kwa Kereba kusu, Natalie and like no. When he started mentioning stupid boy PSM like I like Kwa Jere buku kumstop from that. His father is looking down wondering who is this. Who is Nani? He should put a full stop in his house.",sw-KE
sheng_rec_000020,/home/ray/Desktop/Sheng_pipe/dataset/segmented/Sheng0018/chunk_00000.wav,105.22,"The God of Football, the best player in the world, Lionel Messi retires from international football at the age of 39. Of course, Argentina is actually Argentina's most count player in all-time-leading gold scorer. So, alisem, wazi, jama li announce nati ya ni aje, ya mi na stepa na chizasa international games anymore, and Lionel Messi is actually now retired and may announce, and this one is a big hit for Argentina, to be honest, pali waneza kujapu mi yavi baya sana, because now this is a guy who has won everything. I'm Mwashi Nisha World Cup, I love Kisha finals again, and he's won them a couple of things for America as well. So, vitumi ngi sana isi me kwa ziki revolve around Messi, even when they need him and go and need him anything, always in the corner, Messi the coach. And now, this leads to one, just one question. Do you think Argentina will be the same ever? I think Argentina will still be a top team to be able to contend for this big cups, Kama World Cup, Kama Kina Kupu America, any other competition that we're playing, because without Messi, I don't know man. I'm sure they don't even remember the last name they played without Messi. Messi ni literally the whole, the whole, orayote Argentina, wul kuno na toa ki tokamaze pali kwa tanya, Messi wana kujia, Messi ya toki kwa zamaze, ata a bongi, ya na chitu gamia kia na tembe wa na tokanae, because of course, I don't know if Argentina make it to, to any of the, you know, like sit any water perform fiti sana. So that's the real question of the day man. Do you think this Argentina team is going to be a top contender in any cup they play without Messi?","The God of Football, the best player in the world, Lionel Messi retires from international football at the age of 39. Of course, Argentina is actually Argentina's most count player in all-time-leading gold scorer. So, alisem, wazi, jama li announce nati ya niaje, ya mi na stepa na chizasa international games anymore, and Lionel Messi is actually now retired and may announce, and this one is a big hit for Argentina, to be honest, pali waneza kujapu mi yavi baya sana, because now this is a guy who has won everything. I'm Mwashi Nisha World Cup, I love Kisha finals again, and he's won them a couple of things for America as well. So, vitumi ngi sana isi me kwa ziki revolve around Messi, even when they need him and go and need him anything, always in the corner, Messi the coach. And now, this leads to one, just one question. Do you think Argentina will be the same ever? I think Argentina will still be a top team to be able to contend for this big cups, Kama World Cup, Kama Kina Kupu America, any other competition that we're playing, because without Messi, I don't know man. I'm sure they don't even remember the last name they played without Messi. Messi ni literally the whole, the whole, orayote Argentina, wul kuno na toa ki tokamaze pali kwa tanya, Messi wana kujia, Messi ya toki kwa zamaze, ata a bongi, ya na chitu gamia kia na tembe wa na tokanae, because of course, I don't know if Argentina make it to, to any of the, you know, like sit any water perform fiti sana. So that's the real question of the day man. Do you think this Argentina team is going to be a top contender in any cup they play without Messi?","The God of Football, the best player in the world, Lionel Messi retires from international football at the age of 39. Of course, Argentina is actually Argentina's most count player in all-time-leading gold scorer. So, alisem, wazi, jama li announce nati ya niaje, ya mi na stepa na chizasa international games anymore, and Lionel Messi is actually now retired and may announce, and this one is a big hit for Argentina, to be honest, pali waneza kujapu mi yavi baya sana, because now this is a guy who has won everything. I'm Mwashi Nisha World Cup, I love Kisha finals again, and he's won them a couple of things for America as well. So, vitumi ngi sana isi me kwa ziki revolve around Messi, even when they need him and go and need him anything, always in the corner, Messi the coach. And now, this leads to one, just one question. Do you think Argentina will be the same ever? I think Argentina will still be a top team to be able to contend for this big cups, Kama World Cup, Kama Kina Kupu America, any other competition that we're playing, because without Messi, I don't know man. I'm sure they don't even remember the last name they played without Messi. Messi ni literally the whole, the whole, orayote Argentina, wul kuno na toa ki tokamaze pali kwa tanya, Messi wana kujia, Messi ya toki kwa zamaze, ata a bongi, ya na chitu gamia kia na tembe wa na tokanae, because of course, I don't know if Argentina make it to, to any of the, you know, like sit any water perform fiti sana. So that's the real question of the day man. Do you think this Argentina team is going to be a top contender in any cup they play without Messi?",sw-KE
sheng_rec_000021,/home/ray/Desktop/Sheng_pipe/dataset/segmented/Sheng0019/chunk_00000.wav,100.21,"Storya jaba leo ni genje, ni noma, so a lot of you guys think Noah died, that's what you guys read in the Bible, muka on nai nye, but there Noah is taking us to an age for 90 years, academic. But I'm here to tell you that I have seen Noah with my own eyes, like Noah still exists. So think about the system. Noah, come on Noah. Noah said he came there just to kill him. But before Noah came there, I think these are animals, marambili, like animals because they are marambili, marambili. No, I'm not a mathematician, but if 2 plus 2 is 2-2, then my friend 2-2 who drives a Noah, is Noah. No, no, think about it. I'm not a mathematician, but I'm 2-2. Because I'm a boy of Noah. Noah and 2-2 are the same. Like what I said before, 2-2 is the same. 2-2 is Noah. My friend 2-2 is this guy who drives a Noah. I'm a misdi, so imagine if he was a boy of Noah, he would have been in this situation. So if he was a boy of 2-2, then he would have been in this situation.","Storya jaba leo ni genje, ni noma, so a lot of you guys think Noah died, that's what you guys read in the Bible, muka on nai nye, but there Noah is taking us to an age for 90 years, academic. But I'm here to tell you that I have seen Noah with my own eyes, like Noah still exists. So think about the system. Noah, come on Noah. Noah said he came there just to kill him. But before Noah came there, I think these are animals, marambili, like animals because they are marambili, marambili. No, I'm not a mathematician, but if 2 plus 2 is 2-2, then my friend 2-2 who drives a Noah, is Noah. No, no, think about it. I'm not a mathematician, but I'm 2-2. Because I'm a boy of Noah. Noah and 2-2 are the same. Like what I said before, 2-2 is the same. 2-2 is Noah. My friend 2-2 is this guy who drives a Noah. I'm a misdi, so imagine if he was a boy of Noah, he would have been in this situation. So if he was a boy of 2-2, then he would have been in this situation.","Storya jaba leo ni genje, ni noma, so a lot of you guys think Noah died, that's what you guys read in the Bible, muka on nai nye, but there Noah is taking us to an age for 90 years, academic. But I'm here to tell you that I have seen Noah with my own eyes, like Noah still exists. So think about the system. Noah, come on Noah. Noah said he came there just to kill him. But before Noah came there, I think these are animals, marambili, like animals because they are marambili, marambili. No, I'm not a mathematician, but if 2 plus 2 is 2-2, then my friend 2-2 who drives a Noah, is Noah. No, no, think about it. I'm not a mathematician, but I'm 2-2. Because I'm a boy of Noah. Noah and 2-2 are the same. Like what I said before, 2-2 is the same. 2-2 is Noah. My friend 2-2 is this guy who drives a Noah. I'm a misdi, so imagine if he was a boy of Noah, he would have been in this situation. So if he was a boy of 2-2, then he would have been in this situation.",sw-KE
sheng_rec_000022,/home/ray/Desktop/Sheng_pipe/dataset/segmented/Sheng0020/chunk_00000.wav,98.22,"Elwood Kipchogi, nga world champion marathona, has followed him. These things, it goes inside me. You know, kuni me amuka yo, certainly, I didn't have a gig on Friday. So, someone wrote to me, the fitness, according to me, I said, maybe they come for the run. Because, you know, I'll come. The Kenan Carriage is 5km racing, 10km racing, I left 5km hybrid. 10km hybrid. Hybrid, nini. Oh. Yeah. That's what I thought. No, no, no, no. I ran. I ran. Like a racing. Yeah. 5km. We're done. Hi. Wow. Oh girl. Hi. Excuse me. You can catch up with them. Okay. So, this is something I'm thinking maybe athletics Kenya. Order. Once. I don't know the next one. Please relax. Come on. I'll never do it again. It's a rally. It's a rally. They were at the old medants. Who are they waiting for? They're 5km of the guys. I am ready and ready.","Elwood Kipchogi, nga world champion marathona, has followed him. These things, it goes inside me. You know, kuni me amuka yo, certainly, I didn't have a gig on Friday. So, someone wrote to me, the fitness, according to me, I said, maybe they come for the run. Because, you know, I'll come. The Kenan Carriage is 5km racing, 10km racing, I left 5km hybrid. 10km hybrid. Hybrid, nini. Oh. Yeah. That's what I thought. No, no, no, no. I ran. I ran. Like a racing. Yeah. 5km. We're done. Hi. Wow. Oh girl. Hi. Excuse me. You can catch up with them. Okay. So, this is something I'm thinking maybe athletics Kenya. Order. Once. I don't know the next one. Please relax. Come on. I'll never do it again. It's a rally. It's a rally. They were at the old medants. Who are they waiting for? They're 5km of the guys. I am ready and ready.","Elwood Kipchogi, nga world champion marathona, has followed him. These things, it goes inside me. You know, kuni me amuka yo, certainly, I didn't have a gig on Friday. So, someone wrote to me, the fitness, according to me, I said, maybe they come for the run. Because, you know, I'll come. The Kenan Carriage is 5km racing, 10km racing, I left 5km hybrid. 10km hybrid. Hybrid, nini. Oh. Yeah. That's what I thought. No, no, no, no. I ran. I ran. Like a racing. Yeah. 5km. We're done. Hi. Wow. Oh girl. Hi. Excuse me. You can catch up with them. Okay. So, this is something I'm thinking maybe athletics Kenya. Order. Once. I don't know the next one. Please relax. Come on. I'll never do it again. It's a rally. It's a rally. They were at the old medants. Who are they waiting for? They're 5km of the guys. I am ready and ready.",sw-KE
sheng_rec_000023,/home/ray/Desktop/Sheng_pipe/dataset/segmented/sheng0001/chunk_00000.wav,11.47,"Tia taw, because, I love kutuchua. Kwanana, nasejia, wunazi jumanheya, nenejna 500. Dukula, slej, dukula.","Tia taw, because, I love kutuchua. Kwanana, nasejia, wunazi jumanheya, nenejna 500. Dukula, slej, dukula.","Tia taw, because, I love kutuchua. Kwanana, nasejia, wunazi jumanheya, nenejna 500. Dukula, slej, dukula.",sw-KE
sheng_rec_000025,/home/ray/Desktop/Sheng_pipe/dataset/segmented/sheng0001/chunk_00002.wav,11.98,"Asha, finna, kali, tao, kei rada, nduthi, abs, nduthi, manzi, bro, hui mahi wiku na ipeleka, abhi.","Asha, finna, kali, tao, kei rada, nduthi, abs, nduthi, manzi, bro, hui mahi wiku na ipeleka, abhi.","Asha, finna, kali, tao, kei rada, nduthi, abs, nduthi, manzi, bro, hui mahi wiku na ipeleka, abhi.",sw-KE
sheng_rec_000027,/home/ray/Desktop/Sheng_pipe/dataset/segmented/sheng0001/chunk_00004.wav,11.14,"You wanna ask for money, sorry. Hey, cha, wami, finje, liku, a plana. Shia, wakawa, wana, wananga uruman. You want him? Chawi! Makonaka, man. Niawa, mihako, kakonawi, adi.","You wanna ask for money, sorry. Hey, cha, wami, finje, liku, a plana. Shia, wakawa, wana, wananga uruman. You want him? Chawi! Makonaka, man. Niawa, mihako, kakonawi, adi.","You wanna ask for money, sorry. Hey, cha, wami, finje, liku, a plana. Shia, wakawa, wana, wananga uruman. You want him? Chawi! Makonaka, man. Niawa, mihako, kakonawi, adi.",sw-KE
