id,audio_filepath,duration,raw_transcription,normalized_text,clean_sheng_text,language
sheng_master_000001,/home/ray/Desktop/mkuru/dataset/segmented/6vNZzV0PYsQ_Enter_The_Dragon____Mkurugen/6vNZzV0PYsQ_Enter_The_Dragon____Mkurugen_00000.wav,12.25,"Niaje Wakurugenzi kabiliatumge po kipini maze nikona, a super special announcement. The second edition of Becoming CEO Live, when it happened this weekend maze, and I cannot wait.","Niaje Wakurugenzi kabiliatumge po kipini maze nikona, a super special announcement. The second edition of Becoming CEO Live, when it happened this weekend maze, and I cannot wait.","Niaje Wakurugenzi kabiliatumge po kipini maze nikona, a super special announcement. The second edition of Becoming CEO Live, when it happened this weekend maze, and I cannot wait.",sw-KE
sheng_master_000002,/home/ray/Desktop/mkuru/dataset/segmented/6vNZzV0PYsQ_Enter_The_Dragon____Mkurugen/6vNZzV0PYsQ_Enter_The_Dragon____Mkurugen_00001.wav,11.61,"Hei, hii arila ondi ni muechechew, na bagatime tige apro. Hei leku pika, li na piku wa pale ni noma, atari sana. Ehm, MD, arrekecho hospital ma solo kopata kwa in the izal.","Hei, hii arila ondi ni muechechew, na bagatime tige apro. Hei leku pika, li na piku wa pale ni noma, atari sana. Ehm, MD, arrekecho hospital ma solo kopata kwa in the izal.","Hei, hii arila ondi ni muechechew, na bagatime tige apro. Hei leku pika, li na piku wa pale ni noma, atari sana. Ehm, MD, arrekecho hospital ma solo kopata kwa in the izal.",sw-KE
sheng_master_000003,/home/ray/Desktop/mkuru/dataset/segmented/6vNZzV0PYsQ_Enter_The_Dragon____Mkurugen/6vNZzV0PYsQ_Enter_The_Dragon____Mkurugen_00002.wav,13.12,"Dennis Mora, bossipale denri atakwa in the his house na bada naskiya pununu. Duru za pominika zna semakunenda kwa na another surprise guest. Siko shuwa, but niduru za pominika zna.","Dennis Mora, bossipale denri atakwa in the his house na bada naskiya pununu. Duru za pominika zna semakunenda kwa na another surprise guest. Siko shuwa, but niduru za pominika zna.","Dennis Mora, bossipale denri atakwa in the his house na bada naskiya pununu. Duru za pominika zna semakunenda kwa na another surprise guest. Siko shuwa, but niduru za pominika zna.",sw-KE
sheng_master_000004,/home/ray/Desktop/mkuru/dataset/segmented/6vNZzV0PYsQ_Enter_The_Dragon____Mkurugen/6vNZzV0PYsQ_Enter_The_Dragon____Mkurugen_00004.wav,12.08,"Eee, pesaki drogo na ingiapale, tu na toke jemz, ni jemz tuza biyashara, especially if you're a business owner, you're an offheb hanoo, ama you're an aspiring business, bas wepuja.","Eee, pesaki drogo na ingiapale, tu na toke jemz, ni jemz tuza biyashara, especially if you're a business owner, you're an offheb hanoo, ama you're an aspiring business, bas wepuja.","Eee, pesaki drogo na ingiapale, tu na toke jemz, ni jemz tuza biyashara, especially if you're a business owner, you're an offheb hanoo, ama you're an aspiring business, bas wepuja.",sw-KE
sheng_master_000005,/home/ray/Desktop/mkuru/dataset/segmented/6vNZzV0PYsQ_Enter_The_Dragon____Mkurugen/6vNZzV0PYsQ_Enter_The_Dragon____Mkurugen_00005.wav,7.66,"Kujabana tu skize, skize mamboja, bihashara, bihashara paliao sila. Aposawa dao ka na tuwei to sila, tu na nene kuni.","Kujabana tu skize mamboja, bihashara paliao sila. Aposawa dao ka na tuwei to sila, tu na nene kuni.","Kujabana tu skize mamboja, bihashara paliao sila. Aposawa dao ka na tuwei to sila, tu na nene kuni.",sw-KE
sheng_master_000006,/home/ray/Desktop/mkuru/dataset/segmented/6vNZzV0PYsQ_Enter_The_Dragon____Mkurugen/6vNZzV0PYsQ_Enter_The_Dragon____Mkurugen_00006.wav,10.94,"Wakurugenzi, mkurugenzi, minisodes na kamake, kablas jengia kwa hekawana, lazima tofanyaile kitu sudu, man, lazima to skumea, super shout out.","Wakurugenzi, Mkurugenzi, minisodes na kamake, kablas jengia kwa hekawana, lazima tofanyaile kitu sudu, man, lazima to skumea, super shout out.","Wakurugenzi, Mkurugenzi, minisodes na kamake, kablas jengia kwa hekawana, lazima tofanyaile kitu sudu, man, lazima to skumea, super shout out.",sw-KE
sheng_master_000007,/home/ray/Desktop/mkuru/dataset/segmented/6vNZzV0PYsQ_Enter_The_Dragon____Mkurugen/6vNZzV0PYsQ_Enter_The_Dragon____Mkurugen_00011.wav,13.84,"Aizu wufanya taia kutuniki wa tuftia mziki, muju isu o nga aje. Ha ha ha ha, ready?","Aizu wufanya taia kutuniki wa tuftia mziki, muju isu o nga aje. Ha, ready?","Aizu wufanya taia kutuniki wa tuftia mziki, muju isu o nga aje. Ha, ready?",sw-KE
sheng_master_000008,/home/ray/Desktop/mkuru/dataset/segmented/6vNZzV0PYsQ_Enter_The_Dragon____Mkurugen/6vNZzV0PYsQ_Enter_The_Dragon____Mkurugen_00014.wav,13.19,"Ah, safi. Alright, David Di Tabas, shukran sana manze, wabongo kwanza poleni, jo na jo nili kwa ni me panga ningi e kule, ikwa wakati muli ni ali kapale. Nili kwa ni mejipanga kabisa, kabisa kabisa nili kwa ni lakini.","Ah, safi. Alright, David Di Tabas, shukran sana manze, wabongo kwanza poleni, jo na jo nili kwa ni me panga ningi e kule, ikwa wakati muli ni ali kapale. Nili kwa ni mejipanga kabisa nili kwa ni lakini.","Ah, safi. Alright, David Di Tabas, shukran sana manze, wabongo kwanza poleni, jo na jo nili kwa ni me panga ningi e kule, ikwa wakati muli ni ali kapale. Nili kwa ni mejipanga kabisa nili kwa ni lakini.",sw-KE
sheng_master_000009,/home/ray/Desktop/mkuru/dataset/segmented/6vNZzV0PYsQ_Enter_The_Dragon____Mkurugen/6vNZzV0PYsQ_Enter_The_Dragon____Mkurugen_00015.wav,13.16,"Mamboa ya kaenda jeansi mulivona, uchaguzibana ulikudiana mamboa ke, kabidi tu me pigya pause ki dogo. Batza sana nkoshu wa kumetulia, se tu naiza ingi yasas, ndogu ingi yasas.","Mamboa ya kaenda jeansi mulivona, uchaguzibana ulikudiana mamboa ke, kabidi tu me pigya pause ki dogo. Batza sana nkoshu wa kumetulia, se tu naiza ingi yasas, ndogu ingi yasas.","Mamboa ya kaenda jeansi mulivona, uchaguzibana ulikudiana mamboa ke, kabidi tu me pigya pause ki dogo. Batza sana nkoshu wa kumetulia, se tu naiza ingi yasas, ndogu ingi yasas.",sw-KE
sheng_master_000010,/home/ray/Desktop/mkuru/dataset/segmented/6vNZzV0PYsQ_Enter_The_Dragon____Mkurugen/6vNZzV0PYsQ_Enter_The_Dragon____Mkurugen_00016.wav,13.11,"This is Russia, okay. Sao. Eeeem, ya, eee, na anybody else mwenya lingi ya kwa sayita, kufanya mamboa ya ke maze, bariki wa sana. Eee, unaziana! Isa sayina ito ivory. Hmm.","This is Russia, okay. Sao. Eeeem, ya, eee, na anybody else mwenya lingi ya kwa sayita, kufanya mamboa ya ke maze, bariki wa sana. Eee, unaziana! Isa sayina ito ivory. Hmm.","This is Russia, okay. Sao. Eeeem, ya, eee, na anybody else mwenya lingi ya kwa sayita, kufanya mamboa ya ke maze, bariki wa sana. Eee, unaziana! Isa sayina ito ivory. Hmm.",sw-KE
sheng_master_000011,/home/ray/Desktop/mkuru/dataset/segmented/6vNZzV0PYsQ_Enter_The_Dragon____Mkurugen/6vNZzV0PYsQ_Enter_The_Dragon____Mkurugen_00017.wav,12.88,"Sasa ukisha piga aivori ako, kuna topingine, kuna ii quota zip, almost simila kala, almost. Sasa unato aii, una piga yo, dawa wali ako e-episode ngini, muta yona. Eee, ya ni?","Sasa ukisha piga ivory ako, kuna top ingine, kuna ii quarter zip, almost simila colour, almost. Sasa unatoa hii, unapiga hiyo, dawa wali ako e-episode ngini, muta yona. Eee, ya ni?","Sasa ukisha piga ivory ako, kuna top ingine, kuna ii quarter zip, almost simila colour, almost. Sasa unatoa hii, unapiga hiyo, dawa wali ako e-episode ngini, muta yona. Eee, ya ni?",sw-KE
sheng_master_000012,/home/ray/Desktop/mkuru/dataset/segmented/6vNZzV0PYsQ_Enter_The_Dragon____Mkurugen/6vNZzV0PYsQ_Enter_The_Dragon____Mkurugen_00019.wav,2.7,Rokit wi pride. Okay!,Rokit wi pride. Okay!,Rokit wi pride. Okay!,sw-KE
sheng_master_000013,/home/ray/Desktop/mkuru/dataset/segmented/6vNZzV0PYsQ_Enter_The_Dragon____Mkurugen/6vNZzV0PYsQ_Enter_The_Dragon____Mkurugen_00020.wav,12.65,Nyambu muna pointiwa sabi. Nyambu muna sema hii alishika imeku angozi. Atoi? Atoi? Analala na yo.,Nyambu muna pointiwa sabi. Nyambu muna sema hii alishika imeku angozi. Atoi? Analala na yo.,Nyambu muna pointiwa sabi. Nyambu muna sema hii alishika imeku angozi. Atoi? Analala na yo.,sw-KE
sheng_master_000014,/home/ray/Desktop/mkuru/dataset/segmented/6vNZzV0PYsQ_Enter_The_Dragon____Mkurugen/6vNZzV0PYsQ_Enter_The_Dragon____Mkurugen_00021.wav,13.54,"Alaitu a Rusi, ako naio, interview ya kazi, naio, maradona, maradona na kimia, naio. Amali naeni, surfing.","Alaitu a Rusi, ako naio, interview ya kazi, naio, maradona na kimia, naio. Amali naeni, surfing.","Alaitu a Rusi, ako naio, interview ya kazi, naio, maradona na kimia, naio. Amali naeni, surfing.",sw-KE
sheng_master_000015,/home/ray/Desktop/mkuru/dataset/segmented/6vNZzV0PYsQ_Enter_The_Dragon____Mkurugen/6vNZzV0PYsQ_Enter_The_Dragon____Mkurugen_00022.wav,13.61,"Ha, nyambuwe usi ambiwe, wepega, wepega. Ha, imkwani ikonini. Ha, very nice. Okay, now, hii episode ya leo, in fact.","Ha, nyambuwe usi ambiwe, wepega. Ha, imkwani ikonini. Ha, very nice. Okay, now, hii episode ya leo, in fact.","Ha, nyambuwe usi ambiwe, wepega. Ha, imkwani ikonini. Ha, very nice. Okay, now, hii episode ya leo, in fact.",sw-KE
sheng_master_000016,/home/ray/Desktop/mkuru/dataset/segmented/6vNZzV0PYsQ_Enter_The_Dragon____Mkurugen/6vNZzV0PYsQ_Enter_The_Dragon____Mkurugen_00023.wav,10.78,"Nimei piti ya, wala hii siya mini, watu wangu wa tek nia mbieni kama hii zivitu niposibol. Jumi ni, hii, nili kwa, nimefika malin kanza kuna, hii siya, bye, hii.","Nimei piti ya, wala hii siya mini, watu wangu wa tek nia mbieni kama hii zivitu niposibol. Jumi ni, hii, nili kwa, nimefika malin kanza kuna, hii siya, bye, hii.","Nimei piti ya, wala hii siya mini, watu wangu wa tek nia mbieni kama hii zivitu niposibol. Jumi ni, hii, nili kwa, nimefika malin kanza kuna, hii siya, bye, hii.",sw-KE
sheng_master_000017,/home/ray/Desktop/mkuru/dataset/segmented/6vNZzV0PYsQ_Enter_The_Dragon____Mkurugen/6vNZzV0PYsQ_Enter_The_Dragon____Mkurugen_00024.wav,11.08,"Juhu ei kukuna vidumutu watu etu wa mefaini wa apa, maa jabu. Na juna juhu anikona watu watu ei kataari sana, infakt, anytime saiteki wa naka noma kido gukuna tuki kosia teki wa wakurugenzi.","Juhu ei kukuna vidumutu watu etu wa mefaini wa apa, maa jabu. Na juna juhu anikona watu ei kataari sana, infakt, anytime saiteki wa naka noma kido gukuna tuki kosia teki wakurugenzi.","Juhu ei kukuna vidumutu watu etu wa mefaini wa apa, maa jabu. Na juna juhu anikona watu ei kataari sana, infakt, anytime saiteki wa naka noma kido gukuna tuki kosia teki wakurugenzi.",sw-KE
sheng_master_000018,/home/ray/Desktop/mkuru/dataset/segmented/6vNZzV0PYsQ_Enter_The_Dragon____Mkurugen/6vNZzV0PYsQ_Enter_The_Dragon____Mkurugen_00026.wav,6.08,"Nini ambiyeni kama hiki tu niposibol, kama niposibol wa tutu wakua kiafula pa inje. So kuna boy flani.","Nini ambiyeni kama hiki tu niposibol, kama niposibol wa tutu wakua kiafula pa inje. So kuna boy flani.","Nini ambiyeni kama hiki tu niposibol, kama niposibol wa tutu wakua kiafula pa inje. So kuna boy flani.",sw-KE
sheng_master_000019,/home/ray/Desktop/mkuru/dataset/segmented/6vNZzV0PYsQ_Enter_The_Dragon____Mkurugen/6vNZzV0PYsQ_Enter_The_Dragon____Mkurugen_00027.wav,8.34,"Ha me maliza chuo fiti, I think ame ingi akampo, ame pigama ingenia ringza, ke safi ame maliza, lakini sunad yua situation bile iko, pokaziki dogo triki.","Ha me maliza chuo fiti, I think ame ingi akampo, ame pigama ingenia ringza, ke safi ame maliza, lakini sunad yua situation bile iko, pokaziki dogo triki.","Ha me maliza chuo fiti, I think ame ingi akampo, ame pigama ingenia ringza, ke safi ame maliza, lakini sunad yua situation bile iko, pokaziki dogo triki.",sw-KE
sheng_master_000020,/home/ray/Desktop/mkuru/dataset/segmented/6vNZzV0PYsQ_Enter_The_Dragon____Mkurugen/6vNZzV0PYsQ_Enter_The_Dragon____Mkurugen_00028.wav,11.97,"So skumoja kiyo me bangeiza, bangeiza pale, one of his uncles anakam, nani uncle anapendam baya, wana jua kila familie na koga, na ule angkoflani hii, anakwa ga, yaa kakwetusim na juhu angkoni nani.","So skumoja kiyo me bangeiza pale, one of his uncles anakam, nani uncle anapendam baya, wana jua kila familie na koga, na ule angkoflani hii, anakwa ga, yaa kakwetusim na juhu angkoni nani.","So skumoja kiyo me bangeiza pale, one of his uncles anakam, nani uncle anapendam baya, wana jua kila familie na koga, na ule angkoflani hii, anakwa ga, yaa kakwetusim na juhu angkoni nani.",sw-KE
sheng_master_000021,/home/ray/Desktop/mkuru/dataset/segmented/6vNZzV0PYsQ_Enter_The_Dragon____Mkurugen/6vNZzV0PYsQ_Enter_The_Dragon____Mkurugen_00029.wav,11.7,"Niaja kito keada, aa, muna diwa, ei, anko wama fo. Okay, so, ei, anko akakam, akam shojo, ei, miti anko.","Niaja kito keada, aa, muna diwa, ei, anko wama fo. Okay, so, ei, anko akakam, akam shojo, ei, miti anko.","Niaja kito keada, aa, muna diwa, ei, anko wama fo. Okay, so, ei, anko akakam, akam shojo, ei, miti anko.",sw-KE
sheng_master_000022,/home/ray/Desktop/mkuru/dataset/segmented/6vNZzV0PYsQ_Enter_The_Dragon____Mkurugen/6vNZzV0PYsQ_Enter_The_Dragon____Mkurugen_00033.wav,12.38,"So sijuka manze yuza Fupal sama nini, ee, but ee, alikwame kimbiza wase, alikwana ishi fiti sana. Garimbili, hawpua, tatu bedrum lakini, ako peki akena ni special sufi, ya ni alikwana stay poa.","So sijuka manze yuza Fupal sama nini, ee, but ee, alikwame kimbiza wase, alikwana ishi fiti sana. Garimbili, hawpua, tatu bedrum lakini, ako peki akena ni special sufi, ya ni alikwana stay poa.","So sijuka manze yuza Fupal sama nini, ee, but ee, alikwame kimbiza wase, alikwana ishi fiti sana. Garimbili, hawpua, tatu bedrum lakini, ako peki akena ni special sufi, ya ni alikwana stay poa.",sw-KE
sheng_master_000023,/home/ray/Desktop/mkuru/dataset/segmented/6vNZzV0PYsQ_Enter_The_Dragon____Mkurugen/6vNZzV0PYsQ_Enter_The_Dragon____Mkurugen_00034.wav,11.97,"So ukijanaka ona ile maisha ujama na isi ya ka, tamina takad yo, so that is how he was recruited. So aka ingeyo, sugli na wali kwa na pigeyo, ninina ena wali kwa na vuna deadly, utapataina wik, wame la lisha kitu kama mi ambili.","So ukijanaka ona ile maisha ujama na isi ya ka, tamina takad yo, so that is how he was recruited. So aka ingeyo, sugli na wali kwa na pigeyo, ninina ena wali kwa na vuna deadly, utapataina wik, wame la lisha kitu kama mi ambili.","So ukijanaka ona ile maisha ujama na isi ya ka, tamina takad yo, so that is how he was recruited. So aka ingeyo, sugli na wali kwa na pigeyo, ninina ena wali kwa na vuna deadly, utapataina wik, wame la lisha kitu kama mi ambili.",sw-KE
sheng_master_000024,/home/ray/Desktop/mkuru/dataset/segmented/6vNZzV0PYsQ_Enter_The_Dragon____Mkurugen/6vNZzV0PYsQ_Enter_The_Dragon____Mkurugen_00035.wav,11.01,"Hei, like wuki kambaya, wuki mojata zahidi wana ingiza. So, hii ndi ikakwaga routine, baka palehom mali wuki janawe tumdoga me toka.","Hei, like wuki kambaya, wuki mojata zahidi wana ingiza. So, hii ndi ikakwaga routine, baka palehom mali wuki janawe tumdoga me toka.","Hei, like wuki kambaya, wuki mojata zahidi wana ingiza. So, hii ndi ikakwaga routine, baka palehom mali wuki janawe tumdoga me toka.",sw-KE
sheng_master_000025,/home/ray/Desktop/mkuru/dataset/segmented/6vNZzV0PYsQ_Enter_The_Dragon____Mkurugen/6vNZzV0PYsQ_Enter_The_Dragon____Mkurugen_00036.wav,10.78,"Watoa kanzakunutis, hei, hei, boi weitu mamba ya kei memfukia, hei ya na kuna vile tua kosawa. So skumoja mazeu wame ingia shugli kama kao, wame ingia kwa metandao.","Watoa kanzakunutis, hei, boi weitu mamba ya kei memfukia, hei ya na kuna vile tua kosawa. So skumoja mazeu wame ingia shugli kama kao, wame ingia kwa metandao.","Watoa kanzakunutis, hei, boi weitu mamba ya kei memfukia, hei ya na kuna vile tua kosawa. So skumoja mazeu wame ingia shugli kama kao, wame ingia kwa metandao.",sw-KE
sheng_master_000026,/home/ray/Desktop/mkuru/dataset/segmented/6vNZzV0PYsQ_Enter_The_Dragon____Mkurugen/6vNZzV0PYsQ_Enter_The_Dragon____Mkurugen_00038.wav,11.6,"Amani 15. I think ni 14 nili kwa ju. So li kwa na wuza iyo, na samsa nia iyo times, geni S21 li kwa ni 2014. Ah, see 2014, 2024, sorry, 2024.","Amani 15. I think ni 14 nili kwa ju. So li kwa na wuza iyo, na samsa nia iyo times, geni S21 li kwa ni 2014. Ah, see 2014, 2024, sorry, 2024.","Amani 15. I think ni 14 nili kwa ju. So li kwa na wuza iyo, na samsa nia iyo times, geni S21 li kwa ni 2014. Ah, see 2014, 2024, sorry, 2024.",sw-KE
sheng_master_000027,/home/ray/Desktop/mkuru/dataset/segmented/6vNZzV0PYsQ_Enter_The_Dragon____Mkurugen/6vNZzV0PYsQ_Enter_The_Dragon____Mkurugen_00039.wav,13.93,"So, wama enda wama organize feety meeting, wama kutana, then maliwana kutana hii li kwa samu ya pa thika road. So, sigiwa li kwa na hii gia kwa hoteli ikon Tania Mall. Ya, I think wila Tania Mall kuna kwa gana nii kwa food court.","So, wama enda wama organize feety meeting, wama kutana, then maliwana kutana hii li kwa samu ya pa thika road. So, sigiwa li kwa na hii gia kwa hoteli ikon Tania Mall. Ya, I think wila Tania Mall kuna kwa gana nii kwa food court.","So, wama enda wama organize feety meeting, wama kutana, then maliwana kutana hii li kwa samu ya pa thika road. So, sigiwa li kwa na hii gia kwa hoteli ikon Tania Mall. Ya, I think wila Tania Mall kuna kwa gana nii kwa food court.",sw-KE
sheng_master_000028,/home/ray/Desktop/mkuru/dataset/segmented/6vNZzV0PYsQ_Enter_The_Dragon____Mkurugen/6vNZzV0PYsQ_Enter_The_Dragon____Mkurugen_00040.wav,11.04,"I think so. I'm at the hotel na kwa gapachini kwa ground floor. So amekutana pale maze, kwa zahama boiwe tuwa kawanao jama kishuka, nabagia kia laptop na masimumbili kwanfuko.","I think so. I'm at the hotel na kwa gapachini kwa ground floor. So amekutana pale maze, kwa zahama boiwe tuwa kawanao jama kishuka, nabagia kia laptop na masimumbili kwanfuko.","I think so. I'm at the hotel na kwa gapachini kwa ground floor. So amekutana pale maze, kwa zahama boiwe tuwa kawanao jama kishuka, nabagia kia laptop na masimumbili kwanfuko.",sw-KE
sheng_master_000029,/home/ray/Desktop/mkuru/dataset/segmented/6vNZzV0PYsQ_Enter_The_Dragon____Mkurugen/6vNZzV0PYsQ_Enter_The_Dragon____Mkurugen_00042.wav,11.37,"So wubo yutum dogo, e, akashindomaze wubo mid-twenties maze umeto api gari kamahi na. Ono jokunile sura inaka gaia mtu alizali wanda niya pesa. Inaka ni pesa ame ipata juzi.","So wubo yutum dogo, e, akashindomaze wubo mid-twenties maze umeto api gari kamahi na. Ono jokunile sura inaka gaia mtu alizali wanda niya pesa. Inaka ni pesa ame ipata juzi.","So wubo yutum dogo, e, akashindomaze wubo mid-twenties maze umeto api gari kamahi na. Ono jokunile sura inaka gaia mtu alizali wanda niya pesa. Inaka ni pesa ame ipata juzi.",sw-KE
sheng_master_000030,/home/ray/Desktop/mkuru/dataset/segmented/6vNZzV0PYsQ_Enter_The_Dragon____Mkurugen/6vNZzV0PYsQ_Enter_The_Dragon____Mkurugen_00043.wav,10.59,"Una jua, uko umeku langori, na chikwaga muda. Hehehehe, hehehehe, hehehehe, hehehehe, na chikwaga, lei, lei, kamamichi no nasaya konjia kuendaku kuwa milyonea.","Una jua, uko umeku langori, na chikwaga muda. Hehehehe, na chikwaga, lei, kamamichi no nasaya konjia kuendaku kuwa milyonea.","Una jua, uko umeku langori, na chikwaga muda. Hehehehe, na chikwaga, lei, kamamichi no nasaya konjia kuendaku kuwa milyonea.",sw-KE
sheng_master_000031,/home/ray/Desktop/mkuru/dataset/segmented/6vNZzV0PYsQ_Enter_The_Dragon____Mkurugen/6vNZzV0PYsQ_Enter_The_Dragon____Mkurugen_00044.wav,12.73,"Laki na ita mchu kwa miyaka 30 ndio, hiu mamba hii kwa nini ndi toke. Atashka million sayi lakini ndio sasa akwe msmuth, hiu mpati ekama miyaka zingine 25-30 yabu.","Laki na ita mchu kwa miyaka 30 ndio, hiu mamba hii kwa nini ndi toke. Atashka million sayi lakini ndio sasa akwe msmuth, hiu mpati ekama miyaka zingine 25-30 yabu.","Laki na ita mchu kwa miyaka 30 ndio, hiu mamba hii kwa nini ndi toke. Atashka million sayi lakini ndio sasa akwe msmuth, hiu mpati ekama miyaka zingine 25-30 yabu.",sw-KE
sheng_master_000032,/home/ray/Desktop/mkuru/dataset/segmented/6vNZzV0PYsQ_Enter_The_Dragon____Mkurugen/6vNZzV0PYsQ_Enter_The_Dragon____Mkurugen_00047.wav,11.62,"Most of the talking. This guy is semi-kitu, like the entire time wali kuapo, ali omgia not more than 50 words. Ya kazi ya ke tu ni kusmail, ya na waskiza, akona laptop ya ke apaju ya meza.","Most of the talking. This guy is semi-kitu, like the entire time wali kuapo, ali omgia not more than 50 words. Ya kazi ya ke tu ni kusmail, ya na waskiza, akona laptop ya ke apaju ya meza.","Most of the talking. This guy is semi-kitu, like the entire time wali kuapo, ali omgia not more than 50 words. Ya kazi ya ke tu ni kusmail, ya na waskiza, akona laptop ya ke apaju ya meza.",sw-KE
sheng_master_000033,/home/ray/Desktop/mkuru/dataset/segmented/6vNZzV0PYsQ_Enter_The_Dragon____Mkurugen/6vNZzV0PYsQ_Enter_The_Dragon____Mkurugen_00048.wav,13.11,"Ako na tu simu simu, na katua na fanya fanya tuvi tu apu, ako na simu, kido kidogo, nai shika-shika kidizai nivi. At some point ubu uitu akashindomse.","Ako na tu simu, na katua na fanya tuvi tu apu, ako na simu, kidogo, nai shika-shika kidizai nivi. At some point ubu uitu akashindomse.","Ako na tu simu, na katua na fanya tuvi tu apu, ako na simu, kidogo, nai shika-shika kidizai nivi. At some point ubu uitu akashindomse.",sw-KE
sheng_master_000034,/home/ray/Desktop/mkuru/dataset/segmented/6vNZzV0PYsQ_Enter_The_Dragon____Mkurugen/6vNZzV0PYsQ_Enter_The_Dragon____Mkurugen_00049.wav,9.6,"Bini chance na neza kwa na tu rekode. I don't know, kuna kitu tu off na dimina ya ke. But again, wakumboka. Wacha wafane, wafane shugli aw.","Bini chance na neza kwa na tu rekode. I don't know, kuna kitu tu off na dimina ya ke. But again, wakumboka. Wacha wafane shugli aw.","Bini chance na neza kwa na tu rekode. I don't know, kuna kitu tu off na dimina ya ke. But again, wakumboka. Wacha wafane shugli aw.",sw-KE
sheng_master_000035,/home/ray/Desktop/mkuru/dataset/segmented/6vNZzV0PYsQ_Enter_The_Dragon____Mkurugen/6vNZzV0PYsQ_Enter_The_Dragon____Mkurugen_00050.wav,13.18,"So wakanzakongi asa sabi asa raju, wali onais malto kuhu boen ka yuku interested sana. So ika kwa ok, simu iko api wacha tu, tuchungulie boi weitu wa katoa simu, uyo boen mone awdi, akekele asimu zote mbili apo.","So wakanzakongi asa sabi asa raju, wali onais malto kuhu boen ka yuku interested sana. So ika kwa ok, simu iko api wacha tuchungulie boi weitu wa katoa simu, uyo boen mone awdi, akekele asimu zote mbili apo.","So wakanzakongi asa sabi asa raju, wali onais malto kuhu boen ka yuku interested sana. So ika kwa ok, simu iko api wacha tuchungulie boi weitu wa katoa simu, uyo boen mone awdi, akekele asimu zote mbili apo.",sw-KE
sheng_master_000036,/home/ray/Desktop/mkuru/dataset/segmented/6vNZzV0PYsQ_Enter_The_Dragon____Mkurugen/6vNZzV0PYsQ_Enter_The_Dragon____Mkurugen_00051.wav,13.83,"Befo historia si mu kwanza ingiye, aki ulizuatu yu duni niya kasemaye waga ami iva storia hardware. So, kuna wiliya actually software piya.","Befo historia si mu kwanza ingiye, aki ulizuatu yu duni niya kasemaye waga ami iva storia hardware. So, kuna wiliya actually software piya.","Befo historia si mu kwanza ingiye, aki ulizuatu yu duni niya kasemaye waga ami iva storia hardware. So, kuna wiliya actually software piya.",sw-KE
sheng_master_000037,/home/ray/Desktop/mkuru/dataset/segmented/6vNZzV0PYsQ_Enter_The_Dragon____Mkurugen/6vNZzV0PYsQ_Enter_The_Dragon____Mkurugen_00052.wav,11.81,"So kuna vile, akona ability aku upgrade vitu. So kawkona eni electronic na eni na nida upgrading unan patia. Laikunezan patia android use less sana, ae ndia yung eze Ram.","So kuna vile, akona ability aku upgrade vitu. So kawkona eni electronic na eni na nida upgrading unan patia. Laikunezan patia android use less sana, ae ndia yung eze Ram.","So kuna vile, akona ability aku upgrade vitu. So kawkona eni electronic na eni na nida upgrading unan patia. Laikunezan patia android use less sana, ae ndia yung eze Ram.",sw-KE
sheng_master_000038,/home/ray/Desktop/mkuru/dataset/segmented/6vNZzV0PYsQ_Enter_The_Dragon____Mkurugen/6vNZzV0PYsQ_Enter_The_Dragon____Mkurugen_00053.wav,11.86,"Aunga zema features flania ziko na yo model, uneza patakuna android dili toka maybe two years ago, hii kwa na AI, aneza itu kwa ayueke. Like nimde dili.","akaongeza ma features flani ziko nayo model, unaweza pata kuna Android ilitoka maybe two years ago, haikuwa na AI, anaweza itupa akaweka. Like ni deal.","akaongeza ma features flani ziko nayo model, unaweza pata kuna Android ilitoka maybe two years ago, haikuwa na AI, anaweza itupa akaweka. Like ni deal.",sw-KE
sheng_master_000039,/home/ray/Desktop/mkuru/dataset/segmented/6vNZzV0PYsQ_Enter_The_Dragon____Mkurugen/6vNZzV0PYsQ_Enter_The_Dragon____Mkurugen_00054.wav,12.13,"Aalajoizuwe around the stories of tech. In fact, buewe tuu yu kijana wakiyo na ankoia kia apo. Akambia say, e, kama hibon du odu?","Aalajoizuwe around the stories of tech. In fact, buewe tuu yu kijana wakiyo na ankoia kia apo. Akambia say, e, kama hibon du odu?","Aalajoizuwe around the stories of tech. In fact, buewe tuu yu kijana wakiyo na ankoia kia apo. Akambia say, e, kama hibon du odu?",sw-KE
sheng_master_000040,/home/ray/Desktop/mkuru/dataset/segmented/6vNZzV0PYsQ_Enter_The_Dragon____Mkurugen/6vNZzV0PYsQ_Enter_The_Dragon____Mkurugen_00055.wav,13.04,"Simu hangwa iko up to date witu, neza ni ongezea ram ju mu piga piga tu video sana na tu picha. Uneza ni ongezea ram tu cheki. Nadia mwa kachukua, kai connect na laptop apua raka fasta, aka fanya mamboa ya ke, azo na ongewa kekula.","Simu hangwa iko up to date witu, neza ni ongezea ram ju mu piga tu video sana na tu picha. unaweza ni ongezea ram tu cheki. Nadia mwa kachukua, kai connect na laptop apua raka fasta, aka fanya mamboa ya ke, azo na ongewa kekula.","Simu hangwa iko up to date witu, neza ni ongezea ram ju mu piga tu video sana na tu picha. unaweza ni ongezea ram tu cheki. Nadia mwa kachukua, kai connect na laptop apua raka fasta, aka fanya mamboa ya ke, azo na ongewa kekula.",sw-KE
sheng_master_000041,/home/ray/Desktop/mkuru/dataset/segmented/6vNZzV0PYsQ_Enter_The_Dragon____Mkurugen/6vNZzV0PYsQ_Enter_The_Dragon____Mkurugen_00057.wav,11.29,"So atuangua tek nia mbieni. Nii ukweli ama moneh storia na nii, ok. So yos shugli kaisha wakengile storia simu sasa, nilikwani mefikapo sasa wami engi akwa simu.","So atuangua tek nia mbieni. Nii ukweli ama moneh storia na nii, ok. So yos shugli kaisha wakengile storia simu sasa, nilikwani mefikapo sasa wami engi akwa simu.","So atuangua tek nia mbieni. Nii ukweli ama moneh storia na nii, ok. So yos shugli kaisha wakengile storia simu sasa, nilikwani mefikapo sasa wami engi akwa simu.",sw-KE
sheng_master_000042,/home/ray/Desktop/mkuru/dataset/segmented/6vNZzV0PYsQ_Enter_The_Dragon____Mkurugen/6vNZzV0PYsQ_Enter_The_Dragon____Mkurugen_00058.wav,12.77,Si awa watue mtu na anko ya kewa nata kakununu wa simuza uja ma. So wakacheki zote mbili wakoneile android di kawa bamba. So uiwa anko akase na nata kakwenda kuhu kwingia internet. Indi ususa ayingenda nifiti.,si hawa watu mtu na ankol yake wa nataka kununua simu zao jamaa. So wakacheki zote mbili wakaona ile android di ikawabamba. So huyo ankol akase nata kakwenda huku kuingia internet. ili sasa iende fiti.,si hawa watu mtu na ankol yake wa nataka kununua simu zao jamaa. So wakacheki zote mbili wakaona ile android di ikawabamba. So huyo ankol akase nata kakwenda huku kuingia internet. ili sasa iende fiti.,sw-KE
sheng_master_000043,/home/ray/Desktop/mkuru/dataset/segmented/6vNZzV0PYsQ_Enter_The_Dragon____Mkurugen/6vNZzV0PYsQ_Enter_The_Dragon____Mkurugen_00059.wav,10.01,"Mbogi weitu akakubali jamakenda, akawliza uliza uko, pala internet nikai kwa fiti, akarudi akambia monyesimua apa internet nikama nitriiki.","Mbogi weitu akakubali jamakenda, akawliza uliza uko, pala internet nikai kwa fiti, akarudi akambia monyesimua apa internet nikama nitriiki.","Mbogi weitu akakubali jamakenda, akawliza uliza uko, pala internet nikai kwa fiti, akarudi akambia monyesimua apa internet nikama nitriiki.",sw-KE
sheng_master_000044,/home/ray/Desktop/mkuru/dataset/segmented/6vNZzV0PYsQ_Enter_The_Dragon____Mkurugen/6vNZzV0PYsQ_Enter_The_Dragon____Mkurugen_00060.wav,13.82,"Boiwetunim seyamejipanga, un mungine, mone na uza simu, wa kainki akwa baga katoa pocket wi-fi. Akwa mbiani kona hi, unata kujerbuna hi, ankoa kaka kataa kase maa pana. Wacha ni, nitafte plasingine ni connect mbio-mbio.","Boiwetunim seyamejipanga, un mungine, mone na uza simu, wa kainki akwa baga katoa pocket wi-fi. Akwa mbiani kona hi, unataka kujaribu na hii, ankoa kaka kataa kase maa pana. Wacha nitafte plasingine ni connect mbio-mbio.","Boiwetunim seyamejipanga, un mungine, mone na uza simu, wa kainki akwa baga katoa pocket wi-fi. Akwa mbiani kona hi, unataka kujaribu na hii, ankoa kaka kataa kase maa pana. Wacha nitafte plasingine ni connect mbio-mbio.",sw-KE
sheng_master_000045,/home/ray/Desktop/mkuru/dataset/segmented/6vNZzV0PYsQ_Enter_The_Dragon____Mkurugen/6vNZzV0PYsQ_Enter_The_Dragon____Mkurugen_00061.wav,10.28,Denda kam sasa tu tumalizeiki tu. Na wu wu mo nia na uza simu aka moa chak. Sawa nda fanya mambu ako. Anko aka tokana simu na wu wendi yo alizedi. Sasa.,Denda kam sasa tumalizeiki tu. Na wu mo nia na uza simu aka moa chak. Sawa nda fanya mambu ako. Anko aka tokana simu na wu wendi yo alizedi. Sasa.,Denda kam sasa tumalizeiki tu. Na wu mo nia na uza simu aka moa chak. Sawa nda fanya mambu ako. Anko aka tokana simu na wu wendi yo alizedi. Sasa.,sw-KE
sheng_master_000046,/home/ray/Desktop/mkuru/dataset/segmented/6vNZzV0PYsQ_Enter_The_Dragon____Mkurugen/6vNZzV0PYsQ_Enter_The_Dragon____Mkurugen_00063.wav,10.25,"At some point, ui mo nyana uza simu waka discover ei na uli anko a lianda na simu siya me kawi yasa na kwa ni rada aken gani. So ui boi wei tuwa kwa po tuwa, ai na mamboa, itik atarudi 2 house, skwena presya.","At some point, ui mo nyana uza simu waka discover ei na uli anko a lianda na simu siya me kawi yasa na kwa ni rada aken gani. So ui boi wei tuwa kwa po tuwa, ai na mamboa, itik atarudi 2 house, skwena presya.","At some point, ui mo nyana uza simu waka discover ei na uli anko a lianda na simu siya me kawi yasa na kwa ni rada aken gani. So ui boi wei tuwa kwa po tuwa, ai na mamboa, itik atarudi 2 house, skwena presya.",sw-KE
sheng_master_000047,/home/ray/Desktop/mkuru/dataset/segmented/6vNZzV0PYsQ_Enter_The_Dragon____Mkurugen/6vNZzV0PYsQ_Enter_The_Dragon____Mkurugen_00064.wav,13.95,"So ui mo nyanuza simu wakajito wakidoga kwa ambisa, wacha basi ningi woshum kiasi, then, dakam. Now, no na ilapto pali kwa na fanya fanya na hovitu, manze ni expensive kuru ka, wubu ewe tu wakiyo apali, search, komtandao, ni expensive.","So ui mo nyanuza simu wakajito wakidoga kwa ambisa, wacha basi ningi woshum kiasi, then, dakam. Now, no na ilapto pali kwa na fanya na hovitu, manze ni expensive kuru ka, wubu ewe tu wakiyo apali, search, komtandao, ni expensive.","So ui mo nyanuza simu wakajito wakidoga kwa ambisa, wacha basi ningi woshum kiasi, then, dakam. Now, no na ilapto pali kwa na fanya na hovitu, manze ni expensive kuru ka, wubu ewe tu wakiyo apali, search, komtandao, ni expensive.",sw-KE
sheng_master_000048,/home/ray/Desktop/mkuru/dataset/segmented/6vNZzV0PYsQ_Enter_The_Dragon____Mkurugen/6vNZzV0PYsQ_Enter_The_Dragon____Mkurugen_00065.wav,12.96,"Ei, misdeju akuna laptop za pesa nii giva. So, ubo ya kwa naibya kwa na wa wa wa wa wa. Patronili simu, ei, hata ilapini, yatari. So, akatulia. Sasa ubo ya, mwenye na ibiwa, pa vile lise manata kwinge Oshrun kiasi.","Ei, misdeju akuna laptop za pesa nii giva. So, ubo ya alikuwa anaiibia wa. patrol ya simu, ei, hata hii laptop ni hatari. So, akatulia. Sasa ubo ya, mwenye anaibiwa, pa vile lise manata kuingia washroom kiasi.","Ei, misdeju akuna laptop za pesa nii giva. So, ubo ya alikuwa anaiibia wa. patrol ya simu, ei, hata hii laptop ni hatari. So, akatulia. Sasa ubo ya, mwenye anaibiwa, pa vile lise manata kuingia washroom kiasi.",sw-KE
sheng_master_000049,/home/ray/Desktop/mkuru/dataset/segmented/6vNZzV0PYsQ_Enter_The_Dragon____Mkurugen/6vNZzV0PYsQ_Enter_The_Dragon____Mkurugen_00066.wav,12.44,"Si jamakafu raya kajua, apatruo mio simuimenda yo, ila PPI kai, ina nda naia. Jamakamu kaka nda washroom. Manze, jamakie nda tukush kalapto pibisa sana fungi atoke, ule boi akarudi. Akamu mbye.","Si jamakafu raya kajua, apatruo mio simuimenda yo, ila PPI kai, ina nda naia. Jamakamu kaka nda washroom. Manze, jamakie nda tukush kalapto pibisa sana fungi atoke, ule boi akarudi. Akamu mbye.","Si jamakafu raya kajua, apatruo mio simuimenda yo, ila PPI kai, ina nda naia. Jamakamu kaka nda washroom. Manze, jamakie nda tukush kalapto pibisa sana fungi atoke, ule boi akarudi. Akamu mbye.",sw-KE
sheng_master_000050,/home/ray/Desktop/mkuru/dataset/segmented/6vNZzV0PYsQ_Enter_The_Dragon____Mkurugen/6vNZzV0PYsQ_Enter_The_Dragon____Mkurugen_00067.wav,12.55,"Baju asasu yu anko yaku amenda na yu phone na siko shua, wacha nisi risk, nisi kuwachena, na easy, wunezapia weni fanyambaya. Akafunga laptopia kia kaiwe kakwa bag na kachukwa hile simu yu iPhone, yu Android demand.","Baju asasu yu anko yaku amenda na yu phone na siko shua, wacha nisi risk, nisi kuwachena, na easy, wunezapia weni fanyambaya. Akafunga laptopia kia kaiwe kakwa bag na kachukwa hile simu yu iPhone, yu Android demand.","Baju asasu yu anko yaku amenda na yu phone na siko shua, wacha nisi risk, nisi kuwachena, na easy, wunezapia weni fanyambaya. Akafunga laptopia kia kaiwe kakwa bag na kachukwa hile simu yu iPhone, yu Android demand.",sw-KE
sheng_master_000051,/home/ray/Desktop/mkuru/dataset/segmented/6vNZzV0PYsQ_Enter_The_Dragon____Mkurugen/6vNZzV0PYsQ_Enter_The_Dragon____Mkurugen_00068.wav,13.55,"Akaseti kwa bagna, aka nda naia wapi, woshoom. Boiwetu akasema haizuru. Ata kama iyo laptopia pesa mingini mei hata, si bro anko yango amenda nasimu. Aka changam kanae nasimu. Na hivo mihuali ishia, wame kula simu ya wa raka fasta.","Akaseti kwa bagna, aka nda naia wapi, woshoom. Boiwetu akasema haizuru. Ata kama iyo laptopia pesa mingini mei hata, si bro anko yango amenda nasimu. Aka changam kanae nasimu. Na hivo mihuali ishia, wame kula simu ya wa raka fasta.","Akaseti kwa bagna, aka nda naia wapi, woshoom. Boiwetu akasema haizuru. Ata kama iyo laptopia pesa mingini mei hata, si bro anko yango amenda nasimu. Aka changam kanae nasimu. Na hivo mihuali ishia, wame kula simu ya wa raka fasta.",sw-KE
sheng_master_000052,/home/ray/Desktop/mkuru/dataset/segmented/6vNZzV0PYsQ_Enter_The_Dragon____Mkurugen/6vNZzV0PYsQ_Enter_The_Dragon____Mkurugen_00069.wav,13.53,"So, a few minutes later, wana pata text, so niwyu, boiwe mdogo ndi wana pata text, kuto kakule boiwe wame hii bia. Na hii text na sema...","So, a few minutes later, wana pata text, so niwyu, boiwe mdogo ndi wana pata text, kuto kakule boiwe wame hii bia. Na hii text na sema...","So, a few minutes later, wana pata text, so niwyu, boiwe mdogo ndi wana pata text, kuto kakule boiwe wame hii bia. Na hii text na sema...",sw-KE
sheng_master_000053,/home/ray/Desktop/mkuru/dataset/segmented/6vNZzV0PYsQ_Enter_The_Dragon____Mkurugen/6vNZzV0PYsQ_Enter_The_Dragon____Mkurugen_00070.wav,11.81,"First of all I jakuja kama text, ilikuja kama pop-up kwa simuake, it's like a pop-up. I hope siku ni ibiya mumeni ibiya, jamakai lenga.","First of all I jakuja kama text, ilikuja kama pop-up kwa simuake, it's like a pop-up. I hope siku ni ibiya mumeni ibiya, jamakai lenga.","First of all I jakuja kama text, ilikuja kama pop-up kwa simuake, it's like a pop-up. I hope siku ni ibiya mumeni ibiya, jamakai lenga.",sw-KE
sheng_master_000054,/home/ray/Desktop/mkuru/dataset/segmented/6vNZzV0PYsQ_Enter_The_Dragon____Mkurugen/6vNZzV0PYsQ_Enter_The_Dragon____Mkurugen_00071.wav,13.13,"Ako respond, juwame mwibia, si wame nda. After some time, isi mwikalia. Kulia, wule jamakwa ambia, cheki na wapati opportunity ngine ya kure kebisha. Maalitu mumeni wacha.","Ako respond, juwame mwibia, si wame nda. After some time, isi mwikalia. Kulia, wule jamakwa ambia, cheki na wapati opportunity ngine ya kure kebisha. Maalitu mumeni wacha.","Ako respond, juwame mwibia, si wame nda. After some time, isi mwikalia. Kulia, wule jamakwa ambia, cheki na wapati opportunity ngine ya kure kebisha. Maalitu mumeni wacha.",sw-KE
sheng_master_000055,/home/ray/Desktop/mkuru/dataset/segmented/6vNZzV0PYsQ_Enter_The_Dragon____Mkurugen/6vNZzV0PYsQ_Enter_The_Dragon____Mkurugen_00072.wav,13.31,"Kujeni, nirudishi eni tu kila kitu yangu nita asimakuna kitu mbae mefa nika, nimu ndenji enu, mimi nende, jiya yangu, wuki jana akam tukana, kama mwa biyabana wewa wuna akili jwa wuki ibiwa.","Kujeni, nirudishi eni tu kila kitu yangu nita asimakuna kitu mbae mefa nika, nimu ndenji enu, mimi nende, jiya yangu, kijana akamtukana, kama mwizi bana wewe huna akili ya kuibiwa.","Kujeni, nirudishi eni tu kila kitu yangu nita asimakuna kitu mbae mefa nika, nimu ndenji enu, mimi nende, jiya yangu, kijana akamtukana, kama mwizi bana wewe huna akili ya kuibiwa.",sw-KE
sheng_master_000056,/home/ray/Desktop/mkuru/dataset/segmented/6vNZzV0PYsQ_Enter_The_Dragon____Mkurugen/6vNZzV0PYsQ_Enter_The_Dragon____Mkurugen_00073.wav,13.09,"We na mnaga ya niwewe. Ha ya, we we tu, saafi. Na ibo sindio kwa me pene nasini.","We na mnaga ya niwewe. Ha ya, we tu, saafi. Na ibo sindio kwa me pene nasini.","We na mnaga ya niwewe. Ha ya, we tu, saafi. Na ibo sindio kwa me pene nasini.",sw-KE
sheng_master_000057,/home/ray/Desktop/mkuru/dataset/segmented/6vNZzV0PYsQ_Enter_The_Dragon____Mkurugen/6vNZzV0PYsQ_Enter_The_Dragon____Mkurugen_00074.wav,13.39,"So kutoka apu, first stop, inakwa gani kwa amusewa oflani watek. Umusewa watek kazi ake, nikwenda kusafisha simu, kabisa. Wakanda anko akampatia, yo simu wamechukua.","So kutoka apu, first stop, inakwa gani kwa amusewa oflani watek. Umusewa watek kazi ake, nikwenda kusafisha simu, kabisa. Wakanda anko akampatia, yo simu wamechukua.","So kutoka apu, first stop, inakwa gani kwa amusewa oflani watek. Umusewa watek kazi ake, nikwenda kusafisha simu, kabisa. Wakanda anko akampatia, yo simu wamechukua.",sw-KE
sheng_master_000058,/home/ray/Desktop/mkuru/dataset/segmented/6vNZzV0PYsQ_Enter_The_Dragon____Mkurugen/6vNZzV0PYsQ_Enter_The_Dragon____Mkurugen_00075.wav,13.49,"Androidio Sampsan, ankoa kaisa fish, I mean, misewa teka kaisa fish akabisa, ikarudim pia. Then ankoa kachuku wasim kada kaweka, kwa yosim, sasa kanzaku itumia. Ami kliya kabisa kila, iya ni?","Androidio Sampsan, ankoa kaisa fish, I mean, misewa teka kaisa fish akabisa, ikarudim pia. Then ankoa kachuku wasim kada kaweka, kwa yosim, sasa kanzaku itumia. Ami kliya kabisa kila, iya ni?","Androidio Sampsan, ankoa kaisa fish, I mean, misewa teka kaisa fish akabisa, ikarudim pia. Then ankoa kachuku wasim kada kaweka, kwa yosim, sasa kanzaku itumia. Ami kliya kabisa kila, iya ni?",sw-KE
sheng_master_000059,/home/ray/Desktop/mkuru/dataset/segmented/6vNZzV0PYsQ_Enter_The_Dragon____Mkurugen/6vNZzV0PYsQ_Enter_The_Dragon____Mkurugen_00076.wav,13.21,"Kabisa. So, hii kakwa hii ondi yosi muyake. Hii oji onni wakiyenda kulala. Eee... Kuna kitu ali kwa nafaa fanya. Kuna a transaction ali kwa nafaa make.","Kabisa. So, hii kakwa hii ondi yosi muyake. Hii oji onni wakiyenda kulala. Eee... Kuna kitu ali kwa nafaa fanya. Kuna a transaction ali kwa nafaa make.","Kabisa. So, hii kakwa hii ondi yosi muyake. Hii oji onni wakiyenda kulala. Eee... Kuna kitu ali kwa nafaa fanya. Kuna a transaction ali kwa nafaa make.",sw-KE
sheng_master_000060,/home/ray/Desktop/mkuru/dataset/segmented/6vNZzV0PYsQ_Enter_The_Dragon____Mkurugen/6vNZzV0PYsQ_Enter_The_Dragon____Mkurugen_00077.wav,12.62,"Kwa mpesa. Aka ingi ya mpesa, aka tuma do. Siji kama ilikwani renta, ilikwani lipa iusiku, ilikwani renta, juli kwa 45,000. Hawa ya ke li kwa 45,000. Aka tuma 45,000, maliyana tumaga kwa...","Kwa mpesa. Aka ingi ya mpesa, aka tuma do. Siji kama ilikwani renta, ilikwani lipa iusiku, ilikwani renta, juli kwa 45,000. Hawa ya ke li kwa 45,000. Aka tuma 45,000, maliyana tumaga kwa...","Kwa mpesa. Aka ingi ya mpesa, aka tuma do. Siji kama ilikwani renta, ilikwani lipa iusiku, ilikwani renta, juli kwa 45,000. Hawa ya ke li kwa 45,000. Aka tuma 45,000, maliyana tumaga kwa...",sw-KE
sheng_master_000061,/home/ray/Desktop/mkuru/dataset/segmented/6vNZzV0PYsQ_Enter_The_Dragon____Mkurugen/6vNZzV0PYsQ_Enter_The_Dragon____Mkurugen_00078.wav,13.61,"Landlord, I think he home to me ya kwa simuda erect. Na 45ke hi kaya nda. Kido kido gu ana pata message ya kusema ili 45ke alitu ma, ime kwa reversed back to his phone. So anashindo kwa ni ni na reverse iwa.","Landlord, I think he home to me ya kwa simuda erect. Na 45ke hi kaya nda. Kido gu ana pata message ya kusema ili 45ke alitu ma, ime kwa reversed back to his phone. So anashindo kwa ni na reverse iwa.","Landlord, I think he home to me ya kwa simuda erect. Na 45ke hi kaya nda. Kido gu ana pata message ya kusema ili 45ke alitu ma, ime kwa reversed back to his phone. So anashindo kwa ni na reverse iwa.",sw-KE
sheng_master_000062,/home/ray/Desktop/mkuru/dataset/segmented/6vNZzV0PYsQ_Enter_The_Dragon____Mkurugen/6vNZzV0PYsQ_Enter_The_Dragon____Mkurugen_00079.wav,12.88,"Konzana nda na confirm anona ya, nikona pesa, 180-something thousand. Soata nikitua 45, nikona kawan 30-something kame baki. Mona siyele kwa ni nina riversiyo, ama maybe simuelandi meja.","Konzana nda na confirm anona ya, nikona pesa, 180-something thousand. Soata nikitua 45, nikona kawan 30-something kame baki. Mona siyele kwa nina riversiyo, ama maybe simuelandi meja.","Konzana nda na confirm anona ya, nikona pesa, 180-something thousand. Soata nikitua 45, nikona kawan 30-something kame baki. Mona siyele kwa nina riversiyo, ama maybe simuelandi meja.",sw-KE
sheng_master_000063,/home/ray/Desktop/mkuru/dataset/segmented/6vNZzV0PYsQ_Enter_The_Dragon____Mkurugen/6vNZzV0PYsQ_Enter_The_Dragon____Mkurugen_00080.wav,13.97,"Juhu simu ikijana uki tuma iwezi, iwezi tukua. Before atapige simu kwa landon kumulizani aje mbona na tuma rent in a roody, ana pata mesejin gine. One hundred and thirty thousand chap ime tolewa, ime ndawapi.","Juhu simu ikijana uki tuma iwezi tukua. Before atapige simu kwa landon kumulizani aje mbona na tuma rent in a roody, ana pata mesejin gine. One hundred and thirty thousand chap ime tolewa, ime ndawapi.","Juhu simu ikijana uki tuma iwezi tukua. Before atapige simu kwa landon kumulizani aje mbona na tuma rent in a roody, ana pata mesejin gine. One hundred and thirty thousand chap ime tolewa, ime ndawapi.",sw-KE
sheng_master_000064,/home/ray/Desktop/mkuru/dataset/segmented/6vNZzV0PYsQ_Enter_The_Dragon____Mkurugen/6vNZzV0PYsQ_Enter_The_Dragon____Mkurugen_00081.wav,11.4,"Kosiju akwuntu gani me endakununu wa bitcoin. Aga shindu angoja fast. Idoi me tokaje ko empesa hangu ne endakununu wa bitcoin, aje, nininiyu ina happen. Kidogo, kidogo!","Kosiju akwuntu gani me endakununu wa bitcoin. Aga shindu angoja fast. Idoi me tokaje ko empesa hangu ne endakununu wa bitcoin, aje, nininiyu ina happen. Kidogo!","Kosiju akwuntu gani me endakununu wa bitcoin. Aga shindu angoja fast. Idoi me tokaje ko empesa hangu ne endakununu wa bitcoin, aje, nininiyu ina happen. Kidogo!",sw-KE
sheng_master_000065,/home/ray/Desktop/mkuru/dataset/segmented/6vNZzV0PYsQ_Enter_The_Dragon____Mkurugen/6vNZzV0PYsQ_Enter_The_Dragon____Mkurugen_00083.wav,12.71,"Manze nili kwa na tu pesa kwa mpesa na kutana na ma mesej tu, pap, hii me nda, hii me nunu wa bitcoin. Pap, hii me tolewa emishuari, hii me ingiwa kwa mpesa yango, hii me nda, hii me nunu wa bitcoin.","Manze nili kwa na tu pesa kwa mpesa na kutana na ma mesej tu, pap, hii me nda, hii me nunu wa bitcoin. Pap, hii me tolewa emishuari, hii me ingiwa kwa mpesa yango, hii me nda, hii me nunu wa bitcoin.","Manze nili kwa na tu pesa kwa mpesa na kutana na ma mesej tu, pap, hii me nda, hii me nunu wa bitcoin. Pap, hii me tolewa emishuari, hii me ingiwa kwa mpesa yango, hii me nda, hii me nunu wa bitcoin.",sw-KE
sheng_master_000066,/home/ray/Desktop/mkuru/dataset/segmented/6vNZzV0PYsQ_Enter_The_Dragon____Mkurugen/6vNZzV0PYsQ_Enter_The_Dragon____Mkurugen_00084.wav,12.91,"Uyumungida na mbombia, tamemi mme dwewe, mme tukutu ma rent, kwa landi, ika riversiwa, then chape yote, ika ishia. Nikama maze, tunasafishwa, nasiju ni nini na hapen. Dwekawa hitu, wa, wa, wa, wa, wa.","Uyumungida na mbombia, tamemi mme dwewe, mme tukutu ma rent, kwa landi, ika riversiwa, then chape yote, ika ishia. Nikama maze, tunasafishwa, nasiju ni na hapen. Dwekawa hitu, wa.","Uyumungida na mbombia, tamemi mme dwewe, mme tukutu ma rent, kwa landi, ika riversiwa, then chape yote, ika ishia. Nikama maze, tunasafishwa, nasiju ni na hapen. Dwekawa hitu, wa.",sw-KE
sheng_master_000067,/home/ray/Desktop/mkuru/dataset/segmented/6vNZzV0PYsQ_Enter_The_Dragon____Mkurugen/6vNZzV0PYsQ_Enter_The_Dragon____Mkurugen_00086.wav,9.61,"Ali, toa simu katu kwa simu ya kekaka kwa simu ya wu, jamat doa natumi yasai. So, maybe humsia kona access juu, ali fani ezi phones kitu.","Ali, toa simu katu kwa simu ya kekaka kwa simu ya wu, jamat doa natumi yasai. So, maybe humsia kona access juu, ali fani ezi phones kitu.","Ali, toa simu katu kwa simu ya kekaka kwa simu ya wu, jamat doa natumi yasai. So, maybe humsia kona access juu, ali fani ezi phones kitu.",sw-KE
sheng_master_000068,/home/ray/Desktop/mkuru/dataset/segmented/6vNZzV0PYsQ_Enter_The_Dragon____Mkurugen/6vNZzV0PYsQ_Enter_The_Dragon____Mkurugen_00088.wav,13.46,"1.3 million from your family bank account has been sent to Anko. So uniki jana. Ulajio eniki jana, wame iba ita unbaka kwa account ako na mita na. Yo mita, inajkulio ina peli kwa kwa Anko. Alambia Anko, weh!","1.3 million from your family bank account has been sent to Anko. So uniki jana. Ulajio eniki jana, wame iba ita unbaka kwa account ako na mita na. Yo mita, inajkulio ina peli kwa Anko. Alambia Anko, weh!","1.3 million from your family bank account has been sent to Anko. So uniki jana. Ulajio eniki jana, wame iba ita unbaka kwa account ako na mita na. Yo mita, inajkulio ina peli kwa Anko. Alambia Anko, weh!",sw-KE
sheng_master_000069,/home/ray/Desktop/mkuru/dataset/segmented/6vNZzV0PYsQ_Enter_The_Dragon____Mkurugen/6vNZzV0PYsQ_Enter_The_Dragon____Mkurugen_00089.wav,9.42,Mase kuna doi me tole wako akwanti angu yi mepele kwa kwa kwa kwa kwa kwa kwa kwa kwa kwa kwa kwa kwa kwa kwa kwa kwa kwa kwa kwa kwa kwa kwa kwa kwa kwa kwa kwa kwa kwa kwa kwa kwa kwa kwa kwa kwa kwa kwa kwa kwa kwa kwa kwa kwa kwa kwa kwa kwa kwa kwa kwa kwa kwa kwa kwa kwa kwa kwa kwa kwa kwa kwa kwa kwa kwa kwa kwa kwa kwa kwa kwa kwa kwa kwa kwa kwa kwa kwa kwa kwa kwa kwa kwa kwa kwa kwa kwa kwa kwa kwa kwa kwa kwa kwa kwa kwa kwa kwa kwa kwa,Mase kuna doi me tole wako akwanti angu yi mepele kwa,Mase kuna doi me tole wako akwanti angu yi mepele kwa,sw-KE
sheng_master_000070,/home/ray/Desktop/mkuru/dataset/segmented/6vNZzV0PYsQ_Enter_The_Dragon____Mkurugen/6vNZzV0PYsQ_Enter_The_Dragon____Mkurugen_00090.wav,11.79,"Kido kido go, ala ingi ya kwa account kuku confirm, kamo kweli 1.3 ili yande ka gonga account ya kendi katoleo, hana nda na pata account ya kiko empty, zero, ala shindo wei, nili kwa na milionita tu na kituku account ya nguymenda api.","Kido go, ala ingi ya kwa account kuku confirm, kamo kweli 1.3 ili yande ka gonga account ya kendi katoleo, hana nda na pata account ya kiko empty, zero, ala shindo wei, nili kwa na milionita tu na kituku account ya nguymenda api.","Kido go, ala ingi ya kwa account kuku confirm, kamo kweli 1.3 ili yande ka gonga account ya kendi katoleo, hana nda na pata account ya kiko empty, zero, ala shindo wei, nili kwa na milionita tu na kituku account ya nguymenda api.",sw-KE
sheng_master_000071,/home/ray/Desktop/mkuru/dataset/segmented/6vNZzV0PYsQ_Enter_The_Dragon____Mkurugen/6vNZzV0PYsQ_Enter_The_Dragon____Mkurugen_00091.wav,11.38,"Imepele kwa kwa accountia kijana, ya family bank badu. Jamana ingi kwa account anapatakona 5.3, bifua fanyekitu, imesha to lewa. Imendawapi, kununu wa bitcoin. Jesus Christ.","Imepele kwa accountia kijana, ya family bank badu. Jamana ingi kwa account anapatakona 5.3, bifua fanyekitu, imesha to lewa. Imendawapi, kununu wa bitcoin. Jesus Christ.","Imepele kwa accountia kijana, ya family bank badu. Jamana ingi kwa account anapatakona 5.3, bifua fanyekitu, imesha to lewa. Imendawapi, kununu wa bitcoin. Jesus Christ.",sw-KE
sheng_master_000072,/home/ray/Desktop/mkuru/dataset/segmented/6vNZzV0PYsQ_Enter_The_Dragon____Mkurugen/6vNZzV0PYsQ_Enter_The_Dragon____Mkurugen_00092.wav,13.99,"Me na kwa mbio alikaivi macho mbaka asubui wa kingoji asubui kukuche, asubui ndio wana wana maadya busasa vizuri, kijana ananzaku receive, anko sijui nikama wali malzana, kijana ananzaku receive ma message.","Me na kwa mbio alikaivi macho mbaka asubui wa kingoji asubui kukuche, asubui ndio wana maadya busasa vizuri, kijana ananzaku receive, anko sijui nikama wali malzana, kijana ananzaku receive ma message.","Me na kwa mbio alikaivi macho mbaka asubui wa kingoji asubui kukuche, asubui ndio wana maadya busasa vizuri, kijana ananzaku receive, anko sijui nikama wali malzana, kijana ananzaku receive ma message.",sw-KE
sheng_master_000073,/home/ray/Desktop/mkuru/dataset/segmented/6vNZzV0PYsQ_Enter_The_Dragon____Mkurugen/6vNZzV0PYsQ_Enter_The_Dragon____Mkurugen_00093.wav,13.95,"Tingting, you have received 30,000 shillings from XYZ. Aki engali, wu XYZ nina ni nirafiki ake. Tingting, you have received 45,000 shillings from XYZ. Wu XYZ nina ni, oi, sijini, kazini akem gani.","Tingting, you have received 30,000 shillings from XYZ. Aki engali, wu XYZ nina nirafiki ake. Tingting, you have received 45,000 shillings from XYZ. Wu XYZ nina ni, oi, sijini, kazini akem gani.","Tingting, you have received 30,000 shillings from XYZ. Aki engali, wu XYZ nina nirafiki ake. Tingting, you have received 45,000 shillings from XYZ. Wu XYZ nina ni, oi, sijini, kazini akem gani.",sw-KE
sheng_master_000074,/home/ray/Desktop/mkuru/dataset/segmented/6vNZzV0PYsQ_Enter_The_Dragon____Mkurugen/6vNZzV0PYsQ_Enter_The_Dragon____Mkurugen_00094.wav,10.36,"Mbogi, 20,000 shillings, mbogi, mbogi, mbuki, mbuki, mbuki, mbuki, mbuki, mbuki, mbuki, mbuki, mbuki, mbuki, mbuki, mbuki, mbuki, mbuki, mbuki, mbuki, mbuki, mbuki, mbuki, mbuki, mbuki, mbuki, mbuki, mbuki, mbuki, mbuki, mbuki, mbuki, mbuki, mbuki, mbuki, mbuki, mbuki, mbuki, mbuki, mbuki, mbuki, mbuki, mbuki, mbuki, mbuki, mbuki, mbuki, mbuki, mbuki, mbuki, mbuki, mbuki, mbuki, mbuki, mbuki,","Mbogi, 20,000 shillings, mbogi, mbuki","Mbogi, 20,000 shillings, mbogi, mbuki",sw-KE
sheng_master_000075,/home/ray/Desktop/mkuru/dataset/segmented/6vNZzV0PYsQ_Enter_The_Dragon____Mkurugen/6vNZzV0PYsQ_Enter_The_Dragon____Mkurugen_00095.wav,7.56,"Ana patatu isu message you have received, lakini ya kenda kwa impressa balance, haiko, ido hi na tole wa tu. Olo wa sade na kanzaku receive za.","Ana patatu isu message you have received, lakini ya kenda kwa impressa balance, haiko, ido hi na tole wa tu. Olo wa sade na kanzaku receive za.","Ana patatu isu message you have received, lakini ya kenda kwa impressa balance, haiko, ido hi na tole wa tu. Olo wa sade na kanzaku receive za.",sw-KE
sheng_master_000076,/home/ray/Desktop/mkuru/dataset/segmented/6vNZzV0PYsQ_Enter_The_Dragon____Mkurugen/6vNZzV0PYsQ_Enter_The_Dragon____Mkurugen_00097.wav,12.65,"Marayo yoyo. So waka kimbia kwa msewa, waka tek, waka nda waka connect simu kwa masiniyake, wajaribuko, naka maku na kitu wana ezafanya ndani na wa stop, whatever it is ilkwe na hapena pondani.","Marayo yoyo. So waka kimbia kwa msewa, waka tek, waka nda waka connect simu kwa masiniyake, wajaribuko, naka maku na kitu wana ezafanya ndani na wa stop, whatever it is ilkwe na hapena pondani.","Marayo yoyo. So waka kimbia kwa msewa, waka tek, waka nda waka connect simu kwa masiniyake, wajaribuko, naka maku na kitu wana ezafanya ndani na wa stop, whatever it is ilkwe na hapena pondani.",sw-KE
sheng_master_000077,/home/ray/Desktop/mkuru/dataset/segmented/6vNZzV0PYsQ_Enter_The_Dragon____Mkurugen/6vNZzV0PYsQ_Enter_The_Dragon____Mkurugen_00098.wav,13.33,"Na vile yu phone, wali anza na yu phone yu anko, vile yu li konekti wapale kwa masini, kido kido go ika leta ni ni, kamaka video call, kuna video call i na hape. Na yu video call...","Na vile yu phone, wali anza na yu phone yu anko, vile yu li konekti wapale kwa masini, kido go ika leta ni, kamaka video call, kuna video call i na hape. Na yu video call...","Na vile yu phone, wali anza na yu phone yu anko, vile yu li konekti wapale kwa masini, kido go ika leta ni, kamaka video call, kuna video call i na hape. Na yu video call...",sw-KE
sheng_master_000078,/home/ray/Desktop/mkuru/dataset/segmented/6vNZzV0PYsQ_Enter_The_Dragon____Mkurugen/6vNZzV0PYsQ_Enter_The_Dragon____Mkurugen_00099.wav,13.59,"Ni huyo anko anapiga, munyei simu. So wile ali tukua, bide ono na face kabisa ni anko, kabisa? Na mevazilengu wali kwa mevajana, na naongia sa uti unas kia, ni anko lakiniu kiskiza fiti.","Ni huyo anko anapiga, munyei simu. So wile ali tukua, bide ono na face kabisa ni anko, kabisa? Na mevazilengu wali kwa mevajana, naongia sa uti unas kia, ni anko lakiniu kiskiza fiti.","Ni huyo anko anapiga, munyei simu. So wile ali tukua, bide ono na face kabisa ni anko, kabisa? Na mevazilengu wali kwa mevajana, naongia sa uti unas kia, ni anko lakiniu kiskiza fiti.",sw-KE
sheng_master_000079,/home/ray/Desktop/mkuru/dataset/segmented/6vNZzV0PYsQ_Enter_The_Dragon____Mkurugen/6vNZzV0PYsQ_Enter_The_Dragon____Mkurugen_00100.wav,13.56,"Uta skeyo sa uti, nikama ni engineered, nikama una jo vile masinu wongeya, but ime jaribu sana kumimik vile wongeya agad, but kis kiza feel ti uta feel kuna?","Uta skeyo sa uti, nikama ni engineered, nikama una jo vile masinu wongeya, but ime jaribu sana kumimik vile wongeya agad, but kis kiza feel ti uta feel kuna?","Uta skeyo sa uti, nikama ni engineered, nikama una jo vile masinu wongeya, but ime jaribu sana kumimik vile wongeya agad, but kis kiza feel ti uta feel kuna?",sw-KE
sheng_master_000080,/home/ray/Desktop/mkuru/dataset/segmented/6vNZzV0PYsQ_Enter_The_Dragon____Mkurugen/6vNZzV0PYsQ_Enter_The_Dragon____Mkurugen_00101.wav,13.16,"Kuna ka machine kako maali. But you need to be very keen. Like, ikiku patauki wa tu huwe shuglizako, then upate video kolio design uta skiza tu na huwa fanyakilu ume ambiwa. So basically video kolili kuwambia wa se maze.","Kuna ka machine kako maali. But you need to be very keen. Like, ikiku patauki wa tu huwe shuglizako, then upate video kolio design uta skiza tu na huwa fanyakilu ume ambiwa. So basically video kolili kuwambia wa se maze.","Kuna ka machine kako maali. But you need to be very keen. Like, ikiku patauki wa tu huwe shuglizako, then upate video kolio design uta skiza tu na huwa fanyakilu ume ambiwa. So basically video kolili kuwambia wa se maze.",sw-KE
sheng_master_000081,/home/ray/Desktop/mkuru/dataset/segmented/6vNZzV0PYsQ_Enter_The_Dragon____Mkurugen/6vNZzV0PYsQ_Enter_The_Dragon____Mkurugen_00102.wav,11.38,"Niliwapati ya opportunity ya kudu good mukafanya baya. So yo nile sonienu na muka imkijua mi nimbaya, kuno atu wa kuchokoza, mi misi one of them.","Niliwapati ya opportunity ya kudu good mukafanya baya. So yo nile sonienu na muka imkijua mi nimbaya, kuno atu wa kuchokoza, misi one of them.","Niliwapati ya opportunity ya kudu good mukafanya baya. So yo nile sonienu na muka imkijua mi nimbaya, kuno atu wa kuchokoza, misi one of them.",sw-KE
sheng_master_000082,/home/ray/Desktop/mkuru/dataset/segmented/6vNZzV0PYsQ_Enter_The_Dragon____Mkurugen/6vNZzV0PYsQ_Enter_The_Dragon____Mkurugen_00103.wav,13.24,"Mhara iyo iyo maze machini, siji ni ni li hapena po, ika li self-destruct, li anza tukutu wa moshi apo. Na kwa iyo process, ili effect mpa ka ni ni, machini ya uyum sewa wa take.","Mhara iyo maze machini, siji ni li hapena po, ika li self-destruct, li anza tukutu wa moshi apo. Na kwa iyo process, ili effect mpa ka ni, machini ya uyum sewa wa take.","Mhara iyo maze machini, siji ni li hapena po, ika li self-destruct, li anza tukutu wa moshi apo. Na kwa iyo process, ili effect mpa ka ni, machini ya uyum sewa wa take.",sw-KE
sheng_master_000083,/home/ray/Desktop/mkuru/dataset/segmented/6vNZzV0PYsQ_Enter_The_Dragon____Mkurugen/6vNZzV0PYsQ_Enter_The_Dragon____Mkurugen_00104.wav,8.74,"Kwanza, bifu hii video ko li kam, kuna doo wali ko ame kopa, wali sema, wali ambi yam se wa take.","Kwanza, bifu hii video ko li kam, kuna doo wali ko ame kopa, wali sema, wali ambi yam se wa take.","Kwanza, bifu hii video ko li kam, kuna doo wali ko ame kopa, wali sema, wali ambi yam se wa take.",sw-KE
sheng_master_000084,/home/ray/Desktop/mkuru/dataset/segmented/6vNZzV0PYsQ_Enter_The_Dragon____Mkurugen/6vNZzV0PYsQ_Enter_The_Dragon____Mkurugen_00105.wav,12.72,"Atumie 16,000 watume wapi kuna kitu iliku na faidu yo pesa. Umse wa tek vile li tuma, I don't know, kuna kitu tu ili hape. Ni odo iku nda ukumali wali kuwa nafa watume.","Atumie 16,000 watume wapi kuna kitu iliku na faidu yo pesa. Umse wa tek vile li tuma, I don't know, kuna kitu tu ili hape. Ni odo iku nda ukumali wali kuwa nafa watume.","Atumie 16,000 watume wapi kuna kitu iliku na faidu yo pesa. Umse wa tek vile li tuma, I don't know, kuna kitu tu ili hape. Ni odo iku nda ukumali wali kuwa nafa watume.",sw-KE
sheng_master_000085,/home/ray/Desktop/mkuru/dataset/segmented/6vNZzV0PYsQ_Enter_The_Dragon____Mkurugen/6vNZzV0PYsQ_Enter_The_Dragon____Mkurugen_00106.wav,8.74,"Iyo stori kuna kitu siku e lewa apu. But anyway, iyo 16,000 ni amtua teki li po teya, then machinia ke ika li puka. Nisa watae kaka jamu.","Iyo stori kuna kitu siku e lewa apu. But anyway, iyo 16,000 ni amtua teki li po teya, then machinia ke ika li puka. Nisa watae kaka jamu.","Iyo stori kuna kitu siku e lewa apu. But anyway, iyo 16,000 ni amtua teki li po teya, then machinia ke ika li puka. Nisa watae kaka jamu.",sw-KE
sheng_master_000086,/home/ray/Desktop/mkuru/dataset/segmented/6vNZzV0PYsQ_Enter_The_Dragon____Mkurugen/6vNZzV0PYsQ_Enter_The_Dragon____Mkurugen_00107.wav,13.24,"Akanza kuleta, piye noma. Ali piga-pigya nuru apo wasewa kaka mo kanza kuva, vidya na apo, vitambaya. Ejuei historiote. So awasewa ka onani noma, waka ondo kia, waka nda ocha, waka rudi.","Akanza kuleta, piye noma. Ali piga-pigya nuru apo wasewa kaka mo kanza kuva, vidya na apo, vitambaya. Ejuei historiote. So awasewa ka onani noma, waka ondo kia, waka nda ocha, waka rudi.","Akanza kuleta, piye noma. Ali piga-pigya nuru apo wasewa kaka mo kanza kuva, vidya na apo, vitambaya. Ejuei historiote. So awasewa ka onani noma, waka ondo kia, waka nda ocha, waka rudi.",sw-KE
sheng_master_000087,/home/ray/Desktop/mkuru/dataset/segmented/6vNZzV0PYsQ_Enter_The_Dragon____Mkurugen/6vNZzV0PYsQ_Enter_The_Dragon____Mkurugen_00109.wav,12.96,"Wakama mombia, ukone Nairobi wame pigo na wakora, awa kwa ndakara waka seti wakora, na sasa wakora wana takaku wa fanyambaya. Sasa ndi wame bidi wakujwa jifite, usyago, but that was not true, yailu kwa ni katatu. Sasa juzi.","Wakama mombia, ukone Nairobi wame pigo na wakora, awa kwa ndakara waka seti wakora, na sasa wakora wana takaku wa fanyambaya. Sasa ndi wame bidi wakujwa jifite, usyago, but that was not true, yailu kwa ni katatu. Sasa juzi.","Wakama mombia, ukone Nairobi wame pigo na wakora, awa kwa ndakara waka seti wakora, na sasa wakora wana takaku wa fanyambaya. Sasa ndi wame bidi wakujwa jifite, usyago, but that was not true, yailu kwa ni katatu. Sasa juzi.",sw-KE
sheng_master_000088,/home/ray/Desktop/mkuru/dataset/segmented/6vNZzV0PYsQ_Enter_The_Dragon____Mkurugen/6vNZzV0PYsQ_Enter_The_Dragon____Mkurugen_00110.wav,13.95,"Nde uyu kijanam dogo, amefungu kia uyu kazi niya ke exactly what happened. So kazi niya ke ndiwa, akakama kani patiai stori. So miitaini utena, so maik stori na jibiliza. First of all ni possible, izibitu zote.","Nde uyu kijanam dogo, amefungu kia uyu kazi niya ke exactly what happened. So kazi niya ke ndiwa, akakama kani patiai stori. So miitaini utena, so maik stori na jibiliza. First of all ni possible, izibitu zote.","Nde uyu kijanam dogo, amefungu kia uyu kazi niya ke exactly what happened. So kazi niya ke ndiwa, akakama kani patiai stori. So miitaini utena, so maik stori na jibiliza. First of all ni possible, izibitu zote.",sw-KE
sheng_master_000089,/home/ray/Desktop/mkuru/dataset/segmented/6vNZzV0PYsQ_Enter_The_Dragon____Mkurugen/6vNZzV0PYsQ_Enter_The_Dragon____Mkurugen_00111.wav,13.46,"Uneza pati yemtu simu, akute nge neze yo design yani, baka sana anapiga zile ma video za deep fake, anapigia watu ako, maze wana washa simu, wana kuona, like nwiwe wana unge ya wana.","unaweza pati yemtu simu, akute nge neze yo design yani, baka sana anapiga zile ma video za deep fake, anapigia watu ako, maze wana washa simu, wana kuona, like nwiwe wana unge ya wana.","unaweza pati yemtu simu, akute nge neze yo design yani, baka sana anapiga zile ma video za deep fake, anapigia watu ako, maze wana washa simu, wana kuona, like nwiwe wana unge ya wana.",sw-KE
sheng_master_000090,/home/ray/Desktop/mkuru/dataset/segmented/6vNZzV0PYsQ_Enter_The_Dragon____Mkurugen/6vNZzV0PYsQ_Enter_The_Dragon____Mkurugen_00112.wav,10.56,"Hei, maze ni kajiwa pa ndjekuna wa tuatari. Ya ni na, kila mdum, baka demia wuki jana, ali safishu apos du 23,000.","Hei, maze ni kajiwa pa ndjekuna wa tuatari. Ya ni na, kila mdum, baka demia wuki jana, ali safishu apos du 23,000.","Hei, maze ni kajiwa pa ndjekuna wa tuatari. Ya ni na, kila mdum, baka demia wuki jana, ali safishu apos du 23,000.",sw-KE
sheng_master_000091,/home/ray/Desktop/mkuru/dataset/segmented/6vNZzV0PYsQ_Enter_The_Dragon____Mkurugen/6vNZzV0PYsQ_Enter_The_Dragon____Mkurugen_00113.wav,13.37,"So, in totola watua wili combined wali poteza more than 5 million shillings. Jwali nda kwee bia msa mbaya. Kumbe wama nda kwee bia sasa Don Collion. Hei!","So, in totola watua wili combined wali poteza more than 5 million shillings. Jwali nda kwee bia msa mbaya. Kumbe wama nda kwee bia sasa Don Collion. Hei!","So, in totola watua wili combined wali poteza more than 5 million shillings. Jwali nda kwee bia msa mbaya. Kumbe wama nda kwee bia sasa Don Collion. Hei!",sw-KE
sheng_master_000092,/home/ray/Desktop/mkuru/dataset/segmented/6vNZzV0PYsQ_Enter_The_Dragon____Mkurugen/6vNZzV0PYsQ_Enter_The_Dragon____Mkurugen_00114.wav,13.86,"E ni noma. So, wiyom se mwanya mepege yo shugli. Kuna niweka kupo position numbaya, nile position niya, what you've done is not good at.","E ni noma. So, wiyom se mwanya mepege yo shugli. Kuna niweka kupo position numbaya, nile position niya, what you've done is not good at.","E ni noma. So, wiyom se mwanya mepege yo shugli. Kuna niweka kupo position numbaya, nile position niya, what you've done is not good at.",sw-KE
sheng_master_000093,/home/ray/Desktop/mkuru/dataset/segmented/6vNZzV0PYsQ_Enter_The_Dragon____Mkurugen/6vNZzV0PYsQ_Enter_The_Dragon____Mkurugen_00115.wav,11.46,"But you were doing it to criminals, so to kia mua tu angali e kando ki dogo. Sibasi tu naiza ndale ya tu nai okiasi.","But you were doing it to criminals, so to kia mua tu angali e kando ki dogo. Sibasi tu naiza ndale ya tu nai okiasi.","But you were doing it to criminals, so to kia mua tu angali e kando ki dogo. Sibasi tu naiza ndale ya tu nai okiasi.",sw-KE
sheng_master_000094,/home/ray/Desktop/mkuru/dataset/segmented/6vNZzV0PYsQ_Enter_The_Dragon____Mkurugen/6vNZzV0PYsQ_Enter_The_Dragon____Mkurugen_00116.wav,12.62,"Nimi nito keinja niku taftiye namba za mabungi. Watu wumbawa na tupanya, fanya mbae niku tengeneze, then wewe ufa nye mambuha ku.","Nimi nito keinja niku taftiye namba za mabungi. Watu wumbawa na tupanya, fanya mbae niku tengeneze, then wewe ufa nye mambuha ku.","Nimi nito keinja niku taftiye namba za mabungi. Watu wumbawa na tupanya, fanya mbae niku tengeneze, then wewe ufa nye mambuha ku.",sw-KE
sheng_master_000095,/home/ray/Desktop/mkuru/dataset/segmented/6vNZzV0PYsQ_Enter_The_Dragon____Mkurugen/6vNZzV0PYsQ_Enter_The_Dragon____Mkurugen_00118.wav,13.94,Tuna nda tuna tengeneza hospitali. Tuta sa idea hii enchi. Bye. Anyway. Ya. It is what it is so...,Tuna nda tuna tengeneza hospitali. Tuta sa idea hii enchi. Bye. Anyway. Ya. It is what it is so...,Tuna nda tuna tengeneza hospitali. Tuta sa idea hii enchi. Bye. Anyway. Ya. It is what it is so...,sw-KE
sheng_master_000096,/home/ray/Desktop/mkuru/dataset/segmented/6vNZzV0PYsQ_Enter_The_Dragon____Mkurugen/6vNZzV0PYsQ_Enter_The_Dragon____Mkurugen_00119.wav,13.33,"I guess, more or liye, stori ni tukwetu kiafuna ndizima place nduna plug-in, plug-in, masimu. Oh, oh, yeni kompite ako, neza itu mi ya kuchaj. Ayu never know. Aya.","I guess, more or liye, stori ni tukwetu kiafuna ndizima place nduna plug-in, masimu. Oh, yeni kompite ako, neza itu mi ya kuchaj. Ayu never know. Aya.","I guess, more or liye, stori ni tukwetu kiafuna ndizima place nduna plug-in, masimu. Oh, yeni kompite ako, neza itu mi ya kuchaj. Ayu never know. Aya.",sw-KE
sheng_master_000097,/home/ray/Desktop/mkuru/dataset/segmented/6vNZzV0PYsQ_Enter_The_Dragon____Mkurugen/6vNZzV0PYsQ_Enter_The_Dragon____Mkurugen_00120.wav,5.91,Tuko na nabata esku chachi. Tendi fungi ya pohime kuatru sana nini wachwangu wu adiyos mu chachos.,Tuko nabata esku chachi. Tendi fungi ya pohime kuatru sana nini wachwangu wu adiyos mu chachos.,Tuko nabata esku chachi. Tendi fungi ya pohime kuatru sana nini wachwangu wu adiyos mu chachos.,sw-KE
sheng_master_000098,/home/ray/Desktop/mkuru/dataset/segmented/gn3q-QJO2cw_Kenya_s_Super_Athletes____Mk/gn3q-QJO2cw_Kenya_s_Super_Athletes____Mk_00000.wav,13.41,"Wakurugenzi, ma man, mkurugenzi, minisodes na kama kei, kablas jengi ya kwa hii kaya, you definitely know what we're about to do man, lazima to skume a super shout out to our super customer of the day, na waleo.","Wakurugenzi, man, Mkurugenzi, minisodes na kama kei, kablas jengi ya kwa hii kaya, you definitely know what we're about to do man, lazima to skume a super shout out to our super customer of the day, na waleo.","Wakurugenzi, man, Mkurugenzi, minisodes na kama kei, kablas jengi ya kwa hii kaya, you definitely know what we're about to do man, lazima to skume a super shout out to our super customer of the day, na waleo.",sw-KE
sheng_master_000099,/home/ray/Desktop/mkuru/dataset/segmented/gn3q-QJO2cw_Kenya_s_Super_Athletes____Mk/gn3q-QJO2cw_Kenya_s_Super_Athletes____Mk_00001.wav,13.48,Ni nan avaban Elsie Washi raa alo Saksana Elsie ben,Ni nan avaban Elsie Washi raa alo Saksana Elsie ben,Ni nan avaban Elsie Washi raa alo Saksana Elsie ben,sw-KE
sheng_master_000100,/home/ray/Desktop/mkuru/dataset/segmented/gn3q-QJO2cw_Kenya_s_Super_Athletes____Mk/gn3q-QJO2cw_Kenya_s_Super_Athletes____Mk_00002.wav,13.16,"Dapale, anybody else manja lingia palia kafa niya mamboa ya ke piya tunap, cheki asa sana, santa sana, pigenizu vitu man. Eee, muna ona na name piga gwanda ya white leo he, inia mutu yote aja ingiha kwa yosa.","Dapale, anybody else manja lingia palia kafa niya mamboa ya ke piya tunap, cheki asa sana, santa sana, pigenizu vitu man. Eee, muna ona name piga gwanda ya white leo he, inia mutu yote aja ingiha kwa yosa.","Dapale, anybody else manja lingia palia kafa niya mamboa ya ke piya tunap, cheki asa sana, santa sana, pigenizu vitu man. Eee, muna ona name piga gwanda ya white leo he, inia mutu yote aja ingiha kwa yosa.",sw-KE
sheng_master_000101,/home/ray/Desktop/mkuru/dataset/segmented/gn3q-QJO2cw_Kenya_s_Super_Athletes____Mk/gn3q-QJO2cw_Kenya_s_Super_Athletes____Mk_00003.wav,13.12,"Tama ni wakutambu hem, weka stampu hei piya nmkurugenzi. Hey, site nmkurugenzi.ke apondyo Maliiko. Sasao? Very nice. Okay, so wanguana.","Tama ni wakutambu hem, weka stampu hei piya nmkurugenzi. Hey, site nmkurugenzi.ke apondyo Maliiko. Sasao? Very nice. Okay, so wanguana.","Tama ni wakutambu hem, weka stampu hei piya nmkurugenzi. Hey, site nmkurugenzi.ke apondyo Maliiko. Sasao? Very nice. Okay, so wanguana.",sw-KE
sheng_master_000102,/home/ray/Desktop/mkuru/dataset/segmented/gn3q-QJO2cw_Kenya_s_Super_Athletes____Mk/gn3q-QJO2cw_Kenya_s_Super_Athletes____Mk_00004.wav,13.44,"Niko shumuli notice kuna wakati mimi nili tembe akidogo nika ondokia hii country enu na mahoma bayze enu, nika enda, wingereza, ok si wingereza, nika nda wlai, Europa.","Niko shumuli notice kuna wakati mimi nili tembe akidogo nika ondokia hii country enu na mahoma bayze enu, nika enda, wingereza, ok si wingereza, nika nda wlai, Europa.","Niko shumuli notice kuna wakati mimi nili tembe akidogo nika ondokia hii country enu na mahoma bayze enu, nika enda, wingereza, ok si wingereza, nika nda wlai, Europa.",sw-KE
sheng_master_000103,/home/ray/Desktop/mkuru/dataset/segmented/gn3q-QJO2cw_Kenya_s_Super_Athletes____Mk/gn3q-QJO2cw_Kenya_s_Super_Athletes____Mk_00005.wav,12.64,"Nili kwa nimenda kwa fota-fota na samathlitz pali And you guys must say, I was amazed. Uwe wikiwa yo na mse ako top of the world. Echimu.","Nili kwa nimeenda kwa foota-foota na some athletes pale And you guys must say, I was amazed. Uwe wikiwa yo na mse ako top of the world. Echimu.","Nili kwa nimeenda kwa foota-foota na some athletes pale And you guys must say, I was amazed. Uwe wikiwa yo na mse ako top of the world. Echimu.",sw-KE
sheng_master_000104,/home/ray/Desktop/mkuru/dataset/segmented/gn3q-QJO2cw_Kenya_s_Super_Athletes____Mk/gn3q-QJO2cw_Kenya_s_Super_Athletes____Mk_00006.wav,13.94,"Ju uyumu tu, ili ngoryana piti ya ndi wa kuja kuetop. Haa, simche aso. Hoja ni wa patietu brief recap ya vile safariya tu iliku wa ninininim. E, ndi wa kwa appreciate maze ya athili tsuetu.","Ju uyumu tu, ili ngoryana piti ya ndi wa kuja kuetop. Haa, simche aso. Hoja ni wa patietu brief recap ya vile safariya tu iliku wa ninininim. E, ndi wa kwa appreciate maze ya athili tsuetu.","Ju uyumu tu, ili ngoryana piti ya ndi wa kuja kuetop. Haa, simche aso. Hoja ni wa patietu brief recap ya vile safariya tu iliku wa ninininim. E, ndi wa kwa appreciate maze ya athili tsuetu.",sw-KE
sheng_master_000105,/home/ray/Desktop/mkuru/dataset/segmented/gn3q-QJO2cw_Kenya_s_Super_Athletes____Mk/gn3q-QJO2cw_Kenya_s_Super_Athletes____Mk_00007.wav,13.66,"So, some time in July, I think end of July, kulikam kukakwa na shugli flani. Sokuna...","Some time in July, I think end of July, kulikam kukakwa na shugli flani. Sokuna...","Some time in July, I think end of July, kulikam kukakwa na shugli flani. Sokuna...",sw-KE
sheng_master_000106,/home/ray/Desktop/mkuru/dataset/segmented/gn3q-QJO2cw_Kenya_s_Super_Athletes____Mk/gn3q-QJO2cw_Kenya_s_Super_Athletes____Mk_00009.wav,11.95,"So, basikali, wana empawa kreatas wa eze kutel stories about athletes. First of all, li kawana yuki tuki wa noble sana juhu, we are the only country","So, basikali, wana empawa kreatas wa eze kutel stories about athletes. First of all, li kawana yuki tuki wa noble sana juhu, we are the only country","So, basikali, wana empawa kreatas wa eze kutel stories about athletes. First of all, li kawana yuki tuki wa noble sana juhu, we are the only country",sw-KE
sheng_master_000107,/home/ray/Desktop/mkuru/dataset/segmented/gn3q-QJO2cw_Kenya_s_Super_Athletes____Mk/gn3q-QJO2cw_Kenya_s_Super_Athletes____Mk_00010.wav,13.35,"Mali maze tuna shine at a patikira field, batawa say wa koko yo field. Lai kukiku tanana Sebastian saa yuko supermarket unan pita tu, nuna.","Mali maze tuna shine at a patikira field, batawa say wa koko yo field. Lai kukiku tanana Sebastian saa yuko supermarket unan pita tu, nuna.","Mali maze tuna shine at a patikira field, batawa say wa koko yo field. Lai kukiku tanana Sebastian saa yuko supermarket unan pita tu, nuna.",sw-KE
sheng_master_000108,/home/ray/Desktop/mkuru/dataset/segmented/gn3q-QJO2cw_Kenya_s_Super_Athletes____Mk/gn3q-QJO2cw_Kenya_s_Super_Athletes____Mk_00012.wav,13.57,"Tumama link suppose ako apply voices in motion. I hope I'm going to apply. So nikiwa pale ni kakutanishwana some athletes. So hawa wana kimbia kitunitwa trail running. So kuna hile running ya stadium, ya track, na kuna...","Tumama link suppose ako apply voices in motion. I hope I'm going to apply. So nikiwa pale ni kakutanishwana some athletes. So hawa wana kimbia kitunitwa trail running. So kuna hile running ya stadium, ya track, na kuna...","Tumama link suppose ako apply voices in motion. I hope I'm going to apply. So nikiwa pale ni kakutanishwana some athletes. So hawa wana kimbia kitunitwa trail running. So kuna hile running ya stadium, ya track, na kuna...",sw-KE
sheng_master_000109,/home/ray/Desktop/mkuru/dataset/segmented/gn3q-QJO2cw_Kenya_s_Super_Athletes____Mk/gn3q-QJO2cw_Kenya_s_Super_Athletes____Mk_00013.wav,11.11,"Raning ya road, ambasasani kai ya kina marathons nini nini. Izo ndi tu na jua ga sana, bazasakuna running nini ya kicha.","Raning ya road, ambasasani kai ya kina marathons nini. Izo ndi tu na jua ga sana, bazasakuna running nini ya kicha.","Raning ya road, ambasasani kai ya kina marathons nini. Izo ndi tu na jua ga sana, bazasakuna running nini ya kicha.",sw-KE
sheng_master_000110,/home/ray/Desktop/mkuru/dataset/segmented/gn3q-QJO2cw_Kenya_s_Super_Athletes____Mk/gn3q-QJO2cw_Kenya_s_Super_Athletes____Mk_00015.wav,11.42,"So, usiku vile tuli ndeyo shuglindyo, nili kwa na miti awase. Nika miti jamana itwa filemon kiriyago, e kuli kwa na jamana itwa Patrick Kipngeno.","So, usiku vile tuli ndeyo shuglindyo, nili kwa na miti awase. Nika miti jamana itwa filemon kiriyago, e kuli kwa na jamana itwa Patrick Kipngeno.","So, usiku vile tuli ndeyo shuglindyo, nili kwa na miti awase. Nika miti jamana itwa filemon kiriyago, e kuli kwa na jamana itwa Patrick Kipngeno.",sw-KE
sheng_master_000111,/home/ray/Desktop/mkuru/dataset/segmented/gn3q-QJO2cw_Kenya_s_Super_Athletes____Mk/gn3q-QJO2cw_Kenya_s_Super_Athletes____Mk_00016.wav,13.81,"Selelo sa awali sijikama li kua iyo square voices in motion, but nili kam li kam meat later. So, actually I think ali kua. So, after yo nene ni ni can get interest sana, nene ni ka unkena wa sewangu wa on up.","Selelo sa awali sijikama li kua iyo square voices in motion, but nili kam li kam meat later. So, actually I think ali kua. So, after yo nene ni can get interest sana, nene ni ka unkena wa sewangu wa on up.","Selelo sa awali sijikama li kua iyo square voices in motion, but nili kam li kam meat later. So, actually I think ali kua. So, after yo nene ni can get interest sana, nene ni ka unkena wa sewangu wa on up.",sw-KE
sheng_master_000112,/home/ray/Desktop/mkuru/dataset/segmented/gn3q-QJO2cw_Kenya_s_Super_Athletes____Mk/gn3q-QJO2cw_Kenya_s_Super_Athletes____Mk_00017.wav,13.29,"Awa se nima champu waiki tuwajena atujuwi. Manze, nimi ono SNC program muna fanya. Nami moneye meneza, ya nimeji tole yama hangra. Nipige tu stori ya, nini wa fortitu nini, nini nini nini waga.","hawa wasee ni machamp wa vitu hata hatujui. Manze, nimi ono SNC program muna fanya. Nami moneye meneza, ya nimejitolea mahangaiko. Nipige tu stori ya, nini wa fortitu nini waga.","hawa wasee ni machamp wa vitu hata hatujui. Manze, nimi ono SNC program muna fanya. Nami moneye meneza, ya nimejitolea mahangaiko. Nipige tu stori ya, nini wa fortitu nini waga.",sw-KE
sheng_master_000113,/home/ray/Desktop/mkuru/dataset/segmented/gn3q-QJO2cw_Kenya_s_Super_Athletes____Mk/gn3q-QJO2cw_Kenya_s_Super_Athletes____Mk_00019.wav,11.93,"Plesi na itwa kiambogo. Apok kiambogo, yo kampio na itwa run together. So run together, actually ni kampia Austria, ikona branch wukuli, found yo Austria, batsasa ikona branch wukuli.","Plesi na itwa kiambogo. Apok kiambogo, yo kampio na itwa run together. So run together, actually ni kampia Austria, ikona branch wukuli, found yo Austria, batsasa ikona branch wukuli.","Plesi na itwa kiambogo. Apok kiambogo, yo kampio na itwa run together. So run together, actually ni kampia Austria, ikona branch wukuli, found yo Austria, batsasa ikona branch wukuli.",sw-KE
sheng_master_000114,/home/ray/Desktop/mkuru/dataset/segmented/gn3q-QJO2cw_Kenya_s_Super_Athletes____Mk/gn3q-QJO2cw_Kenya_s_Super_Athletes____Mk_00020.wav,9.36,"So aw maatili mwote ro, wako apu, ukundi wagawana piga zwezi aw. Na on, I think waga ina wa, actually, ina sponsor, ina wa support sana.","So aw maatili mwote ro, wako hapo, wakundi wanapiga zoezi hao. Na on, I think waga ina wa, actually, inasponsor, inawasupport sana.","So aw maatili mwote ro, wako hapo, wakundi wanapiga zoezi hao. Na on, I think waga ina wa, actually, inasponsor, inawasupport sana.",sw-KE
sheng_master_000115,/home/ray/Desktop/mkuru/dataset/segmented/gn3q-QJO2cw_Kenya_s_Super_Athletes____Mk/gn3q-QJO2cw_Kenya_s_Super_Athletes____Mk_00021.wav,12.01,"So ka ingiyana ibasha poraka fasta ni keda ni ka mite kinafile montena, Patrick Kipngeno, Selelo Saoli, kuli kwa na wakama dema kina Ruth, kina Miriam.","So ka ingiyana ibasha poraka fasta ni keda ni ka mite kinafile montena, Patrick Kipngeno, Selelo Saoli, kuli kwa na wakama dema kina Ruth, kina Miriam.","So ka ingiyana ibasha poraka fasta ni keda ni ka mite kinafile montena, Patrick Kipngeno, Selelo Saoli, kuli kwa na wakama dema kina Ruth, kina Miriam.",sw-KE
sheng_master_000116,/home/ray/Desktop/mkuru/dataset/segmented/gn3q-QJO2cw_Kenya_s_Super_Athletes____Mk/gn3q-QJO2cw_Kenya_s_Super_Athletes____Mk_00022.wav,12.71,"Kuna mojapia nimi deadly sana, nimi na try kumuka jiniyake mazena, nini chenga, but unfortunately a kona injury, so it atatuku, sdanya atatuli interact.","Kuna mojapia nimi deadly sana, nimi na try kumuka jiniyake mazena, nini chenga, but unfortunately a kona injury, so it atatuku, sdanya atatuli interact.","Kuna mojapia nimi deadly sana, nimi na try kumuka jiniyake mazena, nini chenga, but unfortunately a kona injury, so it atatuku, sdanya atatuli interact.",sw-KE
sheng_master_000117,/home/ray/Desktop/mkuru/dataset/segmented/gn3q-QJO2cw_Kenya_s_Super_Athletes____Mk/gn3q-QJO2cw_Kenya_s_Super_Athletes____Mk_00025.wav,8.79,"Uangwa na muna fukiria ga kenya muko na milima. Eeeeh, ingi eni yo region di omu tajuwa. Misha iskiya de Alps, eh?","Uangwa na muna fukiria ga kenya muko na milima. Eeeeh, ingi eni yo region di omu tajuwa. Misha iskiya de Alps, eh?","Uangwa na muna fukiria ga kenya muko na milima. Eeeeh, ingi eni yo region di omu tajuwa. Misha iskiya de Alps, eh?",sw-KE
sheng_master_000118,/home/ray/Desktop/mkuru/dataset/segmented/gn3q-QJO2cw_Kenya_s_Super_Athletes____Mk/gn3q-QJO2cw_Kenya_s_Super_Athletes____Mk_00026.wav,12.35,"The Alps nibigii, me doko uko Farranza ime en, da ime Pita, Switzerland, I think Spain piya ikona, if I'm not wrong. Pita, Italy, ime engia Austria.","The Alps nibigii, me doko uko Farranza ime en, da ime Pita, Switzerland, I think Spain piya ikona, if I'm not wrong. Pita, Italy, ime engia Austria.","The Alps nibigii, me doko uko Farranza ime en, da ime Pita, Switzerland, I think Spain piya ikona, if I'm not wrong. Pita, Italy, ime engia Austria.",sw-KE
sheng_master_000119,/home/ray/Desktop/mkuru/dataset/segmented/gn3q-QJO2cw_Kenya_s_Super_Athletes____Mk/gn3q-QJO2cw_Kenya_s_Super_Athletes____Mk_00028.wav,13.21,"Mili mazikoko wengi, so yo kampiao ma li kupia, ukundi wana nga kupige mazoezi. So yo kase me ka naan sinsu wana engia uko, in a few weeks. Kamana dizkia, pia mini nesafani, nesafafuota yo maere maineo, a raka fasta.","Mili mazikoko wengi, so yo kampiao ma li kupia, ukundi wana nga kupige mazoezi. So yo kase me ka naan sinsu wana engia uko, in a few weeks. Kamana dizkia, pia mini nesafani, nesafafuota yo maere maineo, a raka fasta.","Mili mazikoko wengi, so yo kampiao ma li kupia, ukundi wana nga kupige mazoezi. So yo kase me ka naan sinsu wana engia uko, in a few weeks. Kamana dizkia, pia mini nesafani, nesafafuota yo maere maineo, a raka fasta.",sw-KE
sheng_master_000120,/home/ray/Desktop/mkuru/dataset/segmented/gn3q-QJO2cw_Kenya_s_Super_Athletes____Mk/gn3q-QJO2cw_Kenya_s_Super_Athletes____Mk_00029.wav,12.63,"Tare mojya, mozi wa naane. Tumedoka tuivi titi nt, like jugusha lima liza tuivi, duka nda stage, duka pati ena vot of thanks.","Tare mojya, mozi wa naane. Tumedoka tuivi titi nt, like jugusha lima liza tuivi, duka nda stage, duka pati ena vot of thanks.","Tare mojya, mozi wa naane. Tumedoka tuivi titi nt, like jugusha lima liza tuivi, duka nda stage, duka pati ena vot of thanks.",sw-KE
sheng_master_000121,/home/ray/Desktop/mkuru/dataset/segmented/gn3q-QJO2cw_Kenya_s_Super_Athletes____Mk/gn3q-QJO2cw_Kenya_s_Super_Athletes____Mk_00030.wav,13.32,"Strait. Ata tulikwana kila kitu yutumabag nini nini. Tuko ingiya airport raka fasta, chikuwanda ege apu, teke engorim bakawapi, Zürik, Switzerland. Tukafu kapale Zürik, tulikwana mishoni kiasi apu Zürik.","Strait. Ata tulikwana kila kitu yutumabag nini. Tuko ingiya airport raka fasta, chikuwanda ege apu, teke engorim bakawapi, Zürik, Switzerland. Tukafu kapale Zürik, tulikwana mishoni kiasi apu Zürik.","Strait. Ata tulikwana kila kitu yutumabag nini. Tuko ingiya airport raka fasta, chikuwanda ege apu, teke engorim bakawapi, Zürik, Switzerland. Tukafu kapale Zürik, tulikwana mishoni kiasi apu Zürik.",sw-KE
sheng_master_000122,/home/ray/Desktop/mkuru/dataset/segmented/gn3q-QJO2cw_Kenya_s_Super_Athletes____Mk/gn3q-QJO2cw_Kenya_s_Super_Athletes____Mk_00031.wav,12.09,"On, ilkampanis na juhiko headquarter duko. Tuko ingiya pali kwanza tu cheki headquarter. Azurik vile na ka, nini, mbambu apu tuko na mavi, tu tukas kia fiti. Tuko ingiya wuko kwa wakuna storya.","On, ilkampanis na juhiko headquarter duko. Tuko ingiya pali kwanza tu cheki headquarter. Azurik vile na ka, nini, mbambu apu tuko na mavi, tukas kia fiti. Tuko ingiya wuko kwa wakuna storya.","On, ilkampanis na juhiko headquarter duko. Tuko ingiya pali kwanza tu cheki headquarter. Azurik vile na ka, nini, mbambu apu tuko na mavi, tukas kia fiti. Tuko ingiya wuko kwa wakuna storya.",sw-KE
sheng_master_000123,/home/ray/Desktop/mkuru/dataset/segmented/gn3q-QJO2cw_Kenya_s_Super_Athletes____Mk/gn3q-QJO2cw_Kenya_s_Super_Athletes____Mk_00032.wav,12.14,"Nini piya tukai tembelaya, tukai chiki mavitua, tukai nais tukai skia po. Bata jenna, ili kwa kwa ni nini kukimbia austria, kwenda kuchiki wala wasani maathili tsuetu. So the following day on Tuesday yonita re...","Nini piya tukai tembelaya, tukai chiki mavitua, tukai nais tukai skia po. Bata jenna, ili kwa ni kukimbia austria, kwenda kuchiki wala wasani maathili tsuetu. So the following day on Tuesday yonita re...","Nini piya tukai tembelaya, tukai chiki mavitua, tukai nais tukai skia po. Bata jenna, ili kwa ni kukimbia austria, kwenda kuchiki wala wasani maathili tsuetu. So the following day on Tuesday yonita re...",sw-KE
sheng_master_000124,/home/ray/Desktop/mkuru/dataset/segmented/gn3q-QJO2cw_Kenya_s_Super_Athletes____Mk/gn3q-QJO2cw_Kenya_s_Super_Athletes____Mk_00034.wav,8.46,"Ay, maza kuna ma country soupu wa pa inje. Yani, fo fo awasakuna witu nauna ispukwatu ma milima greenery.","Ay, maza kuna macountry soupu hapa nje. Yani, fo awasakuna witu nauna ispukwatu mamilima na greenery.","Ay, maza kuna macountry soupu hapa nje. Yani, fo awasakuna witu nauna ispukwatu mamilima na greenery.",sw-KE
sheng_master_000125,/home/ray/Desktop/mkuru/dataset/segmented/gn3q-QJO2cw_Kenya_s_Super_Athletes____Mk/gn3q-QJO2cw_Kenya_s_Super_Athletes____Mk_00035.wav,13.64,"Mito ni safia ni maglejia zina, mail tuko ju, so yo maji na shukachini, ni, ni safim baka inaka, hei, inaka kiyoba, hei, ase wame chunga yo maskaniya ode.","Mito ni safia ni maglejia zina, mail tuko ju, so yo maji na shukachini, ni safim baka inaka, hei, inaka kiyoba, hei, ase wame chunga yo maskaniya ode.","Mito ni safia ni maglejia zina, mail tuko ju, so yo maji na shukachini, ni safim baka inaka, hei, inaka kiyoba, hei, ase wame chunga yo maskaniya ode.",sw-KE
sheng_master_000126,/home/ray/Desktop/mkuru/dataset/segmented/gn3q-QJO2cw_Kenya_s_Super_Athletes____Mk/gn3q-QJO2cw_Kenya_s_Super_Athletes____Mk_00037.wav,12.92,"Tuko piga 3 hours ya tu wa pumbaka liens, then from liens, dutu kakam tu kachikuliwa na nani, na sa fawndawa, ii kampi na ito run together austia. Boing fiti sana na ito wa Thomas, Thomas a kakama katuchuku wa po liens.","Tuko piga 3 hours ya tu wa pumbaka liens, then from liens, dutu kakam tu kachikuliwa nani, na sa fawndawa, ii kampi na ito run together austia. Boing fiti sana na ito wa Thomas a kakama katuchuku wa po liens.","Tuko piga 3 hours ya tu wa pumbaka liens, then from liens, dutu kakam tu kachikuliwa nani, na sa fawndawa, ii kampi na ito run together austia. Boing fiti sana na ito wa Thomas a kakama katuchuku wa po liens.",sw-KE
sheng_master_000127,/home/ray/Desktop/mkuru/dataset/segmented/gn3q-QJO2cw_Kenya_s_Super_Athletes____Mk/gn3q-QJO2cw_Kenya_s_Super_Athletes____Mk_00038.wav,13.57,"Na tuka ingiwa kwa gariyake, na tuka nza safariya kwa pandamilii ma... Nansha wuko ni mili ma tupu. Tuka pandamilii ma baka kwa villagei kwa ukoju initwa kals. Hei, komali wuko deni imezungu kwa na...","Na tuka ingiwa kwa gariyake, na tuka nza safariya kwa pandamilii ma... Nansha wuko ni mili ma tupu. Tuka pandamilii ma baka kwa villagei kwa ukoju initwa kals. Hei, komali wuko deni imezungu kwa na...","Na tuka ingiwa kwa gariyake, na tuka nza safariya kwa pandamilii ma... Nansha wuko ni mili ma tupu. Tuka pandamilii ma baka kwa villagei kwa ukoju initwa kals. Hei, komali wuko deni imezungu kwa na...",sw-KE
sheng_master_000128,/home/ray/Desktop/mkuru/dataset/segmented/gn3q-QJO2cw_Kenya_s_Super_Athletes____Mk/gn3q-QJO2cw_Kenya_s_Super_Athletes____Mk_00039.wav,6.89,"Mountains. So, tukenda, tukenga, kalspale, apondut nakamkona kambi maraya kwanza. IMAGINZ!","Mountains. So, tukenda, tukenga, kalspale, apondut nakamkona kambi maraya kwanza. IMAGINZ!","Mountains. So, tukenda, tukenga, kalspale, apondut nakamkona kambi maraya kwanza. IMAGINZ!",sw-KE
sheng_master_000129,/home/ray/Desktop/mkuru/dataset/segmented/gn3q-QJO2cw_Kenya_s_Super_Athletes____Mk/gn3q-QJO2cw_Kenya_s_Super_Athletes____Mk_00040.wav,13.25,"Kusya goya austria, unapata building apu ikona flagia, Kenya, Nini. Ei, li kwa nangalizi witu na shinu, what? Ei, ni karibu kilometa sijuhi, elfu saba. From my county na kujaku pata mahali, watu maze?","Kusya goya austria, unapata building apu ikona flagia, Kenya, Nini. Ei, li kwa nangalizi witu na shinu, what? Ei, ni karibu kilometa sijuhi, elfu saba. From my county na kujaku pata mahali, watu maze?","Kusya goya austria, unapata building apu ikona flagia, Kenya, Nini. Ei, li kwa nangalizi witu na shinu, what? Ei, ni karibu kilometa sijuhi, elfu saba. From my county na kujaku pata mahali, watu maze?",sw-KE
sheng_master_000130,/home/ray/Desktop/mkuru/dataset/segmented/gn3q-QJO2cw_Kenya_s_Super_Athletes____Mk/gn3q-QJO2cw_Kenya_s_Super_Athletes____Mk_00042.wav,12.93,"So, e campi pia kitu yuhapendi, apart from the athletes, our professionals, waga wana yu open up to other people when yu wana penda mambu ya kukimbia. So, unezenda campu kufua wik, wu experience maisha ya campina.","So, e campi pia kitu yuhapendi, apart from the athletes, our professionals, waga wana yu open up to other people when yu wana penda mambu ya kukimbia. So, unezenda campu kufua wik, wu experience maisha ya campina.","So, e campi pia kitu yuhapendi, apart from the athletes, our professionals, waga wana yu open up to other people when yu wana penda mambu ya kukimbia. So, unezenda campu kufua wik, wu experience maisha ya campina.",sw-KE
sheng_master_000131,/home/ray/Desktop/mkuru/dataset/segmented/gn3q-QJO2cw_Kenya_s_Super_Athletes____Mk/gn3q-QJO2cw_Kenya_s_Super_Athletes____Mk_00043.wav,12.32,"So tu kapatambak auzunguengi na kukwame kuja, ku-experience to yo life wawik, wana mkasu buwi, wana nda zoezi na athlitz, muna toka zoezi, muna nda ma-stretching nire nini, ya ni wuna ishikama athlitz wawaholwi.","So tu kapatambak auzunguengi na kukwame kuja, ku-experience to yo life wawik, wana mkasu buwi, wana nda zoezi na athlitz, muna toka zoezi, muna nda ma-stretching nire nini, ya ni wuna ishikama athlitz wawaholwi.","So tu kapatambak auzunguengi na kukwame kuja, ku-experience to yo life wawik, wana mkasu buwi, wana nda zoezi na athlitz, muna toka zoezi, muna nda ma-stretching nire nini, ya ni wuna ishikama athlitz wawaholwi.",sw-KE
sheng_master_000132,/home/ray/Desktop/mkuru/dataset/segmented/gn3q-QJO2cw_Kenya_s_Super_Athletes____Mk/gn3q-QJO2cw_Kenya_s_Super_Athletes____Mk_00044.wav,7.52,"Nikitu bai de mbukapata nini mnezaifanya. Ataka masi yuko ostria. Ataka pa hina yugasha tu mwingi etu, nini wene mna kimbiyaga kimbiyaga nini.","Nikitu bai de mbukapata nini mnezaifanya. Ataka masi yuko ostria. Ataka pa hina yugasha tu mwingi etu, nini wene mna kimbiyaga nini.","Nikitu bai de mbukapata nini mnezaifanya. Ataka masi yuko ostria. Ataka pa hina yugasha tu mwingi etu, nini wene mna kimbiyaga nini.",sw-KE
sheng_master_000133,/home/ray/Desktop/mkuru/dataset/segmented/gn3q-QJO2cw_Kenya_s_Super_Athletes____Mk/gn3q-QJO2cw_Kenya_s_Super_Athletes____Mk_00046.wav,7.88,Nili apkaivi. Nia pata schedule ni nasemali otuna kimbia. 20 kilometers kwa milima.,Nili apkaivi. Nia pata schedule ni nasemali otuna kimbia. 20 kilometers kwa milima.,Nili apkaivi. Nia pata schedule ni nasemali otuna kimbia. 20 kilometers kwa milima.,sw-KE
sheng_master_000134,/home/ray/Desktop/mkuru/dataset/segmented/gn3q-QJO2cw_Kenya_s_Super_Athletes____Mk/gn3q-QJO2cw_Kenya_s_Super_Athletes____Mk_00048.wav,13.78,"But kila mtu ana kimbia palen, baka ma sho sho, ali kwa me kam ku visit kamp, wana ana kimbia. So tukanda siku na breakfasteitu heavy apu, zemo weke kabzi ya kutosha kumuli, then off we went.","But kila mtu ana kimbia palen, baka ma sho, ali kwa me kam ku visit kamp, wana ana kimbia. So tukanda siku na breakfasteitu heavy apu, zemo weke kabzi ya kutosha kumuli, then off went.","But kila mtu ana kimbia palen, baka ma sho, ali kwa me kam ku visit kamp, wana ana kimbia. So tukanda siku na breakfasteitu heavy apu, zemo weke kabzi ya kutosha kumuli, then off went.",sw-KE
sheng_master_000135,/home/ray/Desktop/mkuru/dataset/segmented/gn3q-QJO2cw_Kenya_s_Super_Athletes____Mk/gn3q-QJO2cw_Kenya_s_Super_Athletes____Mk_00050.wav,13.12,"Ili no mkono yukasema, that's it, I'm done. So, mi ni kafungi yasafari apo, kilometer 12, batuen zangu apo, maatili twa liyenda wakapigeyo 20 na wakarudi. Laiki 12 mi na fanyana, 2 hours.","Ili no mkono yukasema, that's it, I'm done. So, mi ni kafungi yasafari apo, kilometer 12, batuen zangu apo, maatili twa liyenda wakapigeyo 20 na wakarudi. Laiki 12 mi na fanyana, 2 hours.","Ili no mkono yukasema, that's it, I'm done. So, mi ni kafungi yasafari apo, kilometer 12, batuen zangu apo, maatili twa liyenda wakapigeyo 20 na wakarudi. Laiki 12 mi na fanyana, 2 hours.",sw-KE
sheng_master_000136,/home/ray/Desktop/mkuru/dataset/segmented/gn3q-QJO2cw_Kenya_s_Super_Athletes____Mk/gn3q-QJO2cw_Kenya_s_Super_Athletes____Mk_00052.wav,12.13,"Tukapige yo rani e tu ya 20 kilometraza, awa kapiga 20, mini kapiga zile nili piga. Then tukarudi palimta, wukisha tukamani nika maizola zima.","Tukapige yo rani e tu ya 20 kilometraza, awa kapiga 20, mini kapiga zile nili piga. Then tukarudi palimta, wukisha tukamani nika maizola zima.","Tukapige yo rani e tu ya 20 kilometraza, awa kapiga 20, mini kapiga zile nili piga. Then tukarudi palimta, wukisha tukamani nika maizola zima.",sw-KE
sheng_master_000137,/home/ray/Desktop/mkuru/dataset/segmented/gn3q-QJO2cw_Kenya_s_Super_Athletes____Mk/gn3q-QJO2cw_Kenya_s_Super_Athletes____Mk_00054.wav,12.93,"Akuna beats, nima vitu tuzena liya, dini, dini, dini, yei. Muna stretch up on nii, kayoga kakaingia fiti. Then aftapu ika kwa sasa nivo, jiyo nisha fika, wacha watu hende wa fanya nii. Wopripe dina.","Akuna beats, nima vitu tuzena liya, dini, yei. Muna stretch up on nii, kayoga kakaingia fiti. Then aftapu ika kwa sasa nivo, jiyo nisha fika, wacha watu hende wa fanya nii. Wopripe dina.","Akuna beats, nima vitu tuzena liya, dini, yei. Muna stretch up on nii, kayoga kakaingia fiti. Then aftapu ika kwa sasa nivo, jiyo nisha fika, wacha watu hende wa fanya nii. Wopripe dina.",sw-KE
sheng_master_000138,/home/ray/Desktop/mkuru/dataset/segmented/gn3q-QJO2cw_Kenya_s_Super_Athletes____Mk/gn3q-QJO2cw_Kenya_s_Super_Athletes____Mk_00055.wav,13.37,"Wotu wa kule sasawa ndo wapu muzik. Again, wale maatili tu etu kutoka kenya, ani watu kunat a saten type of food wa mezo ya kukula. Uki nda wuku wanzeku wapatia, sidwee, cheese na sidwee ni wu...","Wotu wa kule sasawa ndo wapu muzik. Again, wale maatili tu etu kutoka kenya, ani watu kunat a saten type of food wa mezo ya kukula. Uki nda wuku wanzeku wapatia, sidwee, cheese na sidwee ni wu...","Wotu wa kule sasawa ndo wapu muzik. Again, wale maatili tu etu kutoka kenya, ani watu kunat a saten type of food wa mezo ya kukula. Uki nda wuku wanzeku wapatia, sidwee, cheese na sidwee ni wu...",sw-KE
sheng_master_000139,/home/ray/Desktop/mkuru/dataset/segmented/gn3q-QJO2cw_Kenya_s_Super_Athletes____Mk/gn3q-QJO2cw_Kenya_s_Super_Athletes____Mk_00056.wav,12.83,"Nivu, umeliza. So hama jamao nitu kagapo ameji ami. wakona wakona wakona wakona wakona wakona wakona wakona wakona wakona wakona wakona wakona wakona wakona wakona wakona wakona wakona wakona.","Nivu, umeliza. So hama jamao nitu kagapo ameji ami. wakona.","Nivu, umeliza. So hama jamao nitu kagapo ameji ami. wakona.",sw-KE
sheng_master_000140,/home/ray/Desktop/mkuru/dataset/segmented/gn3q-QJO2cw_Kenya_s_Super_Athletes____Mk/gn3q-QJO2cw_Kenya_s_Super_Athletes____Mk_00057.wav,11.63,"So paledun na ingiyatun na pata, hei, niku nye spinning pale, niku pika tu tu na pika masembeze tu apu nini nini, komenaka na nini paledun na fanya mbogi tu, hei, then tunna nda tunna dishi.","So paledun na ingiyatun na pata, hei, niku nye spinning pale, niku pika tu na pika masembeze tu apu nini, komenaka na nini paledun na fanya mbogi tu, hei, then tunna nda tunna dishi.","So paledun na ingiyatun na pata, hei, niku nye spinning pale, niku pika tu na pika masembeze tu apu nini, komenaka na nini paledun na fanya mbogi tu, hei, then tunna nda tunna dishi.",sw-KE
sheng_master_000141,/home/ray/Desktop/mkuru/dataset/segmented/gn3q-QJO2cw_Kenya_s_Super_Athletes____Mk/gn3q-QJO2cw_Kenya_s_Super_Athletes____Mk_00058.wav,13.85,"Tuxa diishi, sinikwenda kutuli yasa sana, the following day, tuna piga activities ingine. So yo siku hii kaisha, the following day, tuka piga half day. So, siku hii yanzana breakfast kama kawahida.","Tuxa diishi, sinikwenda kutuli yasa sana, the following day, tuna piga activities ingine. So yo siku hii kaisha, the following day, tuka piga half day. So, siku hii yanzana breakfast kama kawahida.","Tuxa diishi, sinikwenda kutuli yasa sana, the following day, tuna piga activities ingine. So yo siku hii kaisha, the following day, tuka piga half day. So, siku hii yanzana breakfast kama kawahida.",sw-KE
sheng_master_000142,/home/ray/Desktop/mkuru/dataset/segmented/gn3q-QJO2cw_Kenya_s_Super_Athletes____Mk/gn3q-QJO2cw_Kenya_s_Super_Athletes____Mk_00059.wav,11.91,"Then briefing. Why? Because two days from iyo siku, kuli kwa na race, pilesi na itua seer zina, seer, so seer iko back in Switzerland.","Then briefing. Why? Because two days from iyo siku, kuli kwa na race, pilesi na itua seer zina, seer, so seer iko back in Switzerland.","Then briefing. Why? Because two days from iyo siku, kuli kwa na race, pilesi na itua seer zina, seer, so seer iko back in Switzerland.",sw-KE
sheng_master_000143,/home/ray/Desktop/mkuru/dataset/segmented/gn3q-QJO2cw_Kenya_s_Super_Athletes____Mk/gn3q-QJO2cw_Kenya_s_Super_Athletes____Mk_00060.wav,10.15,"Na kuna koga na race bigia pwene toa CLZ na al-race, na koga Atari. So, mabu yo hii tu, nazima kwanzao angibri fiyo ajoyo up-coming race, which is two days from EC kuhu.","Na kuna koga na race bigia pwene toa CLZ na al-race, na koga Atari. So, mabu yo hii tu, nazima kwanzao angibri fiyo ajoyo up-coming race, which is two days from EC kuhu.","Na kuna koga na race bigia pwene toa CLZ na al-race, na koga Atari. So, mabu yo hii tu, nazima kwanzao angibri fiyo ajoyo up-coming race, which is two days from EC kuhu.",sw-KE
sheng_master_000144,/home/ray/Desktop/mkuru/dataset/segmented/gn3q-QJO2cw_Kenya_s_Super_Athletes____Mk/gn3q-QJO2cw_Kenya_s_Super_Athletes____Mk_00061.wav,12.55,"So aka ungele sho apo na Tomas apo, yun dena kwa gabosipa lea na elewa ima mbo yambi umbali. Dena after apo, tuka ingia zoezi, tena, mina kumbiko zoezi nidei li.","So aka ungele sho apo na Tomas apo, yun dena kwa gabosipa lea na elewa ima mbo yambi umbali. Dena after apo, tuka ingia zoezi, tena, mina kumbiko zoezi nidei li.","So aka ungele sho apo na Tomas apo, yun dena kwa gabosipa lea na elewa ima mbo yambi umbali. Dena after apo, tuka ingia zoezi, tena, mina kumbiko zoezi nidei li.",sw-KE
sheng_master_000145,/home/ray/Desktop/mkuru/dataset/segmented/gn3q-QJO2cw_Kenya_s_Super_Athletes____Mk/gn3q-QJO2cw_Kenya_s_Super_Athletes____Mk_00063.wav,11.89,"Una sprint, so, hii inaku nini endurance na speed. So, bileizi nilima ziko, wame pigama zigzag, kwa izo milima, zigzag.","Una sprint, so, hii inaku nini endurance na speed. So, bileizi nilima ziko, wame pigama zigzag, kwa izo milima, zigzag.","Una sprint, so, hii inaku nini endurance na speed. So, bileizi nilima ziko, wame pigama zigzag, kwa izo milima, zigzag.",sw-KE
sheng_master_000146,/home/ray/Desktop/mkuru/dataset/segmented/gn3q-QJO2cw_Kenya_s_Super_Athletes____Mk/gn3q-QJO2cw_Kenya_s_Super_Athletes____Mk_00064.wav,12.81,"So unato kambiyo ju wa full speed. Then ingini unashuka oki relax pole pole pole pole pole pole. Then, rrrrrrrrrrrrrrrrrrrrrrrrrrrrrrrrrrrrrrrrrrrrrrrrrrrrrrrrrrrrrrrrrrrrrrrrrrrrrrrrrrrrrrrrrrrrrrrrrrrrrrrrrrrrrrrrrrrrrrrrrrrrrrrrrrrrrrrrrrrrrrrrrrrrrrrrrrrrrrrrrrrrrrrrrrrrrrrrrrrrrrrrrrrrrrrrrrrrrrrrrrrrrrrrrrrrrrrrrrrrrrrrrrrrrrrrrrrrrrrrrrrrrrrrrrrrrrrrrrrrrrrrrrrrrrrrrrrrrrrrrrrrrrrrrrrrrrrrrrrrrrrrrrrrrrrrrrrrrrrrrrrrrrrrrrrrrrrrrrrrrrrrrrrrrrrrrrrrrrrrrrrrrrrrrrrrrrrrrrrrrrrrrrrrrrrrrrrrrrrrrrrrrrrrrrrrrrrrrrrrrrrrrrrrrrrrrrrrrrrrr","So unato kambiyo ju wa full speed. Then ingini unashuka oki relax pole. Then, rrrrrrrrrrrrrrrrrrrrrrrrrrrrrrrrrrrrrrrrrrrrrrrrrrrrrrrrrrrrrrrrrrrrrrrrrrrrrrrrrrrrrrrrrrrrrrrrrrrrrrrrrrrrrrrrrrrrrrrrrrrrrrrrrrrrrrrrrrrrrrrrrrrrrrrrrrrrrrrrrrrrrrrrrrrrrrrrrrrrrrrrrrrrrrrrrrrrrrrrrrrrrrrrrrrrrrrrrrrrrrrrrrrrrrrrrrrrrrrrrrrrrrrrrrrrrrrrrrrrrrrrrrrrrrrrrrrrrrrrrrrrrrrrrrrrrrrrrrrrrrrrrrrrrrrrrrrrrrrrrrrrrrrrrrrrrrrrrrrrrrrrrrrrrrrrrrrrrrrrrrrrrrrrrrrrrrrrrrrrrrrrrrrrrrrrrrrrrrrrrrrrrrrrrrrrrrrrrrrrrrrrrrrrrrrrrrrrrrrrr","So unato kambiyo ju wa full speed. Then ingini unashuka oki relax pole. Then, rrrrrrrrrrrrrrrrrrrrrrrrrrrrrrrrrrrrrrrrrrrrrrrrrrrrrrrrrrrrrrrrrrrrrrrrrrrrrrrrrrrrrrrrrrrrrrrrrrrrrrrrrrrrrrrrrrrrrrrrrrrrrrrrrrrrrrrrrrrrrrrrrrrrrrrrrrrrrrrrrrrrrrrrrrrrrrrrrrrrrrrrrrrrrrrrrrrrrrrrrrrrrrrrrrrrrrrrrrrrrrrrrrrrrrrrrrrrrrrrrrrrrrrrrrrrrrrrrrrrrrrrrrrrrrrrrrrrrrrrrrrrrrrrrrrrrrrrrrrrrrrrrrrrrrrrrrrrrrrrrrrrrrrrrrrrrrrrrrrrrrrrrrrrrrrrrrrrrrrrrrrrrrrrrrrrrrrrrrrrrrrrrrrrrrrrrrrrrrrrrrrrrrrrrrrrrrrrrrrrrrrrrrrrrrrrrrrrrrrrr",sw-KE
sheng_master_000147,/home/ray/Desktop/mkuru/dataset/segmented/gn3q-QJO2cw_Kenya_s_Super_Athletes____Mk/gn3q-QJO2cw_Kenya_s_Super_Athletes____Mk_00065.wav,11.24,"Kupigeizo, one, two, three, hii oni one round. Unafa wupige as many rounds as possible in ten.","Kupigeizo, one, two, three, hii oni one round. Unafa wupige as many rounds as possible in ten.","Kupigeizo, one, two, three, hii oni one round. Unafa wupige as many rounds as possible in ten.",sw-KE
sheng_master_000148,/home/ray/Desktop/mkuru/dataset/segmented/gn3q-QJO2cw_Kenya_s_Super_Athletes____Mk/gn3q-QJO2cw_Kenya_s_Super_Athletes____Mk_00066.wav,6.77,"Niki kwa mbibu inakagitu raizia, sini ten minutes too.","Niki kwa mbibu inakagitu raizia, sini ten minutes too.","Niki kwa mbibu inakagitu raizia, sini ten minutes too.",sw-KE
sheng_master_000149,/home/ray/Desktop/mkuru/dataset/segmented/gn3q-QJO2cw_Kenya_s_Super_Athletes____Mk/gn3q-QJO2cw_Kenya_s_Super_Athletes____Mk_00067.wav,12.29,"Okay, onamutu, when wana kimi ya kipiganduru, ni maali a li kwa mefika, nili kwa ij, niai, niai, niai, niai, niai, niai, niai, niai, niai, niai, niai, niai, niai, niai, niai, niai, niai, niai, niai, niai, niai, niai, niai, niai, niai, niai, niai, niai, niai, niai, niai, niai, niai, niai, niai, niai, niai, niai, niai, niai, niai, niai, niai, niai, niai, niai, nia","Okay, onamutu, when wana kimi ya kipiganduru, ni maali a li kwa mefika, nili kwa ij, niai, nia","Okay, onamutu, when wana kimi ya kipiganduru, ni maali a li kwa mefika, nili kwa ij, niai, nia",sw-KE
sheng_master_000150,/home/ray/Desktop/mkuru/dataset/segmented/gn3q-QJO2cw_Kenya_s_Super_Athletes____Mk/gn3q-QJO2cw_Kenya_s_Super_Athletes____Mk_00068.wav,12.53,"Anyway, tu kapigahilua kia tu, tu kamaliza, hii kakwa sasa idha hii mefika, kila mutu ende ya kule shawa, kama mutu aneza uma uma kitua ume, tu na ingi ya kuma gare, sasa tu nataka kutoka yo ostria, tu pigi safari.","Anyway, tu kapigahilua kia tu kamaliza, hii kakwa sasa idha hii mefika, kila mutu ende ya kule shawa, kama mutu aneza uma kitua ume, tu na ingi ya kuma gare, sasa tu nataka kutoka yo ostria, tu pigi safari.","Anyway, tu kapigahilua kia tu kamaliza, hii kakwa sasa idha hii mefika, kila mutu ende ya kule shawa, kama mutu aneza uma kitua ume, tu na ingi ya kuma gare, sasa tu nataka kutoka yo ostria, tu pigi safari.",sw-KE
sheng_master_000151,/home/ray/Desktop/mkuru/dataset/segmented/gn3q-QJO2cw_Kenya_s_Super_Athletes____Mk/gn3q-QJO2cw_Kenya_s_Super_Athletes____Mk_00069.wav,13.85,"Ya 10 hours by road. Kuru diwapi, Switzerland, mali panaitua, CR. So tuko inki akwa magehari mtu angu, sa sana kukata barabara. Toka yo village ya Kals, pita out, through liens.","Ya 10 hours by road. Kuru diwapi, Switzerland, mali panaitua, CR. So tuko inki akwa magehari mtu angu, sana kukata barabara. Toka yo village ya Kals, pita out, through liens.","Ya 10 hours by road. Kuru diwapi, Switzerland, mali panaitua, CR. So tuko inki akwa magehari mtu angu, sana kukata barabara. Toka yo village ya Kals, pita out, through liens.",sw-KE
sheng_master_000152,/home/ray/Desktop/mkuru/dataset/segmented/gn3q-QJO2cw_Kenya_s_Super_Athletes____Mk/gn3q-QJO2cw_Kenya_s_Super_Athletes____Mk_00070.wav,13.02,"Enda. Fika kwa bode Australia na Italy. Hachana na Austria ingia Italy. Piga masakibawa po. Enda, baka wile sitiawe ni tu milan. Peter Milan. Enda.","Enda. Fika kwa bode Australia na Italy. Hachana na Austria ingia Italy. Piga masakibawa po. Enda, baka wile sitiawe ni tu milan. Peter Milan. Enda.","Enda. Fika kwa bode Australia na Italy. Hachana na Austria ingia Italy. Piga masakibawa po. Enda, baka wile sitiawe ni tu milan. Peter Milan. Enda.",sw-KE
sheng_master_000153,/home/ray/Desktop/mkuru/dataset/segmented/gn3q-QJO2cw_Kenya_s_Super_Athletes____Mk/gn3q-QJO2cw_Kenya_s_Super_Athletes____Mk_00071.wav,11.47,"Malizana na itali, uko karibuna kuna lekiya oflani na itua something major animesa hau. Uksya pita kidogo sasa una malizana na itali, una hengia, suitsala.","Malizana na itali, uko karibuna kuna lekiya oflani na itua something major animesa hau. Uksya pita kidogo sasa una malizana na itali, una hengia, suitsala.","Malizana na itali, uko karibuna kuna lekiya oflani na itua something major animesa hau. Uksya pita kidogo sasa una malizana na itali, una hengia, suitsala.",sw-KE
sheng_master_000154,/home/ray/Desktop/mkuru/dataset/segmented/gn3q-QJO2cw_Kenya_s_Super_Athletes____Mk/gn3q-QJO2cw_Kenya_s_Super_Athletes____Mk_00072.wav,11.77,"Milima, milima, milima, milima, milima, milima, unakamunda tokiya, ako katawun kadogo kana itwa siyer. Sasa apo siyer, iko chini, iko kwa vali kabisa, zinal, iko juu, uko.","Milima, unakamunda tokiya, ako katawun kadogo kana itwa siyer. Sasa apo siyer, iko chini, iko kwa vali kabisa, zinal, iko juu, uko.","Milima, unakamunda tokiya, ako katawun kadogo kana itwa siyer. Sasa apo siyer, iko chini, iko kwa vali kabisa, zinal, iko juu, uko.",sw-KE
sheng_master_000155,/home/ray/Desktop/mkuru/dataset/segmented/gn3q-QJO2cw_Kenya_s_Super_Athletes____Mk/gn3q-QJO2cw_Kenya_s_Super_Athletes____Mk_00073.wav,12.19,"2,000-something-kilometres up. So, niku pandana gari tena. So, asutu na pandana kwa sana liyo na picha moja maze, file mo niki, eh, ndiwa po nikatiyu, na ujama nia taria ni.","2,000-something-kilometres up. So, niku pandana gari tena. So, asutu na pandana kwa sana liyo na picha moja maze, file mo niki, eh, ndiwa po nikatiyu, na ujama nia taria ni.","2,000-something-kilometres up. So, niku pandana gari tena. So, asutu na pandana kwa sana liyo na picha moja maze, file mo niki, eh, ndiwa po nikatiyu, na ujama nia taria ni.",sw-KE
sheng_master_000156,/home/ray/Desktop/mkuru/dataset/segmented/gn3q-QJO2cw_Kenya_s_Super_Athletes____Mk/gn3q-QJO2cw_Kenya_s_Super_Athletes____Mk_00074.wav,13.2,"Mkako barabara ono awetu zinal, manze, pichiake koko barabara. Unum kenyatuf lani wa apanyamira. Eni, yei alia patatua kona talentu yambi wa kanza kukimbia, sayi Europe ndi awa namdi.","Mkako barabara ono awetu zinal, manze, pichiake koko barabara. Unum kenyatuf lani wa apanyamira. Eni, yei alia patatua kona talentu yambi wa kanza kukimbia, sayi Europe ndi awa namdi.","Mkako barabara ono awetu zinal, manze, pichiake koko barabara. Unum kenyatuf lani wa apanyamira. Eni, yei alia patatua kona talentu yambi wa kanza kukimbia, sayi Europe ndi awa namdi.",sw-KE
sheng_master_000157,/home/ray/Desktop/mkuru/dataset/segmented/gn3q-QJO2cw_Kenya_s_Super_Athletes____Mk/gn3q-QJO2cw_Kenya_s_Super_Athletes____Mk_00075.wav,13.8,"Niaje ma, zeya ni. Tukanda tukafika zinal, hiu by the time tu nafika ilikuwa ni Thasda Ussiku. Friday ilikuwa na activities. Eee, so lazima wa tuwa nge-rest ni nini, ni tuwa Friday tuwa mikiye activity.","Niaje ma, zeya ni. Tukanda tukafika zinal, hiu by the time tu nafika ilikuwa ni Thasda Ussiku. Friday ilikuwa na activities. Eee, so lazima wa tuwa nge-rest ni tuwa Friday tuwa mikiye activity.","Niaje ma, zeya ni. Tukanda tukafika zinal, hiu by the time tu nafika ilikuwa ni Thasda Ussiku. Friday ilikuwa na activities. Eee, so lazima wa tuwa nge-rest ni tuwa Friday tuwa mikiye activity.",sw-KE
sheng_master_000158,/home/ray/Desktop/mkuru/dataset/segmented/gn3q-QJO2cw_Kenya_s_Super_Athletes____Mk/gn3q-QJO2cw_Kenya_s_Super_Athletes____Mk_00076.wav,13.68,"So Friday, after breakfast, activity, kwanza, ilikuwa ni ka interview. Awa sewa na pegagwa ma interviews nene, before race, una filaje, wuko na plans gani re.","So Friday, after breakfast, activity, kwanza, ilikuwa ni ka interview. Awa sewa na pegagwa ma interviews nene, before race, una filaje, wuko na plans gani re.","So Friday, after breakfast, activity, kwanza, ilikuwa ni ka interview. Awa sewa na pegagwa ma interviews nene, before race, una filaje, wuko na plans gani re.",sw-KE
sheng_master_000159,/home/ray/Desktop/mkuru/dataset/segmented/gn3q-QJO2cw_Kenya_s_Super_Athletes____Mk/gn3q-QJO2cw_Kenya_s_Super_Athletes____Mk_00078.wav,8.34,"So yo kitu sayiwal dina ta kwi kaliya deadly, so before every rest lasima kukuna semina anti-doping, na! Randomly!","So yo kitu sayiwal dina ta kwi kaliya deadly, so before every rest lasima kukuna semina anti-doping, na! Randomly!","So yo kitu sayiwal dina ta kwi kaliya deadly, so before every rest lasima kukuna semina anti-doping, na! Randomly!",sw-KE
sheng_master_000160,/home/ray/Desktop/mkuru/dataset/segmented/gn3q-QJO2cw_Kenya_s_Super_Athletes____Mk/gn3q-QJO2cw_Kenya_s_Super_Athletes____Mk_00079.wav,12.0,"Kunatuma ofisa wa anti doping wa na toke aga, randomili, muna chukuli wa tuni athili, kujeni, kujeni, apa ninyu wa ninyu, muna kimia, kujia, kujen, innen, susu, fasta, wa na kota samples, innen, inna pimoa, randomili.","Kunatuma ofisa wa anti doping wa na toke aga, randomili, muna chukuli wa tuni athili, kujeni, apa ninyu wa ninyu, muna kimia, kujia, kujen, innen, susu, fasta, wa na kota samples, innen, inna pimoa, randomili.","Kunatuma ofisa wa anti doping wa na toke aga, randomili, muna chukuli wa tuni athili, kujeni, apa ninyu wa ninyu, muna kimia, kujia, kujen, innen, susu, fasta, wa na kota samples, innen, inna pimoa, randomili.",sw-KE
sheng_master_000161,/home/ray/Desktop/mkuru/dataset/segmented/gn3q-QJO2cw_Kenya_s_Super_Athletes____Mk/gn3q-QJO2cw_Kenya_s_Super_Athletes____Mk_00080.wav,12.76,"And yo wa traiku kabi stori ya ni ni. So anyway, at literally wakapiga seminawe wa anti-doping vifiti, then wakatoka. After anti-doping, kuli kwa na mwato yu wa me kam, kuna master.","And yo wa traiku kabi stori ya ni. So anyway, at literally wakapiga seminawe wa anti-doping vifiti, then wakatoka. After anti-doping, kuli kwa na mwato yu wa me kam, kuna master.","And yo wa traiku kabi stori ya ni. So anyway, at literally wakapiga seminawe wa anti-doping vifiti, then wakatoka. After anti-doping, kuli kwa na mwato yu wa me kam, kuna master.",sw-KE
sheng_master_000162,/home/ray/Desktop/mkuru/dataset/segmented/gn3q-QJO2cw_Kenya_s_Super_Athletes____Mk/gn3q-QJO2cw_Kenya_s_Super_Athletes____Mk_00081.wav,8.52,"Wototu wa zungu, wame toka, makua, wame letru na wazazi, Wakurugenzi wawone master, filemoon, Patrick.","Wototu wa zungu, wame toka, makua, wame letru na wazazi, Wakurugenzi wawone master, filemoon, Patrick.","Wototu wa zungu, wame toka, makua, wame letru na wazazi, Wakurugenzi wawone master, filemoon, Patrick.",sw-KE
sheng_master_000163,/home/ray/Desktop/mkuru/dataset/segmented/gn3q-QJO2cw_Kenya_s_Super_Athletes____Mk/gn3q-QJO2cw_Kenya_s_Super_Athletes____Mk_00082.wav,10.58,"Saoli awase watua Kenyansuaran pigeida wa nimasta uko. Watu yo na kam maze, wei wana itisha maotografu kone ni, akina filemon wakam wakupiga nao.","Saoli awase watua Kenyansuaran pigeida wa nimasta uko. Watu yo na kam maze, wei wana itisha maotografu kone ni, akina filemon wakam wakupiga nao.","Saoli awase watua Kenyansuaran pigeida wa nimasta uko. Watu yo na kam maze, wei wana itisha maotografu kone ni, akina filemon wakam wakupiga nao.",sw-KE
sheng_master_000164,/home/ray/Desktop/mkuru/dataset/segmented/gn3q-QJO2cw_Kenya_s_Super_Athletes____Mk/gn3q-QJO2cw_Kenya_s_Super_Athletes____Mk_00084.wav,13.47,"Ya ni, uazia eto piga stori dek kambili na filemon. Asha rufi, wiburu, hei filemon kaya have a photograph. Ile maisha naisingia pa kenyan diyo filemon na naisi Europe. Hei, wei.","Ya ni, uazia eto piga stori dek kambili na filemon. Asha rufi, wiburu, hei filemon kaya have a photograph. Ile maisha naisingia pa kenyan diyo filemon naisi Europe. Hei, wei.","Ya ni, uazia eto piga stori dek kambili na filemon. Asha rufi, wiburu, hei filemon kaya have a photograph. Ile maisha naisingia pa kenyan diyo filemon naisi Europe. Hei, wei.",sw-KE
sheng_master_000165,/home/ray/Desktop/mkuru/dataset/segmented/gn3q-QJO2cw_Kenya_s_Super_Athletes____Mk/gn3q-QJO2cw_Kenya_s_Super_Athletes____Mk_00085.wav,13.6,"Anyway, wakafanya mambo na watoto, watoto wakaskia fiti, dey nika kwa sasa tuna nda the next order of business, mba ili kwa the official unveiling of the athletes palesiaire city, na kwa upati wanini, they are big numbers.","Anyway, wakafanya mambo na watoto wakaskia fiti, dey nika kwa sasa tuna nda the next order of business, mba ili kwa the official unveiling of the athletes palesiaire city, na kwa upati wanini, they are big numbers.","Anyway, wakafanya mambo na watoto wakaskia fiti, dey nika kwa sasa tuna nda the next order of business, mba ili kwa the official unveiling of the athletes palesiaire city, na kwa upati wanini, they are big numbers.",sw-KE
sheng_master_000166,/home/ray/Desktop/mkuru/dataset/segmented/gn3q-QJO2cw_Kenya_s_Super_Athletes____Mk/gn3q-QJO2cw_Kenya_s_Super_Athletes____Mk_00086.wav,12.1,"Iyo nihafla, wana ndatao, uko kwa ndatao hii mefungwa street, wame set up stage uko, athletes wana itu obana, wana kuja kila mtuna bendera kipeperusha.","Iyo nihafla, wana ndatao, uko kwa ndatao hii mefungwa street, wame set up stage uko, athletes wana itu obana, wana kuja kila mtuna bendera kipeperusha.","Iyo nihafla, wana ndatao, uko kwa ndatao hii mefungwa street, wame set up stage uko, athletes wana itu obana, wana kuja kila mtuna bendera kipeperusha.",sw-KE
sheng_master_000167,/home/ray/Desktop/mkuru/dataset/segmented/gn3q-QJO2cw_Kenya_s_Super_Athletes____Mk/gn3q-QJO2cw_Kenya_s_Super_Athletes____Mk_00088.wav,12.57,"Ah, we need to do better, at what you think ya wa tukama master, na aseni master, ebu ima jinu eni top globally, globally, na tu na pite na tu na ekwa street up a anyata atushuguli kiya apa.","Ah, we need to do better, at what you think ya wa tukama master, na aseni master, ebu ima jinu eni top globally, na tu na pite na tu na ekwa street up anyata atushuguli kiya apa.","Ah, we need to do better, at what you think ya wa tukama master, na aseni master, ebu ima jinu eni top globally, na tu na pite na tu na ekwa street up anyata atushuguli kiya apa.",sw-KE
sheng_master_000168,/home/ray/Desktop/mkuru/dataset/segmented/gn3q-QJO2cw_Kenya_s_Super_Athletes____Mk/gn3q-QJO2cw_Kenya_s_Super_Athletes____Mk_00089.wav,12.9,"So after the official unveiling of the athletes, tuka chukwa ma super starwetu, tuka Rudinau, kutoka apasier, chiniku avali, back to the heel tuko zinal. Waende wa lale sababu the following day.","So after the official unveiling of the athletes, tuka chukwa ma super starwetu, tuka Rudinau, kutoka apasier, chiniku avali, back to the heel tuko zinal. Waende wa lale sababu the following day.","So after the official unveiling of the athletes, tuka chukwa ma super starwetu, tuka Rudinau, kutoka apasier, chiniku avali, back to the heel tuko zinal. Waende wa lale sababu the following day.",sw-KE
sheng_master_000169,/home/ray/Desktop/mkuru/dataset/segmented/gn3q-QJO2cw_Kenya_s_Super_Athletes____Mk/gn3q-QJO2cw_Kenya_s_Super_Athletes____Mk_00090.wav,13.67,Saturday the 8th of August was a big day.,Saturday the 8th of August was a big day.,Saturday the 8th of August was a big day.,sw-KE
sheng_master_000170,/home/ray/Desktop/mkuru/dataset/segmented/gn3q-QJO2cw_Kenya_s_Super_Athletes____Mk/gn3q-QJO2cw_Kenya_s_Super_Athletes____Mk_00092.wav,13.05,"So tukafika wasewa kenda wakatu liya wakaduz then the following day siku ika hanza, kila mtu mazeni presya, tension. Yani ata omau tero, unawaga ungele siya mtu ata akuski, yani mainia.","So tukafika wasewa kenda wakatu liya wakaduz then the following day siku ika hanza, kila mtu mazeni presya, tension. Yani ata omau tero, unawaga ungele siya mtu ata akuski, yani mainia.","So tukafika wasewa kenda wakatu liya wakaduz then the following day siku ika hanza, kila mtu mazeni presya, tension. Yani ata omau tero, unawaga ungele siya mtu ata akuski, yani mainia.",sw-KE
sheng_master_000171,/home/ray/Desktop/mkuru/dataset/segmented/gn3q-QJO2cw_Kenya_s_Super_Athletes____Mk/gn3q-QJO2cw_Kenya_s_Super_Athletes____Mk_00093.wav,9.58,"So after breakfast wakapigwa mawa hida zamusho-musho pale to interviews do-do-go-to-do-go apo, then wakanda wakenge kwa the official bust.","So after breakfast wakapigwa mawa hida zamusho-musho pale to interviews do-go-to-do-go apo, then wakanda wakenge kwa the official bust.","So after breakfast wakapigwa mawa hida zamusho-musho pale to interviews do-go-to-do-go apo, then wakanda wakenge kwa the official bust.",sw-KE
sheng_master_000172,/home/ray/Desktop/mkuru/dataset/segmented/gn3q-QJO2cw_Kenya_s_Super_Athletes____Mk/gn3q-QJO2cw_Kenya_s_Super_Athletes____Mk_00094.wav,13.15,"Kwa shukisha ten na kutokaz zinal back to sea air, sababu starting point ni sea air, munapanda zinal. Wakanda wakafikishu a place, wasewa gawana, wana party opportunity a kupigat warm-ups, ni ni ni uko.","Kwa shukisha ten na kutokaz zinal back to sea air, sababu starting point ni sea air, munapanda zinal. Wakanda wakafikishu a place, wasewa gawana, wana party opportunity a kupigat warm-ups, ni uko.","Kwa shukisha ten na kutokaz zinal back to sea air, sababu starting point ni sea air, munapanda zinal. Wakanda wakafikishu a place, wasewa gawana, wana party opportunity a kupigat warm-ups, ni uko.",sw-KE
sheng_master_000173,/home/ray/Desktop/mkuru/dataset/segmented/gn3q-QJO2cw_Kenya_s_Super_Athletes____Mk/gn3q-QJO2cw_Kenya_s_Super_Athletes____Mk_00095.wav,10.17,"Tukenda tuko akuta uko tena, kwa encourage tuwa panapale, tomas pale ko chare, anangali akakila kitu ya ikusawa, wakonama vest flani apa.","Tukenda tuko akuta uko tena, kwa encourage tuwa panapale, tomas pale ko chare, anangali akakila kitu ya ikusawa, wakonama vest flani apa.","Tukenda tuko akuta uko tena, kwa encourage tuwa panapale, tomas pale ko chare, anangali akakila kitu ya ikusawa, wakonama vest flani apa.",sw-KE
sheng_master_000174,/home/ray/Desktop/mkuru/dataset/segmented/gn3q-QJO2cw_Kenya_s_Super_Athletes____Mk/gn3q-QJO2cw_Kenya_s_Super_Athletes____Mk_00097.wav,12.24,"Madem waka nda starting line up, Ruth na Miriam waka ingia pali, 1030 gap ya waka hanza. Mbogi waka miwatulie 30 minutes later at 11, ndi ho? Mbogi wana.","Madem waka nda starting line up, Ruth na Miriam waka ingia pali, 1030 gap ya waka hanza. Mbogi waka miwatulie 30 minutes later at 11, ndi ho? Mbogi wana.","Madem waka nda starting line up, Ruth na Miriam waka ingia pali, 1030 gap ya waka hanza. Mbogi waka miwatulie 30 minutes later at 11, ndi ho? Mbogi wana.",sw-KE
sheng_master_000175,/home/ray/Desktop/mkuru/dataset/segmented/gn3q-QJO2cw_Kenya_s_Super_Athletes____Mk/gn3q-QJO2cw_Kenya_s_Super_Athletes____Mk_00098.wav,13.24,"So ako palitu wa na piga piga ma stretch zao, ma warm up nini nini, sa minute to 11 mbogi, waka ingi ya kwa starting line up sana. Starting point. 11 sharp bunduki. Baah!","So ako palitu wa na piga ma stretch zao, ma warm up nini, sa minute to 11 mbogi, waka ingi ya kwa starting line up sana. Starting point. 11 sharp bunduki. Baah!","So ako palitu wa na piga ma stretch zao, ma warm up nini, sa minute to 11 mbogi, waka ingi ya kwa starting line up sana. Starting point. 11 sharp bunduki. Baah!",sw-KE
sheng_master_000176,/home/ray/Desktop/mkuru/dataset/segmented/gn3q-QJO2cw_Kenya_s_Super_Athletes____Mk/gn3q-QJO2cw_Kenya_s_Super_Athletes____Mk_00099.wav,12.56,"Wasendi ya ho, manze 6500 athletes, kuna boiwa kisi, kuna boiwa narok na kuru, wote wana takaita.","Wasendi ya ho, manze 6500 athletes, kuna boiwa kisi, kuna boiwa narok na kuru, wote wana takaita.","Wasendi ya ho, manze 6500 athletes, kuna boiwa kisi, kuna boiwa narok na kuru, wote wana takaita.",sw-KE
sheng_master_000177,/home/ray/Desktop/mkuru/dataset/segmented/gn3q-QJO2cw_Kenya_s_Super_Athletes____Mk/gn3q-QJO2cw_Kenya_s_Super_Athletes____Mk_00100.wav,12.25,Six thousand five hundred athletes from all over the world.,Six thousand five hundred athletes from all over the world.,Six thousand five hundred athletes from all over the world.,sw-KE
sheng_master_000178,/home/ray/Desktop/mkuru/dataset/segmented/gn3q-QJO2cw_Kenya_s_Super_Athletes____Mk/gn3q-QJO2cw_Kenya_s_Super_Athletes____Mk_00101.wav,10.94,"So maze rezi mehaza nini nini, yu rezi ikia nzaib, infakt atatuli toka kwa yu area before rezi and the officially. Jua ase ona toka takenbaya, by the time tu na...","So maze rezi mehaza nini, yu rezi ikia nzaib, infakt atatuli toka kwa yu area before rezi and the officially. Jua ase ona toka takenbaya, by the time tu na...","So maze rezi mehaza nini, yu rezi ikia nzaib, infakt atatuli toka kwa yu area before rezi and the officially. Jua ase ona toka takenbaya, by the time tu na...",sw-KE
sheng_master_000179,/home/ray/Desktop/mkuru/dataset/segmented/gn3q-QJO2cw_Kenya_s_Super_Athletes____Mk/gn3q-QJO2cw_Kenya_s_Super_Athletes____Mk_00102.wav,12.77,"Ru di kuchuku agari, 22 angoje kwa de 2 kilometa mak tuge chela wakidogo, tuge patawali sya pita. Aso na toga risa nbio ingina ya risaasi. So ili bidi tu toge kablayo risaasi hibigwe.","Ru di kuchuku agari, 22 angoje kwa de 2 kilometa mak tuge chela wakidogo, tuge patawali sya pita. Aso na toga risa nbio ingina ya risaasi. So ili bidi tu toge kablayo risaasi hibigwe.","Ru di kuchuku agari, 22 angoje kwa de 2 kilometa mak tuge chela wakidogo, tuge patawali sya pita. Aso na toga risa nbio ingina ya risaasi. So ili bidi tu toge kablayo risaasi hibigwe.",sw-KE
sheng_master_000180,/home/ray/Desktop/mkuru/dataset/segmented/gn3q-QJO2cw_Kenya_s_Super_Athletes____Mk/gn3q-QJO2cw_Kenya_s_Super_Athletes____Mk_00103.wav,13.19,"Tu tukwe gari, 22a ndo jewapi, the 2 kilometer mark. Tukafu kapali 2 kilometers, tukambi wakukaribu, wakukama some 7 to 8 minutes away wanakam. Tukatu tegea apu kido kido gondyutwone.","Tukwe gari, 22a ndo jewapi, the 2 kilometer mark. Tukafu kapali 2 kilometers, tukambi wakukaribu, wakukama some 7 to 8 minutes away wanakam. Tukatu tegea apu kido gondyutwone.","Tukwe gari, 22a ndo jewapi, the 2 kilometer mark. Tukafu kapali 2 kilometers, tukambi wakukaribu, wakukama some 7 to 8 minutes away wanakam. Tukatu tegea apu kido gondyutwone.",sw-KE
sheng_master_000181,/home/ray/Desktop/mkuru/dataset/segmented/gn3q-QJO2cw_Kenya_s_Super_Athletes____Mk/gn3q-QJO2cw_Kenya_s_Super_Athletes____Mk_00104.wav,13.78,"Lain api mejipanga haji ono jwe saia tujuwi, atuja pata bado live feed. So atujuwi kuma nda jizu kilomita sa kwanza mbili. Then kido kido go, mbogi, weitru ndiwao, hei, tuko na. I think hili kwa gani.","Lain api mejipanga haji ono jwe saia tujuwi, atuja pata bado live feed. So atujuwi kuma nda jizu kilomita sa kwanza mbili. Then kido go, mbogi, weitru ndiwao, hei, tuko na. I think hili kwa gani.","Lain api mejipanga haji ono jwe saia tujuwi, atuja pata bado live feed. So atujuwi kuma nda jizu kilomita sa kwanza mbili. Then kido go, mbogi, weitru ndiwao, hei, tuko na. I think hili kwa gani.",sw-KE
sheng_master_000182,/home/ray/Desktop/mkuru/dataset/segmented/gn3q-QJO2cw_Kenya_s_Super_Athletes____Mk/gn3q-QJO2cw_Kenya_s_Super_Athletes____Mk_00105.wav,13.95,"Watatu, top 3 wawili wali kwa weitu, filemon na ida patrika ma nani, ida kipnienu ama atuia. So wakapita, wakapita yu kilometer.","Watatu, top 3 wawili wali kwa weitu, filemon na ida patrika ma nani, ida kipnienu ama atuia. So wakapita yu kilometer.","Watatu, top 3 wawili wali kwa weitu, filemon na ida patrika ma nani, ida kipnienu ama atuia. So wakapita yu kilometer.",sw-KE
sheng_master_000183,/home/ray/Desktop/mkuru/dataset/segmented/gn3q-QJO2cw_Kenya_s_Super_Athletes____Mk/gn3q-QJO2cw_Kenya_s_Super_Athletes____Mk_00106.wav,13.3,"Na pili, tuka-tuka, take it, tena kumagari mpi uniku pandamilima, kupandamilima, kupandamilima, baka the 12 kilometer mark. Sasa, as tu na panda-panda, somehow tuka-kam tuka pata signal, yu lai ufidia ya race.","Na pili, tuka-tuka, take it, tena kumagari mpi uniku pandamilima, kupandamilima, baka the 12 kilometer mark. Sasa, as tu na panda-panda, somehow tuka-kam tuka pata signal, yu lai ufidia ya race.","Na pili, tuka-tuka, take it, tena kumagari mpi uniku pandamilima, kupandamilima, baka the 12 kilometer mark. Sasa, as tu na panda-panda, somehow tuka-kam tuka pata signal, yu lai ufidia ya race.",sw-KE
sheng_master_000184,/home/ray/Desktop/mkuru/dataset/segmented/gn3q-QJO2cw_Kenya_s_Super_Athletes____Mk/gn3q-QJO2cw_Kenya_s_Super_Athletes____Mk_00107.wav,11.9,"Manze tu na ingi ya wakoka kilometa ya tanu sita. Mazem tu akumbeli ni mzungu jo, jamaflani wabrito, na mehenda aku peke ake. Then wakona apflani inaku onyesha.","Manze tu na ingi ya wakoka kilometa ya tanu sita. Mazem tu akumbeli ni mzungu jo, jamaflani wabrito, na mehenda aku peke ake. Then wakona apflani inaku onyesha.","Manze tu na ingi ya wakoka kilometa ya tanu sita. Mazem tu akumbeli ni mzungu jo, jamaflani wabrito, na mehenda aku peke ake. Then wakona apflani inaku onyesha.",sw-KE
sheng_master_000185,/home/ray/Desktop/mkuru/dataset/segmented/gn3q-QJO2cw_Kenya_s_Super_Athletes____Mk/gn3q-QJO2cw_Kenya_s_Super_Athletes____Mk_00108.wav,10.55,"Umse akumbele, mwenyanam fwata, ame wachu na distansi na kaaje. Manze na onam mwenyanam fwata bana ako 45 seconds behind. Wacheni wambie, kumbia 45 seconds is a lot.","Umse akumbele, mwenyanam fwata, ame wachu na distansi na kaaje. Manze na onam mwenyanam fwata bana ako 45 seconds behind. Wacheni wambie, kumbia 45 seconds is a lot.","Umse akumbele, mwenyanam fwata, ame wachu na distansi na kaaje. Manze na onam mwenyanam fwata bana ako 45 seconds behind. Wacheni wambie, kumbia 45 seconds is a lot.",sw-KE
sheng_master_000186,/home/ray/Desktop/mkuru/dataset/segmented/gn3q-QJO2cw_Kenya_s_Super_Athletes____Mk/gn3q-QJO2cw_Kenya_s_Super_Athletes____Mk_00109.wav,12.16,"Ume wachua. Uki wachua na 45 sikens. Ume wachua na shindo Jesus, yani. Tume kudia hindi ayo te bana mubrito atutoe tumkate kumdomo.","Ume wachua. Uki wachua na 45 sikens. Ume wachua na shindo Jesus, yani. Tume kudia hindi ayo te bana mubrito atutoe tumkate kumdomo.","Ume wachua. Uki wachua na 45 sikens. Ume wachua na shindo Jesus, yani. Tume kudia hindi ayo te bana mubrito atutoe tumkate kumdomo.",sw-KE
sheng_master_000187,/home/ray/Desktop/mkuru/dataset/segmented/gn3q-QJO2cw_Kenya_s_Super_Athletes____Mk/gn3q-QJO2cw_Kenya_s_Super_Athletes____Mk_00110.wav,11.19,"Yeni tulitoka, tuliyende yo, the 12 kilometer mark maze tukiyo, yeni tukiyo, ee, tension unne za katana kisu, jyotu amini yani bile, yani umzungo na ta.","Yeni tulitoka, tuliyende yo, the 12 kilometer mark maze tukiyo, yeni tukiyo, ee, tension unne za katana kisu, jyotu amini yani bile, yani umzungo na ta.","Yeni tulitoka, tuliyende yo, the 12 kilometer mark maze tukiyo, yeni tukiyo, ee, tension unne za katana kisu, jyotu amini yani bile, yani umzungo na ta.",sw-KE
sheng_master_000188,/home/ray/Desktop/mkuru/dataset/segmented/gn3q-QJO2cw_Kenya_s_Super_Athletes____Mk/gn3q-QJO2cw_Kenya_s_Super_Athletes____Mk_00111.wav,13.05,"So tukenda tukafika yu place ya 12 kilometer, ni kata wakadogo kana itwa chandelin. Pale chandelin, diyo mama jizi konini, diyo wakifi kapale, wakona sponge za kujimogili ya maji, wakona maji ya kukunu ya na azile ma...","So tukenda tukafika yu place ya 12 kilometer, ni kata wakadogo kana itwa chandelin. Pale chandelin, diyo mama jizi konini, diyo wakifi kapale, wakona sponge za kujimogili ya maji, wakona maji ya kukunu ya na azile ma...","So tukenda tukafika yu place ya 12 kilometer, ni kata wakadogo kana itwa chandelin. Pale chandelin, diyo mama jizi konini, diyo wakifi kapale, wakona sponge za kujimogili ya maji, wakona maji ya kukunu ya na azile ma...",sw-KE
sheng_master_000189,/home/ray/Desktop/mkuru/dataset/segmented/gn3q-QJO2cw_Kenya_s_Super_Athletes____Mk/gn3q-QJO2cw_Kenya_s_Super_Athletes____Mk_00112.wav,10.97,"Electrolytes, yaku ungeza, ungeza, ka ena jikidogo. So tukenda tukatu liya pomaze. Sahiba nasiji katengeke tu nini mehapen, atupati yata feed.","Electrolytes, yaku ungeza, ka ena jikidogo. So tukenda tukatu liya pomaze. Sahiba nasiji katengeke tu nini mehapen, atupati yata feed.","Electrolytes, yaku ungeza, ka ena jikidogo. So tukenda tukatu liya pomaze. Sahiba nasiji katengeke tu nini mehapen, atupati yata feed.",sw-KE
sheng_master_000190,/home/ray/Desktop/mkuru/dataset/segmented/gn3q-QJO2cw_Kenya_s_Super_Athletes____Mk/gn3q-QJO2cw_Kenya_s_Super_Athletes____Mk_00113.wav,6.19,"So atu juini nani akwa mbele hii time, ah ah ah. Nia ni akuna kitu inadension kama hii, wu wu wu.","So atu juini nani akwa mbele hii time, ah. Nia ni akuna kitu inadension kama hii, wu.","So atu juini nani akwa mbele hii time, ah. Nia ni akuna kitu inadension kama hii, wu.",sw-KE
sheng_master_000191,/home/ray/Desktop/mkuru/dataset/segmented/gn3q-QJO2cw_Kenya_s_Super_Athletes____Mk/gn3q-QJO2cw_Kenya_s_Super_Athletes____Mk_00116.wav,13.16,"Then ulem britoe tu, I think ndi wali fwata, then says Michael Saoli, Selelo Saoli, aka fwata apu. Kido kido apu, kitu kama namba 6, 7, ule atuia.","Then ulem britoe tu, I think ndi wali fwata, then says Michael Saoli, Selelo Saoli, aka fwata apu. Kido apu, kitu kama namba 6, 7, ule atuia.","Then ulem britoe tu, I think ndi wali fwata, then says Michael Saoli, Selelo Saoli, aka fwata apu. Kido apu, kitu kama namba 6, 7, ule atuia.",sw-KE
sheng_master_000192,/home/ray/Desktop/mkuru/dataset/segmented/gn3q-QJO2cw_Kenya_s_Super_Athletes____Mk/gn3q-QJO2cw_Kenya_s_Super_Athletes____Mk_00117.wav,12.58,"Kafuata tukajambia, ah, ikosa hawa. At least we jano amere game, wacha sasa tutokei 12 kilometer mark to finye mbaka finish line, 22one na nisa sana kwa mkumaliza. Nikupanta milimata ena milimama.","Kafuata tukajambia, ah, ikosa hawa. At least we jano amere game, wacha sasa tutokei 12 kilometer mark to finye mbaka finish line, 22one na nisa sana kwa mkumaliza. Nikupanta milimata ena milimama.","Kafuata tukajambia, ah, ikosa hawa. At least we jano amere game, wacha sasa tutokei 12 kilometer mark to finye mbaka finish line, 22one na nisa sana kwa mkumaliza. Nikupanta milimata ena milimama.",sw-KE
sheng_master_000193,/home/ray/Desktop/mkuru/dataset/segmented/gn3q-QJO2cw_Kenya_s_Super_Athletes____Mk/gn3q-QJO2cw_Kenya_s_Super_Athletes____Mk_00118.wav,12.66,"Izi milima tu na pandana gari, tu na choka, aa asoana pandamu bu. Tukenda tukafika zinal, pale sasa ma li finish line niko, tukapak gari apo, raka fasta, tukakuja tekem baka kwa finish line. Sasa niku kama zewna ango.","Izi milima tu na pandana gari, tu na choka, aa asoana pandamu bu. Tukenda tukafika zinal, pale sasa ma li finish line niko, tukapak gari apo, raka fasta, tukakuja tekem baka kwa finish line. Sasa niku kama zewna ango.","Izi milima tu na pandana gari, tu na choka, aa asoana pandamu bu. Tukenda tukafika zinal, pale sasa ma li finish line niko, tukapak gari apo, raka fasta, tukakuja tekem baka kwa finish line. Sasa niku kama zewna ango.",sw-KE
sheng_master_000194,/home/ray/Desktop/mkuru/dataset/segmented/gn3q-QJO2cw_Kenya_s_Super_Athletes____Mk/gn3q-QJO2cw_Kenya_s_Super_Athletes____Mk_00119.wav,11.51,"Una ngaoja jo. Ulem semonya na tanga za uko maze, atuambi vitu tunata kuskia, ya kutu stori zingi, na shi ngao manze, siu tuambi eni nani, ya kompe lewewe.","Una ngaoja jo. Ulem semonya na tanga za uko maze, atuambi vitu tunata kuskia, ya kutu stori zingi, na shi ngao manze, siu tuambi eni nani, ya kompe lewewe.","Una ngaoja jo. Ulem semonya na tanga za uko maze, atuambi vitu tunata kuskia, ya kutu stori zingi, na shi ngao manze, siu tuambi eni nani, ya kompe lewewe.",sw-KE
sheng_master_000195,/home/ray/Desktop/mkuru/dataset/segmented/gn3q-QJO2cw_Kenya_s_Super_Athletes____Mk/gn3q-QJO2cw_Kenya_s_Super_Athletes____Mk_00121.wav,11.33,Nikaske juli komentikapale jwa mese nama ze something about Kenyans being at the fryer. Yali karimutu cheese ya apu. Dey nolo basa dey nolo na tu.,Nikaske juli komentikapale jwa mese nama ze something about Kenyans being at the fryer. Yali karimutu cheese ya apu. Dey nolo basa dey nolo na tu.,Nikaske juli komentikapale jwa mese nama ze something about Kenyans being at the fryer. Yali karimutu cheese ya apu. Dey nolo basa dey nolo na tu.,sw-KE
sheng_master_000196,/home/ray/Desktop/mkuru/dataset/segmented/gn3q-QJO2cw_Kenya_s_Super_Athletes____Mk/gn3q-QJO2cw_Kenya_s_Super_Athletes____Mk_00122.wav,13.23,"Kwa na tuivi, filemun kiriya kwa na toke mwa, sendi wiyo, anaka anikandi wa mezali wa sayi, ataka inika me choka. Mina shinu upjama, wuleza je kwa na hii, elaji wei, after 31 kilometers, mepanda 2,000 meters elevation.","Kwa na tuivi, filemun kiriya kwa na toke mwa, sendi wiyo, anaka anikandi wa mezali wa sayi, ataka inika me choka. Mina shinu upjama, wuleza je kwa na hii, elaji wei, after 31 kilometers, mepanda 2,000 meters elevation.","Kwa na tuivi, filemun kiriya kwa na toke mwa, sendi wiyo, anaka anikandi wa mezali wa sayi, ataka inika me choka. Mina shinu upjama, wuleza je kwa na hii, elaji wei, after 31 kilometers, mepanda 2,000 meters elevation.",sw-KE
sheng_master_000197,/home/ray/Desktop/mkuru/dataset/segmented/gn3q-QJO2cw_Kenya_s_Super_Athletes____Mk/gn3q-QJO2cw_Kenya_s_Super_Athletes____Mk_00124.wav,12.39,"So tu na jambia maze mungu, na jyotuliko tu mekuomba 123 finish, lakini wu katupati yata 12, tuko sana. Ata utunime namba 2 utupati yata 13, as long as kwa top 3, tuko eno wawili. Manze tu.","So tu na jambia maze mungu, na jyotuliko tu mekuomba 123 finish, lakini wu katupati yata 12, tuko sana. Ata utunime namba 2 utupati yata 13, as long as kwa top 3, tuko eno wawili. Manze tu.","So tu na jambia maze mungu, na jyotuliko tu mekuomba 123 finish, lakini wu katupati yata 12, tuko sana. Ata utunime namba 2 utupati yata 13, as long as kwa top 3, tuko eno wawili. Manze tu.",sw-KE
sheng_master_000198,/home/ray/Desktop/mkuru/dataset/segmented/gn3q-QJO2cw_Kenya_s_Super_Athletes____Mk/gn3q-QJO2cw_Kenya_s_Super_Athletes____Mk_00125.wav,13.68,"Ono Basade, Patrick Kipngenon, diyo huyo, amengia, ako moto deadly. Shepa kaku diya kapiga na mambili. Sosa kuliko na gap between Patrick Kipngenon na the Pasal Mwenyaliku.","Ono Basade, Patrick Kipngenon, diyo huyo, amengia, ako moto deadly. Shepa kaku diya kapiga na mambili. Sosa kuliko na gap between Patrick Kipngenon na the Pasal Mwenyaliku.","Ono Basade, Patrick Kipngenon, diyo huyo, amengia, ako moto deadly. Shepa kaku diya kapiga na mambili. Sosa kuliko na gap between Patrick Kipngenon na the Pasal Mwenyaliku.",sw-KE
sheng_master_000199,/home/ray/Desktop/mkuru/dataset/segmented/gn3q-QJO2cw_Kenya_s_Super_Athletes____Mk/gn3q-QJO2cw_Kenya_s_Super_Athletes____Mk_00126.wav,6.19,"Nambatri, manze tuko apola, na sisi ya nye, we are so ungrateful human beings.","Nambatri, manze tuko apola, na sisi ya nye, we are so ungrateful human beings.","Nambatri, manze tuko apola, na sisi ya nye, we are so ungrateful human beings.",sw-KE
sheng_master_000200,/home/ray/Desktop/mkuru/dataset/segmented/gn3q-QJO2cw_Kenya_s_Super_Athletes____Mk/gn3q-QJO2cw_Kenya_s_Super_Athletes____Mk_00127.wav,13.46,"Tulikuwa tu nomba tu awili, pale kuwa top 3, sasa jutuko na awili, edutu naza kubra ibu mungu tena. God, God, na jutuli sema awili, lakini. Manze wiki tu pati ya tumkeja.","Tulikuwa tu nomba tu awili, pale kuwa top 3, sasa jutuko na awili, edutu naza kubra ibu mungu tena. God, na jutuli sema awili, lakini. Manze wiki tu pati ya tumkeja.","Tulikuwa tu nomba tu awili, pale kuwa top 3, sasa jutuko na awili, edutu naza kubra ibu mungu tena. God, na jutuli sema awili, lakini. Manze wiki tu pati ya tumkeja.",sw-KE
sheng_master_000201,/home/ray/Desktop/mkuru/dataset/segmented/gn3q-QJO2cw_Kenya_s_Super_Athletes____Mk/gn3q-QJO2cw_Kenya_s_Super_Athletes____Mk_00130.wav,11.51,"Izo migu atu jaziola na mtumungine koyo kompetisyon, buyoninana rada dan Michael Thelelo Saaroli.","Izo migu atu jaziola na mtumungine koyo kompetisyon, buyoninana rada dan Michael Thelelo Saaroli.","Izo migu atu jaziola na mtumungine koyo kompetisyon, buyoninana rada dan Michael Thelelo Saaroli.",sw-KE
sheng_master_000202,/home/ray/Desktop/mkuru/dataset/segmented/gn3q-QJO2cw_Kenya_s_Super_Athletes____Mk/gn3q-QJO2cw_Kenya_s_Super_Athletes____Mk_00131.wav,12.2,"Amitri piyango ilisha yapo. Ah, kitiyote nili kwanataka kwa hii maisha, inili ipata kwa hii finish line. Maze 1, 2, 3, Kenyans, Wote. Same team.","Amitri piyango ilisha yapo. Ah, kitiyote nili kwanataka kwa hii maisha, inili ipata kwa hii finish line. Maze 1, 2, 3, Kenyans, Wote. Same team.","Amitri piyango ilisha yapo. Ah, kitiyote nili kwanataka kwa hii maisha, inili ipata kwa hii finish line. Maze 1, 2, 3, Kenyans, Wote. Same team.",sw-KE
sheng_master_000203,/home/ray/Desktop/mkuru/dataset/segmented/gn3q-QJO2cw_Kenya_s_Super_Athletes____Mk/gn3q-QJO2cw_Kenya_s_Super_Athletes____Mk_00132.wav,12.73,Wato ako sponsored na on. Hafsayo tumipiga maguwanda sana on. Tuko on juchin. Wato na tuongali anashinu. On imejipanga hii. Tulipuru gawewe.,Wato ako sponsored na on. Hafsayo tumipiga maguwanda sana on. Tuko on juchin. Wato na tuongali anashinu. On imejipanga hii. Tulipuru gawewe.,Wato ako sponsored na on. Hafsayo tumipiga maguwanda sana on. Tuko on juchin. Wato na tuongali anashinu. On imejipanga hii. Tulipuru gawewe.,sw-KE
sheng_master_000204,/home/ray/Desktop/mkuru/dataset/segmented/gn3q-QJO2cw_Kenya_s_Super_Athletes____Mk/gn3q-QJO2cw_Kenya_s_Super_Athletes____Mk_00133.wav,11.73,"Two weeks later, just a years na pigae stori nii two weeks tagu yo kompetitio, bad do wa naongia jo yo res. Vile Kenyansu wali yenda wakaburuga resi ya wenewe wu kwa it was amazing. Crazy.","Two weeks later, just a years na pigae stori nii two weeks tagu yo kompetitio, bad do wa naongia jo yo res. Vile Kenyansu wali yenda wakaburuga resi ya wenewe wu kwa it was amazing. Crazy.","Two weeks later, just a years na pigae stori nii two weeks tagu yo kompetitio, bad do wa naongia jo yo res. Vile Kenyansu wali yenda wakaburuga resi ya wenewe wu kwa it was amazing. Crazy.",sw-KE
sheng_master_000205,/home/ray/Desktop/mkuru/dataset/segmented/gn3q-QJO2cw_Kenya_s_Super_Athletes____Mk/gn3q-QJO2cw_Kenya_s_Super_Athletes____Mk_00134.wav,13.95,"Siku mbuki the last time nili feel patriotic ivo. I can't remember. Hei guys, as na funga e re kapot, te komi anguni.","Siku mbuki the last time nili feel patriotic ivo. I can't remember. Hei guys, as na funga e re kapot, te komi anguni.","Siku mbuki the last time nili feel patriotic ivo. I can't remember. Hei guys, as na funga e re kapot, te komi anguni.",sw-KE
sheng_master_000206,/home/ray/Desktop/mkuru/dataset/segmented/gn3q-QJO2cw_Kenya_s_Super_Athletes____Mk/gn3q-QJO2cw_Kenya_s_Super_Athletes____Mk_00136.wav,12.43,"Umeto kakenya, kila mtu anati. Ah, ya, ya, ya, ya, ya, we know you for running. Aso umeto ekambele kuliko kila kid, misi juni nani ame kakenya nismbele kuliko athletes.","Umeto kakenya, kila mtu anati. Ah, ya, we know you for running. Aso umeto ekambele kuliko kila kid, misi juni nani ame kakenya nismbele kuliko athletes.","Umeto kakenya, kila mtu anati. Ah, ya, we know you for running. Aso umeto ekambele kuliko kila kid, misi juni nani ame kakenya nismbele kuliko athletes.",sw-KE
sheng_master_000207,/home/ray/Desktop/mkuru/dataset/segmented/gn3q-QJO2cw_Kenya_s_Super_Athletes____Mk/gn3q-QJO2cw_Kenya_s_Super_Athletes____Mk_00137.wav,11.26,"Wau kapati watu a day in the life of an athlete, unakuit sa tatu wasubui, skudangani. Mili ka nao isu sku, ah ah, it's not easy, sotu wana nyeshenima.","Wau kapati watu a day in the life of an athlete, unakuit sa tatu wasubui, skudangani. Mili ka nao isu sku, ah, it's not easy, sotu wana nyeshenima.","Wau kapati watu a day in the life of an athlete, unakuit sa tatu wasubui, skudangani. Mili ka nao isu sku, ah, it's not easy, sotu wana nyeshenima.",sw-KE
sheng_master_000208,/home/ray/Desktop/mkuru/dataset/segmented/Sheng0002/Sheng0002_00000.wav,12.55,"May be interesting that you discovered about your family only because there was a big family occasion. Onajwa manenuha family na kuanga a little bit sensitive, but there's a lot of good that comes with it manenuha.","May be interesting that you discovered about your family only because there was a big family occasion. Onajwa manenuha family na kuanga a little bit sensitive, but there's a lot of good that comes with it manenuha.","May be interesting that you discovered about your family only because there was a big family occasion. Onajwa manenuha family na kuanga a little bit sensitive, but there's a lot of good that comes with it manenuha.",sw-KE
sheng_master_000209,/home/ray/Desktop/mkuru/dataset/segmented/Sheng0002/Sheng0002_00001.wav,9.8,"We all love it when something like, you know, the whole family is getting together for whatever reason, pleasant and pleasant. Fami yongasina paterna every once in a while man, but...","We all love it when something like, you know, the whole family is getting together for whatever reason, pleasant and pleasant. Fami yongasina paterna every once in a while man, but...","We all love it when something like, you know, the whole family is getting together for whatever reason, pleasant and pleasant. Fami yongasina paterna every once in a while man, but...",sw-KE
sheng_master_000210,/home/ray/Desktop/mkuru/dataset/segmented/Sheng0002/Sheng0002_00002.wav,12.41,One thing you can bet on is we've all come to learn some very interesting things about our families during these same occasions and I don't know if you got wind of what went down with the late stupid boy.,One thing you can bet on is we've all come to learn some very interesting things about our families during these same occasions and I don't know if you got wind of what went down with the late stupid boy.,One thing you can bet on is we've all come to learn some very interesting things about our families during these same occasions and I don't know if you got wind of what went down with the late stupid boy.,sw-KE
sheng_master_000211,/home/ray/Desktop/mkuru/dataset/segmented/Sheng0002/Sheng0002_00009.wav,13.45,"Nili kujapujo na de veri same tingzi le te menyemze wangwa li pas manze RIP to the old man. Juhu na jwa the problem is that everyone close to that loved one feels very entitled to how things should go, how things should be.","Nili kujapujo na de veri same tingzi le te menyemze wangwa li pas manze RIP to the old man. Juhu na jwa the problem is that everyone close to that loved one feels very entitled to how things should go, how things should be.","Nili kujapujo na de veri same tingzi le te menyemze wangwa li pas manze RIP to the old man. Juhu na jwa the problem is that everyone close to that loved one feels very entitled to how things should go, how things should be.",sw-KE
sheng_master_000212,/home/ray/Desktop/mkuru/dataset/segmented/Sheng0002/Sheng0002_00011.wav,13.94,"This is what their loved one wished for, for themselves, because wana fi piasisini kama tunamjua beta. We know him better, we know her better than they know themselves. Mimina kwa mtikuna punamare la tikzutwe ginoa li dayisha a wakuji mazizi yamzae.","This is what their loved one wished for themselves, because wana fi piasisini kama tunamjua beta. We know him better, we know her better than they know themselves. Mimina kwa mtikuna punamare la tikzutwe ginoa li dayisha a wakuji mazizi yamzae.","This is what their loved one wished for themselves, because wana fi piasisini kama tunamjua beta. We know him better, we know her better than they know themselves. Mimina kwa mtikuna punamare la tikzutwe ginoa li dayisha a wakuji mazizi yamzae.",sw-KE
sheng_master_000213,/home/ray/Desktop/mkuru/dataset/segmented/Sheng0002/Sheng0002_00013.wav,10.22,"But it can get really ugly man. Does your family know what you really actually want when it comes to some things? Naiyondo assignment na takani kupati e wiki, but this is just a side note, right?","But it can get really ugly man. Does your family know what you really actually want when it comes to some things? Naiyondo assignment na takani kupati e wiki, but this is just a side note, right?","But it can get really ugly man. Does your family know what you really actually want when it comes to some things? Naiyondo assignment na takani kupati e wiki, but this is just a side note, right?",sw-KE
sheng_master_000214,/home/ray/Desktop/mkuru/dataset/segmented/Sheng0003/Sheng0003_00001.wav,11.28,"Listen man, first of all congratulations to Gorma here not because they lost but of course because they lost one playing football.","Listen man, first of all congratulations to Gorma here not because they lost but of course because they lost one playing football.","Listen man, first of all congratulations to Gorma here not because they lost but of course because they lost one playing football.",sw-KE
sheng_master_000215,/home/ray/Desktop/mkuru/dataset/segmented/Sheng0003/Sheng0003_00009.wav,12.45,We need to find a solution this week. We need to find a solution very soon so that we can give our teams a chance to play competitive games out there. Buddha.,We need to find a solution this week. We need to find a solution very soon so that we can give our teams a chance to play competitive games out there. Buddha.,We need to find a solution this week. We need to find a solution very soon so that we can give our teams a chance to play competitive games out there. Buddha.,sw-KE
sheng_master_000216,/home/ray/Desktop/mkuru/dataset/segmented/Sheng0003/Sheng0003_00010.wav,12.38,"Ni kamaweinge KCSI OJfa ya examihote dewa, dole 4-4. It's not possible. So we just need to find a solution for the local league to start. Does Professor Leagnes to come back?","Ni kamaweinge KCSI OJfa ya examihote dewa, dole 4-4. It's not possible. So we just need to find a solution for the local league to start. Does Professor Leagnes to come back?","Ni kamaweinge KCSI OJfa ya examihote dewa, dole 4-4. It's not possible. So we just need to find a solution for the local league to start. Does Professor Leagnes to come back?",sw-KE
sheng_master_000217,/home/ray/Desktop/mkuru/dataset/segmented/Sheng0003/Sheng0003_00012.wav,8.83,"If Tasker play the way they played yesterday, they might be going a little bit further than we all thought when it comes to continental football.","If Tasker play the way they played yesterday, they might be going a little bit further than we all thought when it comes to continental football.","If Tasker play the way they played yesterday, they might be going a little bit further than we all thought when it comes to continental football.",sw-KE
sheng_master_000218,/home/ray/Desktop/mkuru/dataset/segmented/Sheng0004/Sheng0004_00000.wav,13.71,"Who are we captaining this weekend? Last week, what only check out to Akiyakabruno for Nande's captain? Wea, la muka wala nikahat ni mutinga, arka pukha ar tuveki kula 7 diri wea wea. That was actually unexpected. That was amongst the people who got my check out to a...","Who are we captaining this weekend? Last week, what only check out to Akiyakabruno for Nande's captain? Wea, la muka wala nikahat ni mutinga, arka pukha ar tuveki kula 7 diri wea. That was actually unexpected. That was amongst the people who got my check out to a...","Who are we captaining this weekend? Last week, what only check out to Akiyakabruno for Nande's captain? Wea, la muka wala nikahat ni mutinga, arka pukha ar tuveki kula 7 diri wea. That was actually unexpected. That was amongst the people who got my check out to a...",sw-KE
sheng_master_000219,/home/ray/Desktop/mkuru/dataset/segmented/Sheng0004/Sheng0004_00003.wav,12.69,"Man City v. Goventi, tunanguka na hale, ama Arsenal v. Chelsea and then the last one ever tun v. Manchester United. Eda matimeni ina loruma, City, City ina loruma.","Man City v. Goventi, tunanguka na hale, ama Arsenal v. Chelsea and then the last one ever tun v. Manchester United. Eda matimeni ina loruma, City ina loruma.","Man City v. Goventi, tunanguka na hale, ama Arsenal v. Chelsea and then the last one ever tun v. Manchester United. Eda matimeni ina loruma, City ina loruma.",sw-KE
sheng_master_000220,/home/ray/Desktop/mkuru/dataset/segmented/Sheng0004/Sheng0004_00012.wav,13.62,"Jelsi mabibi zepu nanda kuwa kuri niu vauza. We are going to renew our vauza against us. Who are we captaining this weekend? Last week, what only check?","Jelsi mabibi zepu nanda kuwa kuri niu vauza. We are going to renew our vauza against us. Who are we captaining this weekend? Last week, what only check?","Jelsi mabibi zepu nanda kuwa kuri niu vauza. We are going to renew our vauza against us. Who are we captaining this weekend? Last week, what only check?",sw-KE
sheng_master_000221,/home/ray/Desktop/mkuru/dataset/segmented/Sheng0005/Sheng0005_00001.wav,7.51,"So my name is Kevin Matthews, I'm responsible for delivering the digital experience over at KCB.","So my name is Kevin Matthews, I'm responsible for delivering the digital experience over at KCB.","So my name is Kevin Matthews, I'm responsible for delivering the digital experience over at KCB.",sw-KE
sheng_master_000222,/home/ray/Desktop/mkuru/dataset/segmented/Sheng0005/Sheng0005_00008.wav,12.97,"Sosai kuna Genzi maalia, leuku Jua Smart Banki ina kaji sai and how is KCB responding to change in, you know, customer expectation? Right, so the new KCB mobile banking up.","Sosai kuna Genzi maalia, leuku Jua Smart Banki ina kaji sai and how is KCB responding to change in, you know, customer expectation? Right, so the new KCB mobile banking up.","Sosai kuna Genzi maalia, leuku Jua Smart Banki ina kaji sai and how is KCB responding to change in, you know, customer expectation? Right, so the new KCB mobile banking up.",sw-KE
sheng_master_000223,/home/ray/Desktop/mkuru/dataset/segmented/Sheng0005/Sheng0005_00010.wav,10.96,At KCB we have continued to invest in the digital solutions. Of course we know what the market is offering and KCB is regional so we are also in other countries that is.,At KCB we have continued to invest in the digital solutions. Of course we know what the market is offering and KCB is regional so we are also in other countries that is.,At KCB we have continued to invest in the digital solutions. Of course we know what the market is offering and KCB is regional so we are also in other countries that is.,sw-KE
sheng_master_000224,/home/ray/Desktop/mkuru/dataset/segmented/Sheng0005/Sheng0005_00011.wav,4.04,"Tizania, South Sudan, Kuzundi, Uganda, Wanda.","Tizania, South Sudan, Kuzundi, Uganda, Wanda.","Tizania, South Sudan, Kuzundi, Uganda, Wanda.",sw-KE
sheng_master_000225,/home/ray/Desktop/mkuru/dataset/segmented/Sheng0005/Sheng0005_00012.wav,10.09,"So what we get from feedback from our customers, we put it back into the pipeline. So we listen to our customers, we listen to what the market is saying at large and what it has been talking about.","So what we get from feedback from our customers, we put it back into the pipeline. So we listen to our customers, we listen to what the market is saying at large and what it has been talking about.","So what we get from feedback from our customers, we put it back into the pipeline. So we listen to our customers, we listen to what the market is saying at large and what it has been talking about.",sw-KE
sheng_master_000226,/home/ray/Desktop/mkuru/dataset/segmented/Sheng0006/Sheng0006_00001.wav,11.81,"Wel, hiya panani hile unafakua reili because, hi, you can tunanguja first of all Sunday, we all agree about that, ya, to kupamoja, tunanguja Sunday, but the first game is tonight's Sunday.","Wel, hiya panani hile unafakua reili because, hi, you can tunanguja first of all Sunday, we all agree about that, ya, to kupamoja, tunanguja Sunday, but the first game is tonight'sunday.","Wel, hiya panani hile unafakua reili because, hi, you can tunanguja first of all Sunday, we all agree about that, ya, to kupamoja, tunanguja Sunday, but the first game is tonight'sunday.",sw-KE
sheng_master_000227,/home/ray/Desktop/mkuru/dataset/segmented/Sheng0006/Sheng0006_00002.wav,8.18,"Ipswich Town vs Liverpool. Na Liverpoolu ame kuwa, tifahati drop stinkas. Eriki jiru sijuka kwa sa... Ipswich Town vs Liverpool.","Ipswich Town vs Liverpool. Na Liverpoolu ame kuwa, tifahati drop stinkas. Eriki jiru sijuka kwa sa... Ipswich Town vs Liverpool.","Ipswich Town vs Liverpool. Na Liverpoolu ame kuwa, tifahati drop stinkas. Eriki jiru sijuka kwa sa... Ipswich Town vs Liverpool.",sw-KE
sheng_master_000228,/home/ray/Desktop/mkuru/dataset/segmented/Sheng0006/Sheng0006_00006.wav,4.78,"Next, Keshu Ali Kikofi takwanya kastu vasizbol mo.","Next, Keshu Ali Kikofi takwanya kastu vasizbol mo.","Next, Keshu Ali Kikofi takwanya kastu vasizbol mo.",sw-KE
sheng_master_000229,/home/ray/Desktop/mkuru/dataset/segmented/Sheng0006/Sheng0006_00010.wav,12.35,Apu hala dada pigapa wakata. Skillimandiai. Skillimandiai. Enzo numa. Enzo afungiapa jilemini. Apu sawa.,Apu hala dada pigapa wakata. Skillimandiai. Enzo numa. Enzo afungiapa jilemini. Apu sawa.,Apu hala dada pigapa wakata. Skillimandiai. Enzo numa. Enzo afungiapa jilemini. Apu sawa.,sw-KE
sheng_master_000230,/home/ray/Desktop/mkuru/dataset/segmented/Sheng0006/Sheng0006_00011.wav,2.55,"So, Siti, hadikshen, faibniru.","So, Siti, hadikshen, faibniru.","So, Siti, hadikshen, faibniru.",sw-KE
sheng_master_000231,/home/ray/Desktop/mkuru/dataset/segmented/Sheng0007/Sheng0007_00006.wav,6.87,Naimajinili umekazo na itajituku. Iya. The best thing is that. Kadibi za weird.,Naimajinili umekazo na itajituku. Iya. The best thing is that. Kadibi za weird.,Naimajinili umekazo na itajituku. Iya. The best thing is that. Kadibi za weird.,sw-KE
sheng_master_000232,/home/ray/Desktop/mkuru/dataset/segmented/Sheng0008/Sheng0008_00000.wav,9.77,University. Onmyangushapu evo dress koningine muwetizu. Me pospalevo online nansana shangarada. Rada ni gani bro.,University. Onmyangushapu evo dress koningine muwetizu. Me pospalevo online nansana shangarada. Rada ni gani bro.,University. Onmyangushapu evo dress koningine muwetizu. Me pospalevo online nansana shangarada. Rada ni gani bro.,sw-KE
sheng_master_000233,/home/ray/Desktop/mkuru/dataset/segmented/Sheng0008/Sheng0008_00003.wav,16.52,Amanyuwa tu tu wa sasiko. Nuna juna seleksi unitzako zotezikwe on-line Ubaipasi mamboya minguwa. But fear... He actually applies to on-line students. Silekata kwa pwa na kujeki. Kamera onsen asimu kuna dredi jets nyo.,Amanyuwa tu wa sasiko. Nuna juna seleksi unitzako zotezikwe on-line Ubaipasi mamboya minguwa. But fear... He actually applies to on-line students. Silekata kwa pwa na kujeki. Kamera onsen asimu kuna dredi jets nyo.,Amanyuwa tu wa sasiko. Nuna juna seleksi unitzako zotezikwe on-line Ubaipasi mamboya minguwa. But fear... He actually applies to on-line students. Silekata kwa pwa na kujeki. Kamera onsen asimu kuna dredi jets nyo.,sw-KE
sheng_master_000234,/home/ray/Desktop/mkuru/dataset/segmented/Sheng0008/Sheng0008_00004.wav,13.43,"Nekata koshu animeva trauza. Reho rehten, onen klasikana. Ay, panapa java, zaporina, nene sunatu apokana. Sini kukwakitanda, kuna danimetoka.","Nekata koshu animeva trauza. Reho rehten, onen klasikana. Ay, panapa java, zaporina, nene sunatu apokana. Sini kukwakitanda, kuna danimetoka.","Nekata koshu animeva trauza. Reho rehten, onen klasikana. Ay, panapa java, zaporina, nene sunatu apokana. Sini kukwakitanda, kuna danimetoka.",sw-KE
sheng_master_000235,/home/ray/Desktop/mkuru/dataset/segmented/Sheng0008/Sheng0008_00005.wav,16.85,"This is a class year 8 na ni kuwako. Undabu miyembuna jipele kanda asiti ngunu bacha. No, no, no, no. Piha penkamu ulemtya maa Nairobi University. Ao ni Maa. Na li kuwaisi na niya ulemtya maa. Tapat Piha. This year I school Monday. Achen niyezoma University. I think I think this dress...",This is a class year 8 na ni kuwako. Undabu miyembuna jipele kanda asiti ngunu bacha. No. Piha penkamu ulemtya maa Nairobi University. Ao ni Maa. Na li kuwaisi na niya ulemtya maa. Tapat Piha. This year I school Monday. Achen niyezoma University. I think this dress...,This is a class year 8 na ni kuwako. Undabu miyembuna jipele kanda asiti ngunu bacha. No. Piha penkamu ulemtya maa Nairobi University. Ao ni Maa. Na li kuwaisi na niya ulemtya maa. Tapat Piha. This year I school Monday. Achen niyezoma University. I think this dress...,sw-KE
sheng_master_000236,/home/ray/Desktop/mkuru/dataset/segmented/Sheng0008/Sheng0008_00006.wav,4.39,"Minaskiya, the best kwa kwa mbiya tuni dress, how you want to be addressed. Tani pata.","Minaskiya, the best kwa mbiya tuni dress, how you want to be addressed. Tani pata.","Minaskiya, the best kwa mbiya tuni dress, how you want to be addressed. Tani pata.",sw-KE
sheng_master_000237,/home/ray/Desktop/mkuru/dataset/segmented/Sheng0008/Sheng0008_00007.wav,13.3,"Okay, now if you say that, now most people just like to dress in comfortable stuff like crocs, maserpasi, nimi, umse unafakumu wa dressaji. Okay fine, kunaile kunaile kunti image, unadjua, unataka.","Okay, now if you say that, now most people just like to dress in comfortable stuff like crocs, maserpasi, nimi, umse unafakumu wa dressaji. Okay fine, kunaile kunti image, unadjua, unataka.","Okay, now if you say that, now most people just like to dress in comfortable stuff like crocs, maserpasi, nimi, umse unafakumu wa dressaji. Okay fine, kunaile kunti image, unadjua, unataka.",sw-KE
sheng_master_000238,/home/ray/Desktop/mkuru/dataset/segmented/Sheng0008/Sheng0008_00013.wav,8.75,"Nima kwa mbiya ya de Changi. Suza, Changi mutuka ya wewezi soma. Nibi checki Kabaraki University. Kwa mi ambusha apu evo.","Nima kwa mbiya ya de Changi. Suza, Changi mutuka ya wewezi soma. Nibi checki Kabaraki University. Kwa mi ambusha apu evo.","Nima kwa mbiya ya de Changi. Suza, Changi mutuka ya wewezi soma. Nibi checki Kabaraki University. Kwa mi ambusha apu evo.",sw-KE
sheng_master_000239,/home/ray/Desktop/mkuru/dataset/segmented/Sheng0009/Sheng0009_00010.wav,12.84,"Nisha kwa miniyajineyo kontrakte yehwe, I don't trust you to see that contract to the very end if apakatikati meza kwa misha mwa zami, I trust the new man and as much as ginakodong have been sued, they've been taken to court.","Nisha kwa miniyajineyo kontrakte yehwe, I don'trust you to see that contract to the very end if apakatikati meza kwa misha mwa zami, I trust the new man and as much as ginakodong have been sued, they've been taken to court.","Nisha kwa miniyajineyo kontrakte yehwe, I don'trust you to see that contract to the very end if apakatikati meza kwa misha mwa zami, I trust the new man and as much as ginakodong have been sued, they've been taken to court.",sw-KE
sheng_master_000240,/home/ray/Desktop/mkuru/dataset/segmented/Sheng0009/Sheng0009_00012.wav,9.32,"So sometimes walking away from a sweet deal, from a good deal just because of integrity is gonna save you more than the money you are going to make.","Sometimes walking away from a sweet deal, from a good deal just because of integrity is gonna save you more than the money you are going to make.","Sometimes walking away from a sweet deal, from a good deal just because of integrity is gonna save you more than the money you are going to make.",sw-KE
sheng_master_000241,/home/ray/Desktop/mkuru/dataset/segmented/Sheng0010/Sheng0010_00007.wav,10.28,"So, you feel one game to the next game. Yes, you guys are playing checkers. So, how many points will you have if you continue playing like that and you lose this one, draw points on this one and then win the next one.","So, you feel one game to the next game. Yes, you guys are playing checkers. So, how many points will you have if you continue playing like that and you lose this one, draw points on this one and then win the next one.","So, you feel one game to the next game. Yes, you guys are playing checkers. So, how many points will you have if you continue playing like that and you lose this one, draw points on this one and then win the next one.",sw-KE
sheng_master_000242,/home/ray/Desktop/mkuru/dataset/segmented/Sheng0010/Sheng0010_00008.wav,6.19,"Nafujetro pohiz, mwakulashita pohiz. Dziza very big difference. Nafujetro pohiz, because you are...","Nafujetro pohiz, mwakulashita pohiz. Dziza very big difference. Nafujetro pohiz, because you are...","Nafujetro pohiz, mwakulashita pohiz. Dziza very big difference. Nafujetro pohiz, because you are...",sw-KE
sheng_master_000243,/home/ray/Desktop/mkuru/dataset/segmented/Sheng0010/Sheng0010_00010.wav,17.37,"Relax, tu na takapu ingi ya, yuki mutua na awo manu ni mafal ya, hata humda komna trail kutu jazeb. Na, yuki wa pata kiki ya kai. Yitu ni fluctuation, nan pata. Ono na kama yutu, konawin, bro, looze. Unona. Misha wakata kila kiki jazeb. Tumisha hanzasad, meza hanzasafresh.","Relax, tu na takapu ingi ya, yuki mutua na awo manu ni mafal ya, hata humda komna trail kutu jazeb. Na, yuki wa pata kiki ya kai. Yitu ni fluctuation, nan pata. Ono na kama yutu, konawin, bro, looze. Unona. Misha wakata kila kiki jazeb. Tumisha hanzasad, meza hanzasafresh.","Relax, tu na takapu ingi ya, yuki mutua na awo manu ni mafal ya, hata humda komna trail kutu jazeb. Na, yuki wa pata kiki ya kai. Yitu ni fluctuation, nan pata. Ono na kama yutu, konawin, bro, looze. Unona. Misha wakata kila kiki jazeb. Tumisha hanzasad, meza hanzasafresh.",sw-KE
sheng_master_000244,/home/ray/Desktop/mkuru/dataset/segmented/Sheng0010/Sheng0010_00012.wav,12.95,We are going to renew our house in Chelsi. Yes. Junao nima mimi zitu na tumu mazoe. And that's exactly what we did. Chelsi liking the nice team here.,We are going to renew our house in Chelsi. Yes. Junao nima mimi zitu na tumu mazoe. And that's exactly what we did. Chelsi liking the nice team here.,We are going to renew our house in Chelsi. Yes. Junao nima mimi zitu na tumu mazoe. And that's exactly what we did. Chelsi liking the nice team here.,sw-KE
sheng_master_000245,/home/ray/Desktop/mkuru/dataset/segmented/Sheng0011/Sheng0011_00000.wav,4.13,Stoliangu ya leo atastaji wiki wiki wiki wiki wiki wiki wiki.,Stoliangu ya leo atastaji wiki.,Stoliangu ya leo atastaji wiki.,sw-KE
sheng_master_000246,/home/ray/Desktop/mkuru/dataset/segmented/Sheng0011/Sheng0011_00002.wav,14.88,"Oye Shengske ya kimo mewkombi ya tijana nili yotana. So, a tijana nili yotana nikiwa China. Ata aweni, kondotu piya aweni. kwa kwa kwa kwa kwa kwa kwa kwa kwa kwa kwa kwa kwa kwa kwa kwa kwa kwa kwa kwa kwa kwa kwa kwa kwa kwa kwa kwa kwa kwa kwa","Oye Shengske ya kimo mewkombi ya tijana nili yotana. So, a tijana nili yotana nikiwa China. Ata aweni, kondotu piya aweni. kwa","Oye Shengske ya kimo mewkombi ya tijana nili yotana. So, a tijana nili yotana nikiwa China. Ata aweni, kondotu piya aweni. kwa",sw-KE
sheng_master_000247,/home/ray/Desktop/mkuru/dataset/segmented/Sheng0011/Sheng0011_00003.wav,11.24,"Ya, I dreamt about you last night. Aliyon na nini, BLA! It was just a BLA Buddha. So ya, people who wear glasses, they don't remember their dreams because they can't even see.","Ya, I dreamt about you last night. Aliyon na nini, BLA! It was just a BLA Buddha. So ya, people who wear glasses, they don't remember their dreams because they can't even see.","Ya, I dreamt about you last night. Aliyon na nini, BLA! It was just a BLA Buddha. So ya, people who wear glasses, they don't remember their dreams because they can't even see.",sw-KE
sheng_master_000248,/home/ray/Desktop/mkuru/dataset/segmented/Sheng0011/Sheng0011_00007.wav,12.79,"Ane ito, ane eka kwa ground, ane toa heeps. Maasta na semaninia na geuka 1 GB. Uliwa na shoriva kwa iwi ke maa niya kwa nii uko elia maa. Maasta. Mutua na tosha na nikita.","Ane ito, ane eka kwa ground, ane toa heeps. Maasta na semaninia na geuka 1 GB. Uliwa na shoriva kwa iwi ke maa niya kwa nii uko elia maa. Maasta. Mutua na tosha na nikita.","Ane ito, ane eka kwa ground, ane toa heeps. Maasta na semaninia na geuka 1 GB. Uliwa na shoriva kwa iwi ke maa niya kwa nii uko elia maa. Maasta. Mutua na tosha na nikita.",sw-KE
sheng_master_000249,/home/ray/Desktop/mkuru/dataset/segmented/Sheng0011/Sheng0011_00009.wav,12.18,"Wana ba, wana ba, wana ba, kipsa, wana ba, aga wana ba buge. Tjekilemis, ya the only people who can confirm if Jax's story is not from the old-","Wana ba, kipsa, wana ba, aga wana ba buge. Tjekilemis, ya the only people who can confirm if Jax'story is not from the old-","Wana ba, kipsa, wana ba, aga wana ba buge. Tjekilemis, ya the only people who can confirm if Jax'story is not from the old-",sw-KE
sheng_master_000250,/home/ray/Desktop/mkuru/dataset/segmented/Sheng0012/Sheng0012_00002.wav,17.92,Mkurugenzi na Mkurugenzi na Mkurugenzi na Mkurugenzi na Mkurugenzi na Mkurugenzi na Mkurugenzi na Mkurugenzi na Mkurugenzi na Mkurugenzi na Mkurugenzi na Mkurugenzi na Mkurugenzi na Mkurugenzi na Mkurugenzi.,Mkurugenzi na Mkurugenzi.,Mkurugenzi na Mkurugenzi.,sw-KE
sheng_master_000251,/home/ray/Desktop/mkuru/dataset/segmented/Sheng0012/Sheng0012_00003.wav,10.06,"We decided as a band we need to open a new chapter in our lives because we've been together for like 7, 8 years also.","We decided as a band we need to open a new chapter in our lives because we've been together for like 7, 8 years also.","We decided as a band we need to open a new chapter in our lives because we've been together for like 7, 8 years also.",sw-KE
sheng_master_000252,/home/ray/Desktop/mkuru/dataset/segmented/Sheng0012/Sheng0012_00004.wav,9.1,"Ya and that was since high school, so literally it's the experience anything aside from like the bun you get and","Ya and that was since high school, so literally it's the experience anything aside from like the bun you get and","Ya and that was since high school, so literally it's the experience anything aside from like the bun you get and",sw-KE
sheng_master_000253,/home/ray/Desktop/mkuru/dataset/segmented/Sheng0012/Sheng0012_00009.wav,11.28,Petorosa is being his own business store thing but Anafakwenda Maju in the next few months to pursue greener pastures.,Petorosa is being his own business store thing but Anafakwenda Maju in the next few months to pursue greener pastures.,Petorosa is being his own business store thing but Anafakwenda Maju in the next few months to pursue greener pastures.,sw-KE
sheng_master_000254,/home/ray/Desktop/mkuru/dataset/segmented/Sheng0013/Sheng0013_00001.wav,9.25,"Niki kama na kashifu, niki kama na kashirik. Okay. Amisimandu giyangu, niki kupatile chupa ya, stu sampo. Usi jazi.","Niki kama na kashifu, niki kama na kashirik. Okay. Amisimandu giyangu, niki kupatile chupa ya, stu sampo. Usi jazi.","Niki kama na kashifu, niki kama na kashirik. Okay. Amisimandu giyangu, niki kupatile chupa ya, stu sampo. Usi jazi.",sw-KE
sheng_master_000255,/home/ray/Desktop/mkuru/dataset/segmented/Sheng0014/Sheng0014_00002.wav,4.98,"En palemazoki angali yunga vinyo sa Udbens muna yunga kudresku pati, muna jua.","En palemazoki angali yunga vinyo sa Udbens muna yunga kudresku pati, muna jua.","En palemazoki angali yunga vinyo sa Udbens muna yunga kudresku pati, muna jua.",sw-KE
sheng_master_000256,/home/ray/Desktop/mkuru/dataset/segmented/Sheng0014/Sheng0014_00003.wav,12.33,"Uka e shiti unanuki ya shiti, nuna dance pia comfortably and most of the time uta pana pia, skat nazo zi gondizmi pita chini amagoti znakona zi mecheze ukuju na ease of zote. And now in Rwanda","Uka e shiti unanuki ya shiti, nuna dance pia comfortably and most of the time uta pana pia, skat nazo zi gondizmi pita chini amagoti znakona zi mecheze ukuju na ease of zote. And now in Rwanda","Uka e shiti unanuki ya shiti, nuna dance pia comfortably and most of the time uta pana pia, skat nazo zi gondizmi pita chini amagoti znakona zi mecheze ukuju na ease of zote. And now in Rwanda",sw-KE
sheng_master_000257,/home/ray/Desktop/mkuru/dataset/segmented/Sheng0014/Sheng0014_00009.wav,5.21,"Kurbi implemented in Kenya. Radha, do you think it could work in Kenya? You implement it. Sida ni kuja...","Kurbi implemented in Kenya. Radha, do you think it could work in Kenya? You implement it. Sida ni kuja...","Kurbi implemented in Kenya. Radha, do you think it could work in Kenya? You implement it. Sida ni kuja...",sw-KE
sheng_master_000258,/home/ray/Desktop/mkuru/dataset/segmented/Sheng0015/Sheng0015_00004.wav,13.02,"I know so many people are like, hey, cities actually buying the link, not really man. Ilein yolangale yolase ma, the deadline window is in Meshantjama and now Chelsea fans are actually really really furious.","I know so many people are like, hey, cities actually buying the link, not really man. Ilein yolangale yolase ma, the deadline window is in Meshantjama and now Chelsea fans are actually really furious.","I know so many people are like, hey, cities actually buying the link, not really man. Ilein yolangale yolase ma, the deadline window is in Meshantjama and now Chelsea fans are actually really furious.",sw-KE
sheng_master_000259,/home/ray/Desktop/mkuru/dataset/segmented/Sheng0015/Sheng0015_00005.wav,12.65,"So this cold actually, I can confidently say that Manchester City is actually winning the league. So kama wuna fikiri ala WCG wuna wana ni, because it's now Illimandia. East Ford say ime iwambayasa, tukona Illimandia e.","So this cold actually, I can confidently say that Manchester City is actually winning the league. So kama wuna fikiri ala WCG wuna wana ni, because it's now Illimandia. East Ford say ime iwambayasa, tukona Illimandia e.","So this cold actually, I can confidently say that Manchester City is actually winning the league. So kama wuna fikiri ala WCG wuna wana ni, because it's now Illimandia. East Ford say ime iwambayasa, tukona Illimandia e.",sw-KE
sheng_master_000260,/home/ray/Desktop/mkuru/dataset/segmented/Sheng0015/Sheng0015_00007.wav,12.08,"Hey, mambo ya HDL 3, ya tomi sejari bupa nustan, because ni noma sana so big up to everyone when ya di coin. They see how they think I'm stuck now. Kill'em drunk on a ring, sosme nzake, kill'em troshin den genu zake.","Hey, mambo ya HDL 3, ya tomi sejari bupa nustan, because ni noma sana so big up to everyone when ya di coin. They see how they think I'm stuck now. Kill'em drunk on a ring, sosme nzake, kill'em troshin den genu zake.","Hey, mambo ya HDL 3, ya tomi sejari bupa nustan, because ni noma sana so big up to everyone when ya di coin. They see how they think I'm stuck now. Kill'em drunk on a ring, sosme nzake, kill'em troshin den genu zake.",sw-KE
sheng_master_000261,/home/ray/Desktop/mkuru/dataset/segmented/Sheng0016/Sheng0016_00001.wav,13.39,"Awa luna broke budget, non eviki, in this office, akunam siyata bebalanchi. Evibadu li ordering kfc, chickening, pizza eves, junini, why? Kwa's it's fake?","Awa luna broke budget, non eviki, in this office, akunam siyata bebalanchi. Evibadu li ordering kfc, chickening, pizza eves, junini, why? Kwa's it's fake?","Awa luna broke budget, non eviki, in this office, akunam siyata bebalanchi. Evibadu li ordering kfc, chickening, pizza eves, junini, why? Kwa's it's fake?",sw-KE
sheng_master_000262,/home/ray/Desktop/mkuru/dataset/segmented/Sheng0016/Sheng0016_00010.wav,13.67,"Si kama kitini so na nini ni 400, 800 na lafunam batia miyambili ake na milupapi ya air driver. Opliwa na mongezia tia? Na wambia piya kitini wakali na nipiya.","Si kama kitini so na nini ni 400, 800 na lafunam batia miyambili ake na milupapi ya air driver. Opliwa na mongezia tia? Na wambia piya kitini wakali na nipiya.","Si kama kitini so na nini ni 400, 800 na lafunam batia miyambili ake na milupapi ya air driver. Opliwa na mongezia tia? Na wambia piya kitini wakali na nipiya.",sw-KE
sheng_master_000263,/home/ray/Desktop/mkuru/dataset/segmented/Sheng0016/Sheng0016_00011.wav,2.66,As Kenyans have realized we all have,As Kenyans have realized we all have,As Kenyans have realized we all have,sw-KE
sheng_master_000264,/home/ray/Desktop/mkuru/dataset/segmented/Sheng0017/Sheng0017_00005.wav,7.2,Anataka tumongelendoa skip bizuryu na pata. Susahi ina mbamba igu na tumonga na kona lo self esteem.,Anataka tumongelendoa skip bizuryu na pata. Susahi ina mbamba igu na tumonga na kona lo self esteem.,Anataka tumongelendoa skip bizuryu na pata. Susahi ina mbamba igu na tumonga na kona lo self esteem.,sw-KE
sheng_master_000265,/home/ray/Desktop/mkuru/dataset/segmented/Sheng0017/Sheng0017_00007.wav,4.05,Buno umgili Msimonyana safa with the conditions by Hensley.,Buno umgili Msimonyana safa with the conditions by Hensley.,Buno umgili Msimonyana safa with the conditions by Hensley.,sw-KE
sheng_master_000266,/home/ray/Desktop/mkuru/dataset/segmented/Sheng0017/Sheng0017_00010.wav,13.01,"Just do your research. You met me the first time I learnt about the whole world. Ya, you can do it. Ya, ya, ya. I really went into my research. A lot of tiktokas walu kwa na yungelia, so like I read through Natalie's page.","Just do your research. You met me the first time I learnt about the whole world. Ya, you can do it. Ya. I really went into my research. A lot of tiktokas walu kwa na yungelia, so like I read through Natalie's page.","Just do your research. You met me the first time I learnt about the whole world. Ya, you can do it. Ya. I really went into my research. A lot of tiktokas walu kwa na yungelia, so like I read through Natalie's page.",sw-KE
sheng_master_000267,/home/ray/Desktop/mkuru/dataset/segmented/Sheng0017/Sheng0017_00012.wav,11.55,"Ya understand, kus I've seen his TikTok as already gone, Facebook in about two, four ten case he has, and Instagram should ban him because he's very insensitive and he's just talking nonsense. Eh liya wunge wuko ex? We're not speaking at the full clip.","Ya understand, kus I've seen his TikTok as already gone, Facebook in about two, four ten case he has, and Instagram should ban him because he's very insensitive and he's just talking nonsense. Eh liya wunge wuko ex? We're not speaking at the full clip.","Ya understand, kus I've seen his TikTok as already gone, Facebook in about two, four ten case he has, and Instagram should ban him because he's very insensitive and he's just talking nonsense. Eh liya wunge wuko ex? We're not speaking at the full clip.",sw-KE
sheng_master_000268,/home/ray/Desktop/mkuru/dataset/segmented/Sheng0018/Sheng0018_00002.wav,8.1,Bale waneza kujapu miyavibaya sana because now this is a guy who has won everything. I'm watching Misha World Cup and Los Kisha finals again.,Bale waneza kujapu miyavibaya sana because now this is a guy who has won everything. I'm watching Misha World Cup and Los Kisha finals again.,Bale waneza kujapu miyavibaya sana because now this is a guy who has won everything. I'm watching Misha World Cup and Los Kisha finals again.,sw-KE
sheng_master_000269,/home/ray/Desktop/mkuru/dataset/segmented/Sheng0018/Sheng0018_00006.wav,10.24,"Mesi wanangujiya, mesi ya toki kuwanza maziata abongi, ya na chitu gam ya na tembe wa na tokana e because of course hea doa li kuwanza wa pwangana. They also used to protect him a lot in the pitch. But now...","Mesi wanangujiya, mesi ya toki kuwanza maziata abongi, ya na chitu gam ya na tembe wa na tokana e because of course hea doa li kuwanza wa pwangana. They also used to protect him a lot in the pitch. But now...","Mesi wanangujiya, mesi ya toki kuwanza maziata abongi, ya na chitu gam ya na tembe wa na tokana e because of course hea doa li kuwanza wa pwangana. They also used to protect him a lot in the pitch. But now...",sw-KE
sheng_master_000270,/home/ray/Desktop/mkuru/dataset/segmented/Sheng0019/Sheng0019_00001.wav,12.26,"Mkawana ya Nairobi ya Nairobi na Nua, na kwa kwa kwa kwa kwa kwa kwa kwa kwa kwa kwa kwa kwa kwa kwa kwa kwa kwa kwa kwa kwa kwa kwa kwa kwa kwa kwa kwa kwa kwa kwa kwa kwa kwa kwa kwa kwa kwa kwa kwa.","Mkawana ya Nairobi na Nua, na kwa.","Mkawana ya Nairobi na Nua, na kwa.",sw-KE
sheng_master_000271,/home/ray/Desktop/mkuru/dataset/segmented/Sheng0019/Sheng0019_00005.wav,10.56,"Na noha na tutu wana panaan, like siyati ni desendantua wa tutu si desendantua noha, tutu.","Na noha na tutu wana panaan, like siyati ni desendantua wa tutu si desendantua noha, tutu.","Na noha na tutu wana panaan, like siyati ni desendantua wa tutu si desendantua noha, tutu.",sw-KE
sheng_master_000272,/home/ray/Desktop/mkuru/dataset/segmented/sheng0001/sheng0001_00008.wav,13.45,"Sorry, are you ready? I don't need to tell you anything about me.","Sorry, are you ready? I don't need to tell you anything about me.","Sorry, are you ready? I don't need to tell you anything about me.",sw-KE
