id,audio_filepath,duration,raw_transcription,normalized_text,clean_sheng_text,language
local_sheng_000001,/home/ray/Desktop/mkuru/dataset/segmented/Recording_3/Recording_3_00000.wav,12.79,"Mkurugenzi Abel Mutua, Mkurugenzi Abel Mutua, Mkurugenzi Abel Mutua, Mkurugenzi Abel Mutua, Mkurugenzi Abel Mutua, Mkurugenzi Abel Mutua, Mkurugenzi Abel Mutua, Mkurugenzi Abel Mutua, Mkurugenzi Abel Mutua, Mkurugenzi Abel Mutua, Mkurugenzi Abel Mutua, Mkurugenzi Abel Mutua, Mkurugenzi Abel Mutua, Mkurugenzi Abel Mutua, Mkurugenzi Abel Mutua, Mkurugenzi Abel Mutua, Mkurugenzi Abel Mutua, Mkurugenzi Abel Mutua, Mkurugenzi Abel Mutua, Mkurugenzi Abel Mutua, Mkurugenzi Abel Mutua, Mkurugenzi Abel Mutua, Mkurugenzi Abel Mutua, Mkurugenzi Abel Mutua, Mkurugenzi Abel Mut","Mkurugenzi Abel Mutua, Mkurugenzi Abel Mut","Mkurugenzi Abel Mutua, Mkurugenzi Abel Mut",sw-KE
local_sheng_000002,/home/ray/Desktop/mkuru/dataset/segmented/Recording_3/Recording_3_00001.wav,5.47,Mkurugenzi Abel Mutua na stori za Mkurugenzi Abel Mutua na stori za Mkurugenzi Abel Mutua.,Mkurugenzi Abel Mutua na stori za Mkurugenzi Abel Mutua na stori za Mkurugenzi Abel Mutua.,Mkurugenzi Abel Mutua na stori za Mkurugenzi Abel Mutua na stori za Mkurugenzi Abel Mutua.,sw-KE
local_sheng_000003,/home/ray/Desktop/mkuru/dataset/segmented/Recording_4/Recording_4_00000.wav,12.62,Mkurugenzi Abel Mutua na stori za Mkurugenzi Abel Mutua na stori za Mkurugenzi Abel Mutua na stori za Mkurugenzi Abel Mutua.,Mkurugenzi Abel Mutua na stori za Mkurugenzi Abel Mutua na stori za Mkurugenzi Abel Mutua na stori za Mkurugenzi Abel Mutua.,Mkurugenzi Abel Mutua na stori za Mkurugenzi Abel Mutua na stori za Mkurugenzi Abel Mutua na stori za Mkurugenzi Abel Mutua.,sw-KE
local_sheng_000004,/home/ray/Desktop/mkuru/dataset/segmented/Recording_4/Recording_4_00001.wav,10.31,Mkurugenzi Abel Mutua na stori za Mkurugenzi Abel Mutua na stori za Mkurugenzi Abel Mutua na stori za Mkurugenzi Abel Mutua.,Mkurugenzi Abel Mutua na stori za Mkurugenzi Abel Mutua na stori za Mkurugenzi Abel Mutua na stori za Mkurugenzi Abel Mutua.,Mkurugenzi Abel Mutua na stori za Mkurugenzi Abel Mutua na stori za Mkurugenzi Abel Mutua na stori za Mkurugenzi Abel Mutua.,sw-KE
local_sheng_000005,/home/ray/Desktop/mkuru/dataset/segmented/Recording_5/Recording_5_00000.wav,3.03,Mkurugenzi Abel Mutua.,Mkurugenzi Abel Mutua.,Mkurugenzi Abel Mutua.,sw-KE
local_sheng_000006,/home/ray/Desktop/mkuru/dataset/segmented/Sheng0002/Sheng0002_00000.wav,12.55,"May be interesting that you discovered about your family only because there was a big family occasion. Onajwa manenuha family na kuanga a little bit sensitive, but there's a lot of good that comes with it manenuha.","May be interesting that you discovered about your family only because there was a big family occasion. Onajwa manenuha family na kuanga a little bit sensitive, but there's a lot of good that comes with it manenuha.","May be interesting that you discovered about your family only because there was a big family occasion. Onajwa manenuha family na kuanga a little bit sensitive, but there's a lot of good that comes with it manenuha.",sw-KE
local_sheng_000007,/home/ray/Desktop/mkuru/dataset/segmented/Sheng0002/Sheng0002_00001.wav,9.8,"We all love it when something like, you know, the whole family is getting together for whatever reason, pleasant and pleasant. Fami yongasina paterna every once in a while man, but...","We all love it when something like, you know, the whole family is getting together for whatever reason, pleasant and pleasant. Fami yongasina paterna every once in a while man, but...","We all love it when something like, you know, the whole family is getting together for whatever reason, pleasant and pleasant. Fami yongasina paterna every once in a while man, but...",sw-KE
local_sheng_000008,/home/ray/Desktop/mkuru/dataset/segmented/Sheng0002/Sheng0002_00002.wav,12.41,One thing you can bet on is we've all come to learn some very interesting things about our families during these same occasions and I don't know if you got wind of what went down with the late stupid boy.,One thing you can bet on is we've all come to learn some very interesting things about our families during these same occasions and I don't know if you got wind of what went down with the late stupid boy.,One thing you can bet on is we've all come to learn some very interesting things about our families during these same occasions and I don't know if you got wind of what went down with the late stupid boy.,sw-KE
local_sheng_000009,/home/ray/Desktop/mkuru/dataset/segmented/Sheng0002/Sheng0002_00003.wav,9.34,Mkurugenzi Abel Mutua na stori za Mkurugenzi Abel Mutua za Mkurugenzi Abel Mutua na stori za Mkurugenzi Abel Mutua.,Mkurugenzi Abel Mutua na stori za Mkurugenzi Abel Mutua na stori za Mkurugenzi Abel Mutua.,Mkurugenzi Abel Mutua na stori za Mkurugenzi Abel Mutua na stori za Mkurugenzi Abel Mutua.,sw-KE
local_sheng_000010,/home/ray/Desktop/mkuru/dataset/segmented/Sheng0002/Sheng0002_00004.wav,9.84,Mkurugenzi Abel Mutua na stori za Mkurugenzi Abel Mutua na stori za Mkurugenzi Abel Mutua na stori za Mkurugenzi Abel Mutua na stori za Mkurugenzi Abel Mutua.,Mkurugenzi Abel Mutua na stori za Mkurugenzi Abel Mutua na stori za Mkurugenzi Abel Mutua na stori za Mkurugenzi Abel Mutua na stori za Mkurugenzi Abel Mutua.,Mkurugenzi Abel Mutua na stori za Mkurugenzi Abel Mutua na stori za Mkurugenzi Abel Mutua na stori za Mkurugenzi Abel Mutua na stori za Mkurugenzi Abel Mutua.,sw-KE
local_sheng_000011,/home/ray/Desktop/mkuru/dataset/segmented/Sheng0002/Sheng0002_00005.wav,10.84,Mkurugenzi Abel Mutua za Mkurugenzi Abel Mutua za Mkurugenzi Abel Mutua za Mkurugenzi Abel Mutua za Mkurugenzi Abel Mutua za Mkurugenzi Abel Mutua.,Mkurugenzi Abel Mutua za Mkurugenzi Abel Mutua.,Mkurugenzi Abel Mutua za Mkurugenzi Abel Mutua.,sw-KE
local_sheng_000012,/home/ray/Desktop/mkuru/dataset/segmented/Sheng0002/Sheng0002_00006.wav,10.94,Mkurugenzi Abel Mutua na stori za Mkurugenzi Abel Mutua na stori za Mkurugenzi Abel Mutua.,Mkurugenzi Abel Mutua na stori za Mkurugenzi Abel Mutua na stori za Mkurugenzi Abel Mutua.,Mkurugenzi Abel Mutua na stori za Mkurugenzi Abel Mutua na stori za Mkurugenzi Abel Mutua.,sw-KE
local_sheng_000013,/home/ray/Desktop/mkuru/dataset/segmented/Sheng0002/Sheng0002_00007.wav,10.25,Mkurugenzi Abel Mutua na stori za Mkurugenzi Abel Mutua na stori za Mkurugenzi Abel Mutua na stori za Mkurugenzi Abel Mutua.,Mkurugenzi Abel Mutua na stori za Mkurugenzi Abel Mutua na stori za Mkurugenzi Abel Mutua na stori za Mkurugenzi Abel Mutua.,Mkurugenzi Abel Mutua na stori za Mkurugenzi Abel Mutua na stori za Mkurugenzi Abel Mutua na stori za Mkurugenzi Abel Mutua.,sw-KE
local_sheng_000014,/home/ray/Desktop/mkuru/dataset/segmented/Sheng0002/Sheng0002_00008.wav,13.67,Mkurugenzi Abel Mutua na stori za Mkurugenzi Abel Mutua na stori za Mkurugenzi Abel Mutua na stori za Mkurugenzi Abel Mutua na stori za Mkurugenzi Abel Mutua na stori za Mkurugenzi Abel Mutua na stori za Mkurugenzi Abel Mutua na stori za Mkurugenzi Abel Mutua na stori za Mkurugenzi Abel Mutua na stori za Mkurugenzi Abel Mutua na stori za Mkurugenzi Abel Mutua na stori za Mkurugenzi Abel Mutua na stori za Mkurugenzi Abel Mutua na stori za Mkurugenzi Abel Mutua na stori za Mkurugenzi Abel Mutua na stori za Mkurugenzi Abel Mutua na stori za Mkurugenzi Abel Mutua na stori za Mkurugenzi Abel Mutua na stori za Mkurugenzi Abel Mut,Mkurugenzi Abel Mutua na stori za Mkurugenzi Abel Mutua na stori za Mkurugenzi Abel Mutua na stori za Mkurugenzi Abel Mutua na stori za Mkurugenzi Abel Mutua na stori za Mkurugenzi Abel Mutua na stori za Mkurugenzi Abel Mutua na stori za Mkurugenzi Abel Mutua na stori za Mkurugenzi Abel Mutua na stori za Mkurugenzi Abel Mutua na stori za Mkurugenzi Abel Mutua na stori za Mkurugenzi Abel Mutua na stori za Mkurugenzi Abel Mutua na stori za Mkurugenzi Abel Mutua na stori za Mkurugenzi Abel Mutua na stori za Mkurugenzi Abel Mutua na stori za Mkurugenzi Abel Mutua na stori za Mkurugenzi Abel Mutua na stori za Mkurugenzi Abel Mut,Mkurugenzi Abel Mutua na stori za Mkurugenzi Abel Mutua na stori za Mkurugenzi Abel Mutua na stori za Mkurugenzi Abel Mutua na stori za Mkurugenzi Abel Mutua na stori za Mkurugenzi Abel Mutua na stori za Mkurugenzi Abel Mutua na stori za Mkurugenzi Abel Mutua na stori za Mkurugenzi Abel Mutua na stori za Mkurugenzi Abel Mutua na stori za Mkurugenzi Abel Mutua na stori za Mkurugenzi Abel Mutua na stori za Mkurugenzi Abel Mutua na stori za Mkurugenzi Abel Mutua na stori za Mkurugenzi Abel Mutua na stori za Mkurugenzi Abel Mutua na stori za Mkurugenzi Abel Mutua na stori za Mkurugenzi Abel Mutua na stori za Mkurugenzi Abel Mut,sw-KE
local_sheng_000015,/home/ray/Desktop/mkuru/dataset/segmented/Sheng0002/Sheng0002_00009.wav,13.45,"Nili kujapujo na de veri same tingzi le te menyemze wangwa li pas manze RIP to the old man. Juhu na jwa the problem is that everyone close to that loved one feels very entitled to how things should go, how things should be.","Nili kujapujo na de veri same tingzi le te menyemze wangwa li pas manze RIP to the old man. Juhu na jwa the problem is that everyone close to that loved one feels very entitled to how things should go, how things should be.","Nili kujapujo na de veri same tingzi le te menyemze wangwa li pas manze RIP to the old man. Juhu na jwa the problem is that everyone close to that loved one feels very entitled to how things should go, how things should be.",sw-KE
local_sheng_000016,/home/ray/Desktop/mkuru/dataset/segmented/Sheng0002/Sheng0002_00010.wav,10.84,Mkurugenzi Abel Mutua na stori za Mkurugenzi Abel Mutua na stori za Mkurugenzi Abel Mutua na stori za Mkurugenzi Abel Mutua na stori za Mkurugenzi Abel Mutua na stori za Mkurugenzi Abel Mutua.,Mkurugenzi Abel Mutua na stori za Mkurugenzi Abel Mutua na stori za Mkurugenzi Abel Mutua na stori za Mkurugenzi Abel Mutua na stori za Mkurugenzi Abel Mutua na stori za Mkurugenzi Abel Mutua.,Mkurugenzi Abel Mutua na stori za Mkurugenzi Abel Mutua na stori za Mkurugenzi Abel Mutua na stori za Mkurugenzi Abel Mutua na stori za Mkurugenzi Abel Mutua na stori za Mkurugenzi Abel Mutua.,sw-KE
local_sheng_000017,/home/ray/Desktop/mkuru/dataset/segmented/Sheng0002/Sheng0002_00011.wav,13.94,"This is what their loved one wished for, for themselves, because wana fi piasisini kama tunamjua beta. We know him better, we know her better than they know themselves. Mimina kwa mtikuna punamare la tikzutwe ginoa li dayisha a wakuji mazizi yamzae.","This is what their loved one wished for themselves, because wana fi piasisini kama tunamjua beta. We know him better, we know her better than they know themselves. Mimina kwa mtikuna punamare la tikzutwe ginoa li dayisha a wakuji mazizi yamzae.","This is what their loved one wished for themselves, because wana fi piasisini kama tunamjua beta. We know him better, we know her better than they know themselves. Mimina kwa mtikuna punamare la tikzutwe ginoa li dayisha a wakuji mazizi yamzae.",sw-KE
local_sheng_000018,/home/ray/Desktop/mkuru/dataset/segmented/Sheng0002/Sheng0002_00012.wav,11.46,Mkurugenzi Abel Mutua na stori za Mkurugenzi Abel Mutua na stori za Mkurugenzi Abel Mutua na stori za Mkurugenzi Abel Mutua na stori za Mkurugenzi Abel Mutua na stori za Mkurugenzi Abel Mutua.,Mkurugenzi Abel Mutua na stori za Mkurugenzi Abel Mutua na stori za Mkurugenzi Abel Mutua na stori za Mkurugenzi Abel Mutua na stori za Mkurugenzi Abel Mutua na stori za Mkurugenzi Abel Mutua.,Mkurugenzi Abel Mutua na stori za Mkurugenzi Abel Mutua na stori za Mkurugenzi Abel Mutua na stori za Mkurugenzi Abel Mutua na stori za Mkurugenzi Abel Mutua na stori za Mkurugenzi Abel Mutua.,sw-KE
local_sheng_000019,/home/ray/Desktop/mkuru/dataset/segmented/Sheng0002/Sheng0002_00013.wav,10.22,"But it can get really ugly man. Does your family know what you really actually want when it comes to some things? Naiyondo assignment na takani kupati e wiki, but this is just a side note, right?","But it can get really ugly man. Does your family know what you really actually want when it comes to some things? Naiyondo assignment na takani kupati e wiki, but this is just a side note, right?","But it can get really ugly man. Does your family know what you really actually want when it comes to some things? Naiyondo assignment na takani kupati e wiki, but this is just a side note, right?",sw-KE
local_sheng_000020,/home/ray/Desktop/mkuru/dataset/segmented/Sheng0002/Sheng0002_00014.wav,8.77,Mkurugenzi Abel Mutua na stori za Mkurugenzi Abel Mutua na stori za Mkurugenzi Abel Mutua na stori za Mkurugenzi Abel Mutua na stori za Mkurugenzi Abel Mutua.,Mkurugenzi Abel Mutua na stori za Mkurugenzi Abel Mutua na stori za Mkurugenzi Abel Mutua na stori za Mkurugenzi Abel Mutua na stori za Mkurugenzi Abel Mutua.,Mkurugenzi Abel Mutua na stori za Mkurugenzi Abel Mutua na stori za Mkurugenzi Abel Mutua na stori za Mkurugenzi Abel Mutua na stori za Mkurugenzi Abel Mutua.,sw-KE
local_sheng_000022,/home/ray/Desktop/mkuru/dataset/segmented/Sheng0003/Sheng0003_00001.wav,11.28,"Listen man, first of all congratulations to Gorma here not because they lost but of course because they lost one playing football.","Listen man, first of all congratulations to Gorma here not because they lost but of course because they lost one playing football.","Listen man, first of all congratulations to Gorma here not because they lost but of course because they lost one playing football.",sw-KE
local_sheng_000023,/home/ray/Desktop/mkuru/dataset/segmented/Sheng0003/Sheng0003_00002.wav,13.6,Mkurugenzi Abel Mutua za Mkurugenzi Abel Mutua za Mkurugenzi Abel Mutua za Mkurugenzi Abel Mutua za Mkurugenzi Abel Mutua za Mkurugenzi Abel Mutua za Mkurugenzi Abel Mutua za Mkurugenzi Abel Mutua za Mkurugenzi Abel Mutua za Mkurugenzi Abel Mutua za Mkurugenzi Abel Mutua za Mkurugenzi Abel Mutua za Mkurugenzi Abel Mutua za Mkurugenzi Abel Mutua za Mkurugenzi Abel Mutua za Mkurugenzi Abel Mutua za Mkurugenzi Abel Mutua za Mkurugenzi Abel Mutua za Mkurugenzi Abel Mutua za Mkurugenzi Abel Mutua za Mkurugenzi Abel Mutua za Mkurugenzi Abel Mutua za Mkurugenzi Abel Mutua za Mkurugenzi Abel Mutua za Mkurugenzi Abel Mut,Mkurugenzi Abel Mutua za Mkurugenzi Abel Mut,Mkurugenzi Abel Mutua za Mkurugenzi Abel Mut,sw-KE
local_sheng_000025,/home/ray/Desktop/mkuru/dataset/segmented/Sheng0003/Sheng0003_00004.wav,12.43,Mkurugenzi Abel Mutua na stori za Mkurugenzi Abel Mutua na stori za Mkurugenzi Abel Mutua na stori za Mkurugenzi Abel Mutua na stori za Mkurugenzi Abel Mutua na stori za Mkurugenzi Abel Mutua na stori za Mkurugenzi Abel Mutua na stori za Mkurugenzi Abel Mutua na stori za Mkurugenzi Abel Mutua na stori za Mkurugenzi Abel Mutua na stori za Mkurugenzi Abel Mutua na stori za Mkurugenzi Abel Mutua na stori za Mkurugenzi Abel Mutua na stori za Mkurugenzi Abel Mutua na stori za Mkurugenzi Abel Mutua na stori za Mkurugenzi Abel Mutua na stori za Mkurugenzi Abel Mutua na stori za Mkurugenzi Abel Mutua na stori za Mkurugenzi Abel Mut,Mkurugenzi Abel Mutua na stori za Mkurugenzi Abel Mutua na stori za Mkurugenzi Abel Mutua na stori za Mkurugenzi Abel Mutua na stori za Mkurugenzi Abel Mutua na stori za Mkurugenzi Abel Mutua na stori za Mkurugenzi Abel Mutua na stori za Mkurugenzi Abel Mutua na stori za Mkurugenzi Abel Mutua na stori za Mkurugenzi Abel Mutua na stori za Mkurugenzi Abel Mutua na stori za Mkurugenzi Abel Mutua na stori za Mkurugenzi Abel Mutua na stori za Mkurugenzi Abel Mutua na stori za Mkurugenzi Abel Mutua na stori za Mkurugenzi Abel Mutua na stori za Mkurugenzi Abel Mutua na stori za Mkurugenzi Abel Mutua na stori za Mkurugenzi Abel Mut,Mkurugenzi Abel Mutua na stori za Mkurugenzi Abel Mutua na stori za Mkurugenzi Abel Mutua na stori za Mkurugenzi Abel Mutua na stori za Mkurugenzi Abel Mutua na stori za Mkurugenzi Abel Mutua na stori za Mkurugenzi Abel Mutua na stori za Mkurugenzi Abel Mutua na stori za Mkurugenzi Abel Mutua na stori za Mkurugenzi Abel Mutua na stori za Mkurugenzi Abel Mutua na stori za Mkurugenzi Abel Mutua na stori za Mkurugenzi Abel Mutua na stori za Mkurugenzi Abel Mutua na stori za Mkurugenzi Abel Mutua na stori za Mkurugenzi Abel Mutua na stori za Mkurugenzi Abel Mutua na stori za Mkurugenzi Abel Mutua na stori za Mkurugenzi Abel Mut,sw-KE
local_sheng_000026,/home/ray/Desktop/mkuru/dataset/segmented/Sheng0003/Sheng0003_00005.wav,12.35,Mkurugenzi Abel Mutua na stori za Mkurugenzi Abel Mutua na stori za Mkurugenzi Abel Mutua na stori za Mkurugenzi Abel Mutua na stori za Mkurugenzi Abel Mutua na stori za Mkurugenzi Abel Mutua na stori za Mkurugenzi Abel Mutua na stori za Mkurugenzi Abel Mutua na stori za Mkurugenzi Abel Mutua na stori za Mkurugenzi Abel Mutua na stori za Mkurugenzi Abel Mutua na stori za Mkurugenzi Abel Mutua na stori za Mkurugenzi Abel Mutua na stori za Mkurugenzi Abel Mutua na stori za Mkurugenzi Abel Mutua na stori za Mkurugenzi Abel Mutua na stori za Mkurugenzi Abel Mutua na stori za Mkurugenzi Abel Mutua na stori.,Mkurugenzi Abel Mutua na stori za Mkurugenzi Abel Mutua na stori za Mkurugenzi Abel Mutua na stori za Mkurugenzi Abel Mutua na stori za Mkurugenzi Abel Mutua na stori za Mkurugenzi Abel Mutua na stori za Mkurugenzi Abel Mutua na stori za Mkurugenzi Abel Mutua na stori za Mkurugenzi Abel Mutua na stori za Mkurugenzi Abel Mutua na stori za Mkurugenzi Abel Mutua na stori za Mkurugenzi Abel Mutua na stori za Mkurugenzi Abel Mutua na stori za Mkurugenzi Abel Mutua na stori za Mkurugenzi Abel Mutua na stori za Mkurugenzi Abel Mutua na stori za Mkurugenzi Abel Mutua na stori za Mkurugenzi Abel Mutua na stori.,Mkurugenzi Abel Mutua na stori za Mkurugenzi Abel Mutua na stori za Mkurugenzi Abel Mutua na stori za Mkurugenzi Abel Mutua na stori za Mkurugenzi Abel Mutua na stori za Mkurugenzi Abel Mutua na stori za Mkurugenzi Abel Mutua na stori za Mkurugenzi Abel Mutua na stori za Mkurugenzi Abel Mutua na stori za Mkurugenzi Abel Mutua na stori za Mkurugenzi Abel Mutua na stori za Mkurugenzi Abel Mutua na stori za Mkurugenzi Abel Mutua na stori za Mkurugenzi Abel Mutua na stori za Mkurugenzi Abel Mutua na stori za Mkurugenzi Abel Mutua na stori za Mkurugenzi Abel Mutua na stori za Mkurugenzi Abel Mutua na stori.,sw-KE
local_sheng_000027,/home/ray/Desktop/mkuru/dataset/segmented/Sheng0003/Sheng0003_00006.wav,13.67,Mkurugenzi Abel Mkurugenzi Abel Mutua na stori za Mkurugenzi Abel Mutua na stori za Mkurugenzi Abel Mutua na stori za Mkurugenzi Abel Mutua na stori za Mkurugenzi Abel Mutua.,Mkurugenzi Abel Mutua na stori za Mkurugenzi Abel Mutua na stori za Mkurugenzi Abel Mutua na stori za Mkurugenzi Abel Mutua na stori za Mkurugenzi Abel Mutua.,Mkurugenzi Abel Mutua na stori za Mkurugenzi Abel Mutua na stori za Mkurugenzi Abel Mutua na stori za Mkurugenzi Abel Mutua na stori za Mkurugenzi Abel Mutua.,sw-KE
local_sheng_000028,/home/ray/Desktop/mkuru/dataset/segmented/Sheng0003/Sheng0003_00007.wav,13.8,"Mwazumzo ya mwazumzo ya, mwazumzo ya, mwazumzo ya, mwazumzo ya, mwazumzo ya, mwazumzo ya, mwazumzo ya, mwazumzo ya, mwazumzo ya, mwazumzo ya, mwazumzo ya, mwazumzo ya, mwazumzo ya, mwazumzo ya, mwazumzo ya, mwazumzo ya, mwazumzo ya, mwazumzo ya, mwazumzo ya, mwazumzo ya, mwazumzo ya, mwazumzo ya, mwazumzo ya, mwazumzo ya, mwazumzo ya, mwazumzo ya, mwazumzo ya, mwazumzo ya, mwazumzo ya, mwazumzo ya, mwazumzo ya,","Mwazumzo ya, mwazumzo ya","Mwazumzo ya, mwazumzo ya",sw-KE
local_sheng_000029,/home/ray/Desktop/mkuru/dataset/segmented/Sheng0003/Sheng0003_00008.wav,12.27,"Kormaia na kwa kwa kwa kwa kompetitifutbo. Azi ne baka wanabu kujorganize ya friendly, isndo wachiza competitive football. So this is it. I think we bloody need to start this professionally.","Kormaia na kwa kompetitifutbo. Azi ne baka wanabu kujorganize ya friendly, isndo wachiza competitive football. So this is it. I think we bloody need to start this professionally.","Kormaia na kwa kompetitifutbo. Azi ne baka wanabu kujorganize ya friendly, isndo wachiza competitive football. So this is it. I think we bloody need to start this professionally.",sw-KE
local_sheng_000030,/home/ray/Desktop/mkuru/dataset/segmented/Sheng0003/Sheng0003_00009.wav,12.45,We need to find a solution this week. We need to find a solution very soon so that we can give our teams a chance to play competitive games out there. Buddha.,We need to find a solution this week. We need to find a solution very soon so that we can give our teams a chance to play competitive games out there. Buddha.,We need to find a solution this week. We need to find a solution very soon so that we can give our teams a chance to play competitive games out there. Buddha.,sw-KE
local_sheng_000031,/home/ray/Desktop/mkuru/dataset/segmented/Sheng0003/Sheng0003_00010.wav,12.38,"Ni kamaweinge KCSI OJfa ya examihote dewa, dole 4-4. It's not possible. So we just need to find a solution for the local league to start. Does Professor Leagnes to come back?","Ni kamaweinge KCSI OJfa ya examihote dewa, dole 4-4. It's not possible. So we just need to find a solution for the local league to start. Does Professor Leagnes to come back?","Ni kamaweinge KCSI OJfa ya examihote dewa, dole 4-4. It's not possible. So we just need to find a solution for the local league to start. Does Professor Leagnes to come back?",sw-KE
local_sheng_000032,/home/ray/Desktop/mkuru/dataset/segmented/Sheng0003/Sheng0003_00011.wav,13.71,Mkurugenzi Abel Mutua na stori za Mkurugenzi Abel Mutua na stori za Mkurugenzi Abel Mutua na stori za Mkurugenzi Abel Mutua na stori za Mkurugenzi Abel Mutua na stori za Mkurugenzi Abel Mutua na stori za Mkurugenzi Abel Mutua na stori za Mkurugenzi Abel Mutua na stori za Mkurugenzi Abel Mutua na stori za Mkurugenzi Abel Mutua na stori za Mkurugenzi Abel Mutua na stori za Mkurugenzi Abel Mutua na stori za Mkurugenzi Abel Mutua na stori za Mkurugenzi Abel Mutua na stori za Mkurugenzi Abel Mutua na stori za Mkurugenzi Abel Mutua na stori za Mkurugenzi Abel Mutua na stori za Mkurugenzi Abel Mutua na stori za Mkurugenzi Abel Mut,Mkurugenzi Abel Mutua na stori za Mkurugenzi Abel Mutua na stori za Mkurugenzi Abel Mutua na stori za Mkurugenzi Abel Mutua na stori za Mkurugenzi Abel Mutua na stori za Mkurugenzi Abel Mutua na stori za Mkurugenzi Abel Mutua na stori za Mkurugenzi Abel Mutua na stori za Mkurugenzi Abel Mutua na stori za Mkurugenzi Abel Mutua na stori za Mkurugenzi Abel Mutua na stori za Mkurugenzi Abel Mutua na stori za Mkurugenzi Abel Mutua na stori za Mkurugenzi Abel Mutua na stori za Mkurugenzi Abel Mutua na stori za Mkurugenzi Abel Mutua na stori za Mkurugenzi Abel Mutua na stori za Mkurugenzi Abel Mutua na stori za Mkurugenzi Abel Mut,Mkurugenzi Abel Mutua na stori za Mkurugenzi Abel Mutua na stori za Mkurugenzi Abel Mutua na stori za Mkurugenzi Abel Mutua na stori za Mkurugenzi Abel Mutua na stori za Mkurugenzi Abel Mutua na stori za Mkurugenzi Abel Mutua na stori za Mkurugenzi Abel Mutua na stori za Mkurugenzi Abel Mutua na stori za Mkurugenzi Abel Mutua na stori za Mkurugenzi Abel Mutua na stori za Mkurugenzi Abel Mutua na stori za Mkurugenzi Abel Mutua na stori za Mkurugenzi Abel Mutua na stori za Mkurugenzi Abel Mutua na stori za Mkurugenzi Abel Mutua na stori za Mkurugenzi Abel Mutua na stori za Mkurugenzi Abel Mutua na stori za Mkurugenzi Abel Mut,sw-KE
local_sheng_000033,/home/ray/Desktop/mkuru/dataset/segmented/Sheng0003/Sheng0003_00012.wav,8.83,"If Tasker play the way they played yesterday, they might be going a little bit further than we all thought when it comes to continental football.","If Tasker play the way they played yesterday, they might be going a little bit further than we all thought when it comes to continental football.","If Tasker play the way they played yesterday, they might be going a little bit further than we all thought when it comes to continental football.",sw-KE
local_sheng_000034,/home/ray/Desktop/mkuru/dataset/segmented/Sheng0004/Sheng0004_00000.wav,13.71,"Who are we captaining this weekend? Last week, what only check out to Akiyakabruno for Nande's captain? Wea, la muka wala nikahat ni mutinga, arka pukha ar tuveki kula 7 diri wea wea. That was actually unexpected. That was amongst the people who got my check out to a...","Who are we captaining this weekend? Last week, what only check out to Akiyakabruno for Nande's captain? Wea, la muka wala nikahat ni mutinga, arka pukha ar tuveki kula 7 diri wea. That was actually unexpected. That was amongst the people who got my check out to a...","Who are we captaining this weekend? Last week, what only check out to Akiyakabruno for Nande's captain? Wea, la muka wala nikahat ni mutinga, arka pukha ar tuveki kula 7 diri wea. That was actually unexpected. That was amongst the people who got my check out to a...",sw-KE
local_sheng_000035,/home/ray/Desktop/mkuru/dataset/segmented/Sheng0004/Sheng0004_00001.wav,9.02,"Mkurugenzi Abel Mutua, Mkurugenzi Abel Mutua, Mkurugenzi Abel Mutua, Mkurugenzi Abel Mutua.","Mkurugenzi Abel Mutua, Mkurugenzi Abel Mutua.","Mkurugenzi Abel Mutua, Mkurugenzi Abel Mutua.",sw-KE
local_sheng_000036,/home/ray/Desktop/mkuru/dataset/segmented/Sheng0004/Sheng0004_00002.wav,16.38,Mkurugenzi Abel Mutua za Mkurugenzi Abel Mutua za Mkurugenzi Abel Mutua za Mkurugenzi Abel Mutua za Mkurugenzi Abel Mutua za Mkurugenzi Abel Mutua za Mkurugenzi Abel Mutua za Mkurugenzi Abel Mutua za Mkurugenzi Abel Mutua za Mkurugenzi Abel Mutua za Mkurugenzi Abel Mutua za Mkurugenzi Abel Mutua za Mkurugenzi Abel Mutua za Mkurugenzi Abel Mutua za Mkurugenzi Abel Mutua za Mkurugenzi Abel Mutua za Mkurugenzi Abel Mutua za Mkurugenzi Abel Mutua za Mkurugenzi Abel Mutua za Mkurugenzi Abel Mutua za Mkurugenzi Abel Mutua za Mkurugenzi Abel Mutua za Mkurugenzi Abel Mutua za Mkurugenzi Abel Mutua za Mkurugenzi Abel Mut,Mkurugenzi Abel Mutua za Mkurugenzi Abel Mut,Mkurugenzi Abel Mutua za Mkurugenzi Abel Mut,sw-KE
local_sheng_000037,/home/ray/Desktop/mkuru/dataset/segmented/Sheng0004/Sheng0004_00003.wav,12.69,"Man City v. Goventi, tunanguka na hale, ama Arsenal v. Chelsea and then the last one ever tun v. Manchester United. Eda matimeni ina loruma, City, City ina loruma.","Man City v. Goventi, tunanguka na hale, ama Arsenal v. Chelsea and then the last one ever tun v. Manchester United. Eda matimeni ina loruma, City ina loruma.","Man City v. Goventi, tunanguka na hale, ama Arsenal v. Chelsea and then the last one ever tun v. Manchester United. Eda matimeni ina loruma, City ina loruma.",sw-KE
local_sheng_000038,/home/ray/Desktop/mkuru/dataset/segmented/Sheng0004/Sheng0004_00004.wav,11.51,Mkurugenzi Abel Mutua na stori za Mkurugenzi Abel Mutua na stori za Mkurugenzi Abel Mutua na stori za Mkurugenzi Abel Mutua na stori za Mkurugenzi Abel Mutua na stori za Mkurugenzi Abel Mutua na stori za Mkurugenzi Abel Mutua na stori za Mkurugenzi Abel Mutua na stori za Mkurugenzi Abel Mutua na stori za Mkurugenzi Abel Mutua na stori za Mkurugenzi Abel Mutua na stori za Mkurugenzi Abel Mutua na stori za Mkurugenzi Abel Mutua na stori za Mkurugenzi Abel Mutua na stori za Mkurugenzi Abel Mutua na stori za Mkurugenzi Abel Mutua na stori za Mkurugenzi Abel Mutua na stori za Mkurugenzi Abel Mutua na stori za Mkurugenzi Abel Mut,Mkurugenzi Abel Mutua na stori za Mkurugenzi Abel Mutua na stori za Mkurugenzi Abel Mutua na stori za Mkurugenzi Abel Mutua na stori za Mkurugenzi Abel Mutua na stori za Mkurugenzi Abel Mutua na stori za Mkurugenzi Abel Mutua na stori za Mkurugenzi Abel Mutua na stori za Mkurugenzi Abel Mutua na stori za Mkurugenzi Abel Mutua na stori za Mkurugenzi Abel Mutua na stori za Mkurugenzi Abel Mutua na stori za Mkurugenzi Abel Mutua na stori za Mkurugenzi Abel Mutua na stori za Mkurugenzi Abel Mutua na stori za Mkurugenzi Abel Mutua na stori za Mkurugenzi Abel Mutua na stori za Mkurugenzi Abel Mutua na stori za Mkurugenzi Abel Mut,Mkurugenzi Abel Mutua na stori za Mkurugenzi Abel Mutua na stori za Mkurugenzi Abel Mutua na stori za Mkurugenzi Abel Mutua na stori za Mkurugenzi Abel Mutua na stori za Mkurugenzi Abel Mutua na stori za Mkurugenzi Abel Mutua na stori za Mkurugenzi Abel Mutua na stori za Mkurugenzi Abel Mutua na stori za Mkurugenzi Abel Mutua na stori za Mkurugenzi Abel Mutua na stori za Mkurugenzi Abel Mutua na stori za Mkurugenzi Abel Mutua na stori za Mkurugenzi Abel Mutua na stori za Mkurugenzi Abel Mutua na stori za Mkurugenzi Abel Mutua na stori za Mkurugenzi Abel Mutua na stori za Mkurugenzi Abel Mutua na stori za Mkurugenzi Abel Mut,sw-KE
local_sheng_000040,/home/ray/Desktop/mkuru/dataset/segmented/Sheng0004/Sheng0004_00006.wav,7.98,Mkurugenzi Abel Mutua na stori za Mkurugenzi Abel Mutua na stori za Mkurugenzi Abel Mutua na stori za Mkurugenzi Abel Mutua na stori za Mkurugenzi Abel Mutua.,Mkurugenzi Abel Mutua na stori za Mkurugenzi Abel Mutua na stori za Mkurugenzi Abel Mutua na stori za Mkurugenzi Abel Mutua na stori za Mkurugenzi Abel Mutua.,Mkurugenzi Abel Mutua na stori za Mkurugenzi Abel Mutua na stori za Mkurugenzi Abel Mutua na stori za Mkurugenzi Abel Mutua na stori za Mkurugenzi Abel Mutua.,sw-KE
local_sheng_000041,/home/ray/Desktop/mkuru/dataset/segmented/Sheng0004/Sheng0004_00007.wav,20.06,Mkurugenzi Abel Mutua na stori za Mkurugenzi Abel Mutua na stori za Mkurugenzi Abel Mutua na stori za Mkurugenzi Abel Mutua na stori za Mkurugenzi Abel Mutua.,Mkurugenzi Abel Mutua na stori za Mkurugenzi Abel Mutua na stori za Mkurugenzi Abel Mutua na stori za Mkurugenzi Abel Mutua na stori za Mkurugenzi Abel Mutua.,Mkurugenzi Abel Mutua na stori za Mkurugenzi Abel Mutua na stori za Mkurugenzi Abel Mutua na stori za Mkurugenzi Abel Mutua na stori za Mkurugenzi Abel Mutua.,sw-KE
local_sheng_000042,/home/ray/Desktop/mkuru/dataset/segmented/Sheng0004/Sheng0004_00008.wav,12.04,Mkurugenzi Abel Mutua. Mkurugenzi Abel Mutua. Mkurugenzi Abel Mutua. Mkurugenzi Abel Mutua. Mkurugenzi Abel Mutua. Mkurugenzi Abel Mutua. Mkurugenzi Abel Mutua.,Mkurugenzi Abel Mutua. Mkurugenzi Abel Mutua.,Mkurugenzi Abel Mutua.,sw-KE
local_sheng_000043,/home/ray/Desktop/mkuru/dataset/segmented/Sheng0004/Sheng0004_00009.wav,3.49,Mkurugenzi Abel Mutua na stori za Mkurugenzi Abel Mutua.,Mkurugenzi Abel Mutua na stori za Mkurugenzi Abel Mutua.,Mkurugenzi Abel Mutua na stori za Mkurugenzi Abel Mutua.,sw-KE
local_sheng_000044,/home/ray/Desktop/mkuru/dataset/segmented/Sheng0004/Sheng0004_00010.wav,32.0,"Mkurugenzi Abel Mutua na stori za Mkurugenzi Abel Mutua na stori za Mkurugenzi Abel Mutua na stori za Mkurugenzi Abel Mutua na stori za Mkurugenzi Abel Mutua na stori za Mkurugenzi Abel Mutua na stori za Mkurugenzi Abel Mutua na stori za Mkurugenzi Abel Mutua na stori za Mkurugenzi Abel Mutua na stori za Mkurugenzi Abel Mutua na stori za Mkurugenzi Abel Mutua na stori za Mkurugenzi Abel Mutua na stori za Mkurugenzi Abel Mutua na stori za Mkurugenzi Abel Mutua na stori za Mkurugenzi Abel Mutua na stori za Mkurugenzi Abel Mutua na stori za Mkurugenzi Abel Mutua na stori za Mkurugenzi Abel Mutua na stori za Mkurugenzi Abel Mut Milit, milit, mazo","Mkurugenzi Abel Mutua na stori za Mkurugenzi Abel Mutua na stori za Mkurugenzi Abel Mutua na stori za Mkurugenzi Abel Mutua na stori za Mkurugenzi Abel Mutua na stori za Mkurugenzi Abel Mutua na stori za Mkurugenzi Abel Mutua na stori za Mkurugenzi Abel Mutua na stori za Mkurugenzi Abel Mutua na stori za Mkurugenzi Abel Mutua na stori za Mkurugenzi Abel Mutua na stori za Mkurugenzi Abel Mutua na stori za Mkurugenzi Abel Mutua na stori za Mkurugenzi Abel Mutua na stori za Mkurugenzi Abel Mutua na stori za Mkurugenzi Abel Mutua na stori za Mkurugenzi Abel Mutua na stori za Mkurugenzi Abel Mutua na stori za Mkurugenzi Abel Mut Milit, mazo","Mkurugenzi Abel Mutua na stori za Mkurugenzi Abel Mutua na stori za Mkurugenzi Abel Mutua na stori za Mkurugenzi Abel Mutua na stori za Mkurugenzi Abel Mutua na stori za Mkurugenzi Abel Mutua na stori za Mkurugenzi Abel Mutua na stori za Mkurugenzi Abel Mutua na stori za Mkurugenzi Abel Mutua na stori za Mkurugenzi Abel Mutua na stori za Mkurugenzi Abel Mutua na stori za Mkurugenzi Abel Mutua na stori za Mkurugenzi Abel Mutua na stori za Mkurugenzi Abel Mutua na stori za Mkurugenzi Abel Mutua na stori za Mkurugenzi Abel Mutua na stori za Mkurugenzi Abel Mutua na stori za Mkurugenzi Abel Mutua na stori za Mkurugenzi Abel Mut Milit, mazo",sw-KE
local_sheng_000045,/home/ray/Desktop/mkuru/dataset/segmented/Sheng0004/Sheng0004_00011.wav,13.0,Mkurugenzi Abel Mutua na stori za Mkurugenzi Abel Mutua na stori za Mkurugenzi Abel Mutua na stori za Mkurugenzi Abel Mutua na stori za Mkurugenzi Abel Mutua na stori za Mkurugenzi.,Mkurugenzi Abel Mutua na stori za Mkurugenzi Abel Mutua na stori za Mkurugenzi Abel Mutua na stori za Mkurugenzi Abel Mutua na stori za Mkurugenzi Abel Mutua na stori za Mkurugenzi.,Mkurugenzi Abel Mutua na stori za Mkurugenzi Abel Mutua na stori za Mkurugenzi Abel Mutua na stori za Mkurugenzi Abel Mutua na stori za Mkurugenzi Abel Mutua na stori za Mkurugenzi.,sw-KE
local_sheng_000046,/home/ray/Desktop/mkuru/dataset/segmented/Sheng0004/Sheng0004_00012.wav,13.62,"Jelsi mabibi zepu nanda kuwa kuri niu vauza. We are going to renew our vauza against us. Who are we captaining this weekend? Last week, what only check?","Jelsi mabibi zepu nanda kuwa kuri niu vauza. We are going to renew our vauza against us. Who are we captaining this weekend? Last week, what only check?","Jelsi mabibi zepu nanda kuwa kuri niu vauza. We are going to renew our vauza against us. Who are we captaining this weekend? Last week, what only check?",sw-KE
local_sheng_000047,/home/ray/Desktop/mkuru/dataset/segmented/Sheng0005/Sheng0005_00000.wav,11.78,Mkurugenzi Abel Mutua na stori za Mkurugenzi Abel Mutua na stori za Mkurugenzi Abel Mutua na stori za Mkurugenzi Abel Mutua na stori za Mkurugenzi Abel Mutua na stori za Mkurugenzi Abel Mutua na stori za Mkurugenzi Abel Mutua na stori za Mkurugenzi Abel Mutua na stori za Mkurugenzi Abel Mutua.,Mkurugenzi Abel Mutua na stori za Mkurugenzi Abel Mutua na stori za Mkurugenzi Abel Mutua na stori za Mkurugenzi Abel Mutua na stori za Mkurugenzi Abel Mutua na stori za Mkurugenzi Abel Mutua na stori za Mkurugenzi Abel Mutua na stori za Mkurugenzi Abel Mutua na stori za Mkurugenzi Abel Mutua.,Mkurugenzi Abel Mutua na stori za Mkurugenzi Abel Mutua na stori za Mkurugenzi Abel Mutua na stori za Mkurugenzi Abel Mutua na stori za Mkurugenzi Abel Mutua na stori za Mkurugenzi Abel Mutua na stori za Mkurugenzi Abel Mutua na stori za Mkurugenzi Abel Mutua na stori za Mkurugenzi Abel Mutua.,sw-KE
local_sheng_000048,/home/ray/Desktop/mkuru/dataset/segmented/Sheng0005/Sheng0005_00001.wav,7.51,"So my name is Kevin Matthews, I'm responsible for delivering the digital experience over at KCB.","So my name is Kevin Matthews, I'm responsible for delivering the digital experience over at KCB.","So my name is Kevin Matthews, I'm responsible for delivering the digital experience over at KCB.",sw-KE
local_sheng_000049,/home/ray/Desktop/mkuru/dataset/segmented/Sheng0005/Sheng0005_00002.wav,11.1,Abel Mkurugenzi Abel Mutua na stori za Mkurugenzi Abel Mutua na stori za Mkurugenzi Abel Mutua na stori za Mkurugenzi Abel Mutua.,Abel Mkurugenzi Abel Mutua na stori za Mkurugenzi Abel Mutua na stori za Mkurugenzi Abel Mutua na stori za Mkurugenzi Abel Mutua.,Abel Mkurugenzi Abel Mutua na stori za Mkurugenzi Abel Mutua na stori za Mkurugenzi Abel Mutua na stori za Mkurugenzi Abel Mutua.,sw-KE
local_sheng_000050,/home/ray/Desktop/mkuru/dataset/segmented/Sheng0005/Sheng0005_00003.wav,4.69,Mkurugenzi Abel Mutua na stori za Mkurugenzi Abel Mutua na stori za Mkurugenzi Abel Mutua.,Mkurugenzi Abel Mutua na stori za Mkurugenzi Abel Mutua na stori za Mkurugenzi Abel Mutua.,Mkurugenzi Abel Mutua na stori za Mkurugenzi Abel Mutua na stori za Mkurugenzi Abel Mutua.,sw-KE
local_sheng_000051,/home/ray/Desktop/mkuru/dataset/segmented/Sheng0005/Sheng0005_00004.wav,13.62,Mkurugenzi Abel Mutua na stori za Mkurugenzi Abel Mutua na stori za Mkurugenzi Abel Mutua na stori za Mkurugenzi Abel Mutua na stori za Mkurugenzi Abel Mutua.,Mkurugenzi Abel Mutua na stori za Mkurugenzi Abel Mutua na stori za Mkurugenzi Abel Mutua na stori za Mkurugenzi Abel Mutua na stori za Mkurugenzi Abel Mutua.,Mkurugenzi Abel Mutua na stori za Mkurugenzi Abel Mutua na stori za Mkurugenzi Abel Mutua na stori za Mkurugenzi Abel Mutua na stori za Mkurugenzi Abel Mutua.,sw-KE
local_sheng_000052,/home/ray/Desktop/mkuru/dataset/segmented/Sheng0005/Sheng0005_00005.wav,13.97,Mkurugenzi Abel Mutua za Mkurugenzi Abel Mutua za Mkurugenzi Abel Mutua za Mkurugenzi Abel Mutua za Mkurugenzi Abel Mutua za Mkurugenzi Abel Mutua za Mkurugenzi Abel Mutua.,Mkurugenzi Abel Mutua za Mkurugenzi Abel Mutua.,Mkurugenzi Abel Mutua za Mkurugenzi Abel Mutua.,sw-KE
local_sheng_000053,/home/ray/Desktop/mkuru/dataset/segmented/Sheng0005/Sheng0005_00006.wav,13.97,Mkurugenzi Abel Mutua na stori za Mkurugenzi Abel Mutua na stori za Mkurugenzi Abel Mutua na stori za Mkurugenzi Abel Mutua na stori za Mkurugenzi Abel Mutua.,Mkurugenzi Abel Mutua na stori za Mkurugenzi Abel Mutua na stori za Mkurugenzi Abel Mutua na stori za Mkurugenzi Abel Mutua na stori za Mkurugenzi Abel Mutua.,Mkurugenzi Abel Mutua na stori za Mkurugenzi Abel Mutua na stori za Mkurugenzi Abel Mutua na stori za Mkurugenzi Abel Mutua na stori za Mkurugenzi Abel Mutua.,sw-KE
local_sheng_000054,/home/ray/Desktop/mkuru/dataset/segmented/Sheng0005/Sheng0005_00007.wav,8.25,Mkurugenzi Abel Mutua na stori za Mkurugenzi Abel Mutua na stori za Mkurugenzi Abel Mutua na stori za Mkurugenzi Abel Mutua na stori za Mkurugenzi Abel Mutua na stori za Mkurugenzi Abel Mutua.,Mkurugenzi Abel Mutua na stori za Mkurugenzi Abel Mutua na stori za Mkurugenzi Abel Mutua na stori za Mkurugenzi Abel Mutua na stori za Mkurugenzi Abel Mutua na stori za Mkurugenzi Abel Mutua.,Mkurugenzi Abel Mutua na stori za Mkurugenzi Abel Mutua na stori za Mkurugenzi Abel Mutua na stori za Mkurugenzi Abel Mutua na stori za Mkurugenzi Abel Mutua na stori za Mkurugenzi Abel Mutua.,sw-KE
local_sheng_000055,/home/ray/Desktop/mkuru/dataset/segmented/Sheng0005/Sheng0005_00008.wav,12.97,"Sosai kuna Genzi maalia, leuku Jua Smart Banki ina kaji sai and how is KCB responding to change in, you know, customer expectation? Right, so the new KCB mobile banking up.","Sosai kuna Genzi maalia, leuku Jua Smart Banki ina kaji sai and how is KCB responding to change in, you know, customer expectation? Right, so the new KCB mobile banking up.","Sosai kuna Genzi maalia, leuku Jua Smart Banki ina kaji sai and how is KCB responding to change in, you know, customer expectation? Right, so the new KCB mobile banking up.",sw-KE
local_sheng_000056,/home/ray/Desktop/mkuru/dataset/segmented/Sheng0005/Sheng0005_00009.wav,13.74,Mkurugenzi Abel Mutua na stori za Mkurugenzi Abel Mutua na stori za Mkurugenzi Abel Mutua na stori za Mkurugenzi Abel Mutua na stori za Mkurugenzi Abel Mutua.,Mkurugenzi Abel Mutua na stori za Mkurugenzi Abel Mutua na stori za Mkurugenzi Abel Mutua na stori za Mkurugenzi Abel Mutua na stori za Mkurugenzi Abel Mutua.,Mkurugenzi Abel Mutua na stori za Mkurugenzi Abel Mutua na stori za Mkurugenzi Abel Mutua na stori za Mkurugenzi Abel Mutua na stori za Mkurugenzi Abel Mutua.,sw-KE
local_sheng_000057,/home/ray/Desktop/mkuru/dataset/segmented/Sheng0005/Sheng0005_00010.wav,10.96,At KCB we have continued to invest in the digital solutions. Of course we know what the market is offering and KCB is regional so we are also in other countries that is.,At KCB we have continued to invest in the digital solutions. Of course we know what the market is offering and KCB is regional so we are also in other countries that is.,At KCB we have continued to invest in the digital solutions. Of course we know what the market is offering and KCB is regional so we are also in other countries that is.,sw-KE
local_sheng_000058,/home/ray/Desktop/mkuru/dataset/segmented/Sheng0005/Sheng0005_00011.wav,4.04,"Tizania, South Sudan, Kuzundi, Uganda, Wanda.","Tizania, South Sudan, Kuzundi, Uganda, Wanda.","Tizania, South Sudan, Kuzundi, Uganda, Wanda.",sw-KE
local_sheng_000059,/home/ray/Desktop/mkuru/dataset/segmented/Sheng0005/Sheng0005_00012.wav,10.09,"So what we get from feedback from our customers, we put it back into the pipeline. So we listen to our customers, we listen to what the market is saying at large and what it has been talking about.","So what we get from feedback from our customers, we put it back into the pipeline. So we listen to our customers, we listen to what the market is saying at large and what it has been talking about.","So what we get from feedback from our customers, we put it back into the pipeline. So we listen to our customers, we listen to what the market is saying at large and what it has been talking about.",sw-KE
local_sheng_000060,/home/ray/Desktop/mkuru/dataset/segmented/Sheng0005/Sheng0005_00013.wav,13.34,Mkurugenzi Abel Mutua na stori za Mkurugenzi Abel Mutua na stori za Mkurugenzi Abel Mutua na stori za Mkurugenzi Abel Mutua na stori za Mkurugenzi Abel Mutua na stori za Mkurugenzi Abel Mutua.,Mkurugenzi Abel Mutua na stori za Mkurugenzi Abel Mutua na stori za Mkurugenzi Abel Mutua na stori za Mkurugenzi Abel Mutua na stori za Mkurugenzi Abel Mutua na stori za Mkurugenzi Abel Mutua.,Mkurugenzi Abel Mutua na stori za Mkurugenzi Abel Mutua na stori za Mkurugenzi Abel Mutua na stori za Mkurugenzi Abel Mutua na stori za Mkurugenzi Abel Mutua na stori za Mkurugenzi Abel Mutua.,sw-KE
local_sheng_000061,/home/ray/Desktop/mkuru/dataset/segmented/Sheng0005/Sheng0005_00014.wav,6.21,Mkurugenzi Abel Mutua za Mkurugenzi Abel Mutua za Mkurugenzi Abel Mutua za Mkurugenzi Abel Mutua.,Mkurugenzi Abel Mutua za Mkurugenzi Abel Mutua.,Mkurugenzi Abel Mutua za Mkurugenzi Abel Mutua.,sw-KE
local_sheng_000062,/home/ray/Desktop/mkuru/dataset/segmented/Sheng0006/Sheng0006_00000.wav,17.85,Mkurugenzi Abel Mutua na stori za Mkurugenzi Abel Mutua na stori za Mkurugenzi Abel Mutua na stori za Mkurugenzi Abel Mutua na stori za Mkurugenzi Abel Mutua na stori za Mkurugenzi Abel Mutua na stori za Mkurugenzi Abel Mutua na stori za Mkurugenzi Abel Mutua na stori za Mkurugenzi Abel Mutua na stori za Mkurugenzi Abel Mutua na stori za Mkurugenzi Abel Mutua na stori za Mkurugenzi Abel Mutua na stori za Mkurugenzi Abel Mutua na stori za Mkurugenzi Abel Mutua na stori za Mkurugenzi Abel Mutua na stori za Mkurugenzi Abel Mutua na stori za Mkurugenzi Abel Mutua na stori za Mkurugenzi Abel Mutua na stori za Mkurugenzi Abel Mut,Mkurugenzi Abel Mutua na stori za Mkurugenzi Abel Mutua na stori za Mkurugenzi Abel Mutua na stori za Mkurugenzi Abel Mutua na stori za Mkurugenzi Abel Mutua na stori za Mkurugenzi Abel Mutua na stori za Mkurugenzi Abel Mutua na stori za Mkurugenzi Abel Mutua na stori za Mkurugenzi Abel Mutua na stori za Mkurugenzi Abel Mutua na stori za Mkurugenzi Abel Mutua na stori za Mkurugenzi Abel Mutua na stori za Mkurugenzi Abel Mutua na stori za Mkurugenzi Abel Mutua na stori za Mkurugenzi Abel Mutua na stori za Mkurugenzi Abel Mutua na stori za Mkurugenzi Abel Mutua na stori za Mkurugenzi Abel Mutua na stori za Mkurugenzi Abel Mut,Mkurugenzi Abel Mutua na stori za Mkurugenzi Abel Mutua na stori za Mkurugenzi Abel Mutua na stori za Mkurugenzi Abel Mutua na stori za Mkurugenzi Abel Mutua na stori za Mkurugenzi Abel Mutua na stori za Mkurugenzi Abel Mutua na stori za Mkurugenzi Abel Mutua na stori za Mkurugenzi Abel Mutua na stori za Mkurugenzi Abel Mutua na stori za Mkurugenzi Abel Mutua na stori za Mkurugenzi Abel Mutua na stori za Mkurugenzi Abel Mutua na stori za Mkurugenzi Abel Mutua na stori za Mkurugenzi Abel Mutua na stori za Mkurugenzi Abel Mutua na stori za Mkurugenzi Abel Mutua na stori za Mkurugenzi Abel Mutua na stori za Mkurugenzi Abel Mut,sw-KE
local_sheng_000063,/home/ray/Desktop/mkuru/dataset/segmented/Sheng0006/Sheng0006_00001.wav,11.81,"Wel, hiya panani hile unafakua reili because, hi, you can tunanguja first of all Sunday, we all agree about that, ya, to kupamoja, tunanguja Sunday, but the first game is tonight's Sunday.","Wel, hiya panani hile unafakua reili because, hi, you can tunanguja first of all Sunday, we all agree about that, ya, to kupamoja, tunanguja Sunday, but the first game is tonight'sunday.","Wel, hiya panani hile unafakua reili because, hi, you can tunanguja first of all Sunday, we all agree about that, ya, to kupamoja, tunanguja Sunday, but the first game is tonight'sunday.",sw-KE
local_sheng_000064,/home/ray/Desktop/mkuru/dataset/segmented/Sheng0006/Sheng0006_00002.wav,8.18,"Ipswich Town vs Liverpool. Na Liverpoolu ame kuwa, tifahati drop stinkas. Eriki jiru sijuka kwa sa... Ipswich Town vs Liverpool.","Ipswich Town vs Liverpool. Na Liverpoolu ame kuwa, tifahati drop stinkas. Eriki jiru sijuka kwa sa... Ipswich Town vs Liverpool.","Ipswich Town vs Liverpool. Na Liverpoolu ame kuwa, tifahati drop stinkas. Eriki jiru sijuka kwa sa... Ipswich Town vs Liverpool.",sw-KE
local_sheng_000065,/home/ray/Desktop/mkuru/dataset/segmented/Sheng0006/Sheng0006_00003.wav,24.16,Mkurugenzi Abel Mutua na stori za Mkurugenzi Abel Mutua na stori za Mkurugenzi Abel Mutua na stori za Mkurugenzi Abel Mutua na stori za Mkurugenzi Abel Mutua na stori za Mkurugenzi Abel Mutua na stori za Mkurugenzi Abel Mutua na stori za Mkurugenzi Abel Mutua na stori za Mkurugenzi Abel Mutua na stori za Mkurugenzi Abel Mutua na stori za Mkurugenzi Abel Mutua na stori za Mkurugenzi Abel Mutua na stori za Mkurugenzi Abel Mutua na stori za Mkurugenzi Abel Mutua na stori za Mkurugenzi Abel Mutua na stori za Mkurugenzi Abel Mutua na stori za Mkurugenzi Abel Mutua na stori za Mkurugenzi Abel Mutua na stori za Mkurugenzi Abel Mut,Mkurugenzi Abel Mutua na stori za Mkurugenzi Abel Mutua na stori za Mkurugenzi Abel Mutua na stori za Mkurugenzi Abel Mutua na stori za Mkurugenzi Abel Mutua na stori za Mkurugenzi Abel Mutua na stori za Mkurugenzi Abel Mutua na stori za Mkurugenzi Abel Mutua na stori za Mkurugenzi Abel Mutua na stori za Mkurugenzi Abel Mutua na stori za Mkurugenzi Abel Mutua na stori za Mkurugenzi Abel Mutua na stori za Mkurugenzi Abel Mutua na stori za Mkurugenzi Abel Mutua na stori za Mkurugenzi Abel Mutua na stori za Mkurugenzi Abel Mutua na stori za Mkurugenzi Abel Mutua na stori za Mkurugenzi Abel Mutua na stori za Mkurugenzi Abel Mut,Mkurugenzi Abel Mutua na stori za Mkurugenzi Abel Mutua na stori za Mkurugenzi Abel Mutua na stori za Mkurugenzi Abel Mutua na stori za Mkurugenzi Abel Mutua na stori za Mkurugenzi Abel Mutua na stori za Mkurugenzi Abel Mutua na stori za Mkurugenzi Abel Mutua na stori za Mkurugenzi Abel Mutua na stori za Mkurugenzi Abel Mutua na stori za Mkurugenzi Abel Mutua na stori za Mkurugenzi Abel Mutua na stori za Mkurugenzi Abel Mutua na stori za Mkurugenzi Abel Mutua na stori za Mkurugenzi Abel Mutua na stori za Mkurugenzi Abel Mutua na stori za Mkurugenzi Abel Mutua na stori za Mkurugenzi Abel Mutua na stori za Mkurugenzi Abel Mut,sw-KE
local_sheng_000066,/home/ray/Desktop/mkuru/dataset/segmented/Sheng0006/Sheng0006_00004.wav,9.47,Mkurugenzi Abel Mutua na stori za Mkurugenzi Abel Mutua na stori za Mkurugenzi Abel Mutua na stori za Mkurugenzi Abel Mutua na stori za Mkurugenzi Abel Mutua.,Mkurugenzi Abel Mutua na stori za Mkurugenzi Abel Mutua na stori za Mkurugenzi Abel Mutua na stori za Mkurugenzi Abel Mutua na stori za Mkurugenzi Abel Mutua.,Mkurugenzi Abel Mutua na stori za Mkurugenzi Abel Mutua na stori za Mkurugenzi Abel Mutua na stori za Mkurugenzi Abel Mutua na stori za Mkurugenzi Abel Mutua.,sw-KE
local_sheng_000067,/home/ray/Desktop/mkuru/dataset/segmented/Sheng0006/Sheng0006_00005.wav,11.45,"So 2-1, 2-1 to Liverpool. I'm going to say 1-1, I don't think Liverpool have all that it takes to win this game. I think it's a different, I didn't get another point, another point for Liverpool in this game. Okay, next team back.","So 2-1, 2-1 to Liverpool. I'm going to say 1-1, I don'think Liverpool have all that it takes to win this game. I think it's a different, I didn't get another point, another point for Liverpool in this game. Okay, next team back.","So 2-1, 2-1 to Liverpool. I'm going to say 1-1, I don'think Liverpool have all that it takes to win this game. I think it's a different, I didn't get another point, another point for Liverpool in this game. Okay, next team back.",sw-KE
local_sheng_000068,/home/ray/Desktop/mkuru/dataset/segmented/Sheng0006/Sheng0006_00006.wav,4.78,"Next, Keshu Ali Kikofi takwanya kastu vasizbol mo.","Next, Keshu Ali Kikofi takwanya kastu vasizbol mo.","Next, Keshu Ali Kikofi takwanya kastu vasizbol mo.",sw-KE
local_sheng_000069,/home/ray/Desktop/mkuru/dataset/segmented/Sheng0006/Sheng0006_00007.wav,11.5,Mkurugenzi Abel Mutua na stori za Mkurugenzi Abel Mutua na stori za Mkurugenzi Abel Mutua.,Mkurugenzi Abel Mutua na stori za Mkurugenzi Abel Mutua na stori za Mkurugenzi Abel Mutua.,Mkurugenzi Abel Mutua na stori za Mkurugenzi Abel Mutua na stori za Mkurugenzi Abel Mutua.,sw-KE
local_sheng_000070,/home/ray/Desktop/mkuru/dataset/segmented/Sheng0006/Sheng0006_00008.wav,5.85,Mkurugenzi Abel Mutua na stori za Mkurugenzi Abel Mutua.,Mkurugenzi Abel Mutua na stori za Mkurugenzi Abel Mutua.,Mkurugenzi Abel Mutua na stori za Mkurugenzi Abel Mutua.,sw-KE
local_sheng_000071,/home/ray/Desktop/mkuru/dataset/segmented/Sheng0006/Sheng0006_00009.wav,13.61,Mkurugenzi Abel Mutua na stori za Mkurugenzi Abel Mutua na stori za Mkurugenzi Abel Mutua na stori za Mkurugenzi Abel Mutua na stori za Mkurugenzi Abel Mutua.,Mkurugenzi Abel Mutua na stori za Mkurugenzi Abel Mutua na stori za Mkurugenzi Abel Mutua na stori za Mkurugenzi Abel Mutua na stori za Mkurugenzi Abel Mutua.,Mkurugenzi Abel Mutua na stori za Mkurugenzi Abel Mutua na stori za Mkurugenzi Abel Mutua na stori za Mkurugenzi Abel Mutua na stori za Mkurugenzi Abel Mutua.,sw-KE
local_sheng_000072,/home/ray/Desktop/mkuru/dataset/segmented/Sheng0006/Sheng0006_00010.wav,12.35,Apu hala dada pigapa wakata. Skillimandiai. Skillimandiai. Enzo numa. Enzo afungiapa jilemini. Apu sawa.,Apu hala dada pigapa wakata. Skillimandiai. Enzo numa. Enzo afungiapa jilemini. Apu sawa.,Apu hala dada pigapa wakata. Skillimandiai. Enzo numa. Enzo afungiapa jilemini. Apu sawa.,sw-KE
local_sheng_000073,/home/ray/Desktop/mkuru/dataset/segmented/Sheng0006/Sheng0006_00011.wav,2.55,"So, Siti, hadikshen, faibniru.","So, Siti, hadikshen, faibniru.","So, Siti, hadikshen, faibniru.",sw-KE
local_sheng_000074,/home/ray/Desktop/mkuru/dataset/segmented/Sheng0007/Sheng0007_00000.wav,13.81,Mkurugenzi Abel Mutua na stori za Mkurugenzi Abel Mutua na stori za Mkurugenzi Abel Mutua na stori za Mkurugenzi Abel Mutua.,Mkurugenzi Abel Mutua na stori za Mkurugenzi Abel Mutua na stori za Mkurugenzi Abel Mutua na stori za Mkurugenzi Abel Mutua.,Mkurugenzi Abel Mutua na stori za Mkurugenzi Abel Mutua na stori za Mkurugenzi Abel Mutua na stori za Mkurugenzi Abel Mutua.,sw-KE
local_sheng_000075,/home/ray/Desktop/mkuru/dataset/segmented/Sheng0007/Sheng0007_00001.wav,11.25,Mkurugenzi Abel Mutua na stori za Mkurugenzi Abel Mutua.,Mkurugenzi Abel Mutua na stori za Mkurugenzi Abel Mutua.,Mkurugenzi Abel Mutua na stori za Mkurugenzi Abel Mutua.,sw-KE
local_sheng_000076,/home/ray/Desktop/mkuru/dataset/segmented/Sheng0007/Sheng0007_00002.wav,12.79,Mkurugenzi Abel Mutua na stori za Mkurugenzi Abel Mutua na stori za Mkurugenzi Abel Mutua na stori za Mkurugenzi Abel Mutua.,Mkurugenzi Abel Mutua na stori za Mkurugenzi Abel Mutua na stori za Mkurugenzi Abel Mutua na stori za Mkurugenzi Abel Mutua.,Mkurugenzi Abel Mutua na stori za Mkurugenzi Abel Mutua na stori za Mkurugenzi Abel Mutua na stori za Mkurugenzi Abel Mutua.,sw-KE
local_sheng_000077,/home/ray/Desktop/mkuru/dataset/segmented/Sheng0007/Sheng0007_00003.wav,13.77,"Bro, it's only babes who do the stik, thang piercing, a boy child. Boy child na orata ham piercing. Arreza kwa mehengia kwele cha mehengine konga hachi mani. kwa kwa kwa kwa kwa kwa kwa kwa kwa kwa kwa kwa kwa kwa kwa kwa kwa kwa kwa kwa kwa kwa kwa kwa kwa kwa kwa kwa kwa kwa kwa kwa kwa kwa kwa kwa kwa kwa kwa kwa kwa kwa kwa kwa kwa kwa kwa kwa kwa kwa kwa kwa kwa kwa kwa kwa kwa kwa kwa kwa kwa kwa kwa kwa kwa kwa kwa kwa kwa kwa kwa kwa kwa kwa kwa kwa kwa kwa kwa kwa kwa kwa kwa kwa kwa kwa kwa kwa kwa kwa kwa kwa kwa kwa kwa kwa kwa kwa kwa kwa kwa kwa kwa kwa kwa kwa kwa kwa kwa kwa kwa k","Bro, it's only babes who do the stik, thang piercing, a boy child. Boy child na orata ham piercing. Arreza kwa mehengia kwele cha mehengine konga hachi mani. kwa k","Bro, it's only babes who do the stik, thang piercing, a boy child. Boy child na orata ham piercing. Arreza kwa mehengia kwele cha mehengine konga hachi mani. kwa k",sw-KE
local_sheng_000078,/home/ray/Desktop/mkuru/dataset/segmented/Sheng0007/Sheng0007_00004.wav,11.42,Mili niya ya ke? Nihiraga. So which one is weird? Ati piercing combat crack. Piercing combat crack ama manumena tang piercing. Bede which one is weird? Eiyo piercing combat crack.,Mili niya ya ke? Nihiraga. So which one is weird? Ati piercing combat crack. Piercing combat crack ama manumena tang piercing. Bede which one is weird? Eiyo piercing combat crack.,Mili niya ya ke? Nihiraga. So which one is weird? Ati piercing combat crack. Piercing combat crack ama manumena tang piercing. Bede which one is weird? Eiyo piercing combat crack.,sw-KE
local_sheng_000079,/home/ray/Desktop/mkuru/dataset/segmented/Sheng0007/Sheng0007_00005.wav,13.59,Mkurugenzi Abel Mutua na stori za Mkurugenzi Abel Mutua na stori za Mkurugenzi Abel Mutua na stori za Mkurugenzi Abel Mutua.,Mkurugenzi Abel Mutua na stori za Mkurugenzi Abel Mutua na stori za Mkurugenzi Abel Mutua na stori za Mkurugenzi Abel Mutua.,Mkurugenzi Abel Mutua na stori za Mkurugenzi Abel Mutua na stori za Mkurugenzi Abel Mutua na stori za Mkurugenzi Abel Mutua.,sw-KE
local_sheng_000080,/home/ray/Desktop/mkuru/dataset/segmented/Sheng0007/Sheng0007_00006.wav,6.87,Naimajinili umekazo na itajituku. Iya. The best thing is that. Kadibi za weird.,Naimajinili umekazo na itajituku. Iya. The best thing is that. Kadibi za weird.,Naimajinili umekazo na itajituku. Iya. The best thing is that. Kadibi za weird.,sw-KE
local_sheng_000081,/home/ray/Desktop/mkuru/dataset/segmented/Sheng0007/Sheng0007_00007.wav,10.22,Mkurugenzi Abel Mutua na stori za Mkurugenzi Abel Mutua na stori za Mkurugenzi Abel Mutua na stori za Mkurugenzi Abel Mutua.,Mkurugenzi Abel Mutua na stori za Mkurugenzi Abel Mutua na stori za Mkurugenzi Abel Mutua na stori za Mkurugenzi Abel Mutua.,Mkurugenzi Abel Mutua na stori za Mkurugenzi Abel Mutua na stori za Mkurugenzi Abel Mutua na stori za Mkurugenzi Abel Mutua.,sw-KE
local_sheng_000082,/home/ray/Desktop/mkuru/dataset/segmented/Sheng0008/Sheng0008_00000.wav,9.77,University. Onmyangushapu evo dress koningine muwetizu. Me pospalevo online nansana shangarada. Rada ni gani bro.,University. Onmyangushapu evo dress koningine muwetizu. Me pospalevo online nansana shangarada. Rada ni gani bro.,University. Onmyangushapu evo dress koningine muwetizu. Me pospalevo online nansana shangarada. Rada ni gani bro.,sw-KE
local_sheng_000083,/home/ray/Desktop/mkuru/dataset/segmented/Sheng0008/Sheng0008_00001.wav,14.34,Mkurugenzi Abel Mutua za Mkurugenzi Abel Mutua za Mkurugenzi Abel Mutua za Mkurugenzi Abel Mutua za Mkurugenzi Abel Mutua za Mkurugenzi Abel Mutua za Mkurugenzi Abel Mutua za Mkurugenzi Abel Mutua za Mkurugenzi Abel Mutua za Mkurugenzi Abel Mutua za Mkurugenzi Abel Mutua za Mkurugenzi Abel Mutua za Mkurugenzi Abel Mutua za Mkurugenzi Abel Mutua za Mkurugenzi Abel Mutua za Mkurugenzi Abel Mutua za Mkurugenzi Abel Mutua za Mkurugenzi Abel Mutua za Mkurugenzi Abel Mutua za Mkurugenzi Abel Mutua za Mkurugenzi Abel Mutua za Mkurugenzi Abel Mutua za Mkurugenzi Abel Mutua za Mkurugenzi Abel Mutua za Mkurugenzi Abel Mut,Mkurugenzi Abel Mutua za Mkurugenzi Abel Mut,Mkurugenzi Abel Mutua za Mkurugenzi Abel Mut,sw-KE
local_sheng_000084,/home/ray/Desktop/mkuru/dataset/segmented/Sheng0008/Sheng0008_00002.wav,12.82,Mkurugenzi Abel Mutua na stori za Mkurugenzi Abel Mutua na stori za Mkurugenzi Abel Mutua na stori za Mkurugenzi Abel Mutua na stori za Mkurugenzi Abel Mutua.,Mkurugenzi Abel Mutua na stori za Mkurugenzi Abel Mutua na stori za Mkurugenzi Abel Mutua na stori za Mkurugenzi Abel Mutua na stori za Mkurugenzi Abel Mutua.,Mkurugenzi Abel Mutua na stori za Mkurugenzi Abel Mutua na stori za Mkurugenzi Abel Mutua na stori za Mkurugenzi Abel Mutua na stori za Mkurugenzi Abel Mutua.,sw-KE
local_sheng_000085,/home/ray/Desktop/mkuru/dataset/segmented/Sheng0008/Sheng0008_00003.wav,16.52,Amanyuwa tu tu wa sasiko. Nuna juna seleksi unitzako zotezikwe on-line Ubaipasi mamboya minguwa. But fear... He actually applies to on-line students. Silekata kwa pwa na kujeki. Kamera onsen asimu kuna dredi jets nyo.,Amanyuwa tu wa sasiko. Nuna juna seleksi unitzako zotezikwe on-line Ubaipasi mamboya minguwa. But fear... He actually applies to on-line students. Silekata kwa pwa na kujeki. Kamera onsen asimu kuna dredi jets nyo.,Amanyuwa tu wa sasiko. Nuna juna seleksi unitzako zotezikwe on-line Ubaipasi mamboya minguwa. But fear... He actually applies to on-line students. Silekata kwa pwa na kujeki. Kamera onsen asimu kuna dredi jets nyo.,sw-KE
local_sheng_000086,/home/ray/Desktop/mkuru/dataset/segmented/Sheng0008/Sheng0008_00004.wav,13.43,"Nekata koshu animeva trauza. Reho rehten, onen klasikana. Ay, panapa java, zaporina, nene sunatu apokana. Sini kukwakitanda, kuna danimetoka.","Nekata koshu animeva trauza. Reho rehten, onen klasikana. Ay, panapa java, zaporina, nene sunatu apokana. Sini kukwakitanda, kuna danimetoka.","Nekata koshu animeva trauza. Reho rehten, onen klasikana. Ay, panapa java, zaporina, nene sunatu apokana. Sini kukwakitanda, kuna danimetoka.",sw-KE
local_sheng_000087,/home/ray/Desktop/mkuru/dataset/segmented/Sheng0008/Sheng0008_00005.wav,16.85,"This is a class year 8 na ni kuwako. Undabu miyembuna jipele kanda asiti ngunu bacha. No, no, no, no. Piha penkamu ulemtya maa Nairobi University. Ao ni Maa. Na li kuwaisi na niya ulemtya maa. Tapat Piha. This year I school Monday. Achen niyezoma University. I think I think this dress...",This is a class year 8 na ni kuwako. Undabu miyembuna jipele kanda asiti ngunu bacha. No. Piha penkamu ulemtya maa Nairobi University. Ao ni Maa. Na li kuwaisi na niya ulemtya maa. Tapat Piha. This year I school Monday. Achen niyezoma University. I think this dress...,This is a class year 8 na ni kuwako. Undabu miyembuna jipele kanda asiti ngunu bacha. No. Piha penkamu ulemtya maa Nairobi University. Ao ni Maa. Na li kuwaisi na niya ulemtya maa. Tapat Piha. This year I school Monday. Achen niyezoma University. I think this dress...,sw-KE
local_sheng_000088,/home/ray/Desktop/mkuru/dataset/segmented/Sheng0008/Sheng0008_00006.wav,4.39,"Minaskiya, the best kwa kwa mbiya tuni dress, how you want to be addressed. Tani pata.","Minaskiya, the best kwa mbiya tuni dress, how you want to be addressed. Tani pata.","Minaskiya, the best kwa mbiya tuni dress, how you want to be addressed. Tani pata.",sw-KE
local_sheng_000089,/home/ray/Desktop/mkuru/dataset/segmented/Sheng0008/Sheng0008_00007.wav,13.3,"Okay, now if you say that, now most people just like to dress in comfortable stuff like crocs, maserpasi, nimi, umse unafakumu wa dressaji. Okay fine, kunaile kunaile kunti image, unadjua, unataka.","Okay, now if you say that, now most people just like to dress in comfortable stuff like crocs, maserpasi, nimi, umse unafakumu wa dressaji. Okay fine, kunaile kunti image, unadjua, unataka.","Okay, now if you say that, now most people just like to dress in comfortable stuff like crocs, maserpasi, nimi, umse unafakumu wa dressaji. Okay fine, kunaile kunti image, unadjua, unataka.",sw-KE
local_sheng_000090,/home/ray/Desktop/mkuru/dataset/segmented/Sheng0008/Sheng0008_00008.wav,11.63,Mazungumzo ya lugha ya Sheng ya Nairobi na stori za Mkurugenzi Abel Mutua.,Mazungumzo ya lugha ya Sheng ya Nairobi na stori za Mkurugenzi Abel Mutua.,Mazungumzo ya lugha ya Sheng ya Nairobi na stori za Mkurugenzi Abel Mutua.,sw-KE
local_sheng_000091,/home/ray/Desktop/mkuru/dataset/segmented/Sheng0008/Sheng0008_00009.wav,12.33,Abel Mkurugenzi Abel Mutua na stori za Mkurugenzi Abel Mutua na stori za Mkurugenzi Abel Mutua.,Abel Mkurugenzi Abel Mutua na stori za Mkurugenzi Abel Mutua na stori za Mkurugenzi Abel Mutua.,Abel Mkurugenzi Abel Mutua na stori za Mkurugenzi Abel Mutua na stori za Mkurugenzi Abel Mutua.,sw-KE
local_sheng_000092,/home/ray/Desktop/mkuru/dataset/segmented/Sheng0008/Sheng0008_00010.wav,14.57,Ka ate ikwefupi? Ate ikwefupi? Ate ikwefupi? Ate ikwefupi? Ate ikwefupi? Ate ikwefupi? Ate ikwefupi? Ate ikwefupi? Ate ikwefupi? Ate ikwefupi? Ate ikwefupi? Ate ikwefupi? Ate ikwefupi? Ate ikwefupi? Ate ikwefupi? Ate ikwefupi? Ate ikwefupi? Ate ikwefupi? Ate ikwefupi? Ate ikwefupi? Ate ikwefupi? Ate ikwefupi?,Ka ate ikwefupi? Ate ikwefupi?,Ka ate ikwefupi?,sw-KE
local_sheng_000093,/home/ray/Desktop/mkuru/dataset/segmented/Sheng0008/Sheng0008_00011.wav,13.97,Mkurugenzi Abel Mutua na stori za Mkurugenzi Abel Mutua.,Mkurugenzi Abel Mutua na stori za Mkurugenzi Abel Mutua.,Mkurugenzi Abel Mutua na stori za Mkurugenzi Abel Mutua.,sw-KE
local_sheng_000094,/home/ray/Desktop/mkuru/dataset/segmented/Sheng0008/Sheng0008_00012.wav,12.89,Mkurugenzi Abel Mutua za Mkurugenzi Abel Mutua za Mkurugenzi Abel Mutua za Mkurugenzi Abel Mutua za Mkurugenzi Abel Mutua za Mkurugenzi Abel Mutua za Mkurugenzi Abel Mutua za Mkurugenzi Abel Mutua za Mkurugenzi Abel Mutua za Mkurugenzi Abel Mutua za Mkurugenzi Abel Mutua za Mkurugenzi Abel Mutua za Mkurugenzi Abel Mutua za Mkurugenzi Abel Mutua za Mkurugenzi Abel Mutua za Mkurugenzi Abel Mutua za Mkurugenzi Abel Mutua za Mkurugenzi Abel Mutua za Mkurugenzi Abel Mutua za Mkurugenzi Abel Mutua za Mkurugenzi Abel Mutua za Mkurugenzi Abel Mutua za Mkurugenzi Abel Mutua za Mkurugenzi Abel Mutua za Mkurugenzi Abel Mut,Mkurugenzi Abel Mutua za Mkurugenzi Abel Mut,Mkurugenzi Abel Mutua za Mkurugenzi Abel Mut,sw-KE
local_sheng_000095,/home/ray/Desktop/mkuru/dataset/segmented/Sheng0008/Sheng0008_00013.wav,8.75,"Nima kwa mbiya ya de Changi. Suza, Changi mutuka ya wewezi soma. Nibi checki Kabaraki University. Kwa mi ambusha apu evo.","Nima kwa mbiya ya de Changi. Suza, Changi mutuka ya wewezi soma. Nibi checki Kabaraki University. Kwa mi ambusha apu evo.","Nima kwa mbiya ya de Changi. Suza, Changi mutuka ya wewezi soma. Nibi checki Kabaraki University. Kwa mi ambusha apu evo.",sw-KE
local_sheng_000096,/home/ray/Desktop/mkuru/dataset/segmented/Sheng0009/Sheng0009_00000.wav,13.66,Mkurugenzi Abel Mutua na stori za Mkurugenzi Abel Mutua na stori za Mkurugenzi Abel Mutua na stori za Mkurugenzi Abel Mutua na stori za Mkurugenzi Abel Mutua na stori za Mkurugenzi Abel Mutua na stori za Mkurugenzi Abel Mutua.,Mkurugenzi Abel Mutua na stori za Mkurugenzi Abel Mutua na stori za Mkurugenzi Abel Mutua na stori za Mkurugenzi Abel Mutua na stori za Mkurugenzi Abel Mutua na stori za Mkurugenzi Abel Mutua na stori za Mkurugenzi Abel Mutua.,Mkurugenzi Abel Mutua na stori za Mkurugenzi Abel Mutua na stori za Mkurugenzi Abel Mutua na stori za Mkurugenzi Abel Mutua na stori za Mkurugenzi Abel Mutua na stori za Mkurugenzi Abel Mutua na stori za Mkurugenzi Abel Mutua.,sw-KE
local_sheng_000097,/home/ray/Desktop/mkuru/dataset/segmented/Sheng0009/Sheng0009_00001.wav,20.21,Mkurugenzi Abel Mutua. Mkurugenzi Abel Mutua. Mkurugenzi Abel Mutua. Mkurugenzi Abel Mutua. Mkurugenzi Abel Mutua. Mkurugenzi Abel Mutua. Mkurugenzi Abel Mutua. Mkurugenzi Abel Mutua. Mkurugenzi Abel Mutua. Mkurugenzi Abel Mutua. Mkurugenzi Abel Mutua. Mkurugenzi Abel Mutua.,Mkurugenzi Abel Mutua. Mkurugenzi Abel Mutua.,Mkurugenzi Abel Mutua.,sw-KE
local_sheng_000098,/home/ray/Desktop/mkuru/dataset/segmented/Sheng0009/Sheng0009_00002.wav,12.26,Mkurugenzi Abel Mutua na stori za Mkurugenzi Abel Mutua na stori za Mkurugenzi Abel Mutua.,Mkurugenzi Abel Mutua na stori za Mkurugenzi Abel Mutua na stori za Mkurugenzi Abel Mutua.,Mkurugenzi Abel Mutua na stori za Mkurugenzi Abel Mutua na stori za Mkurugenzi Abel Mutua.,sw-KE
local_sheng_000099,/home/ray/Desktop/mkuru/dataset/segmented/Sheng0009/Sheng0009_00003.wav,14.27,Na kili na kili na kili na kili na kili na kili na kili na kili na kili na kili na kili na kili na kili na kili na kili na kili na kili na kili na kili na kili na kili na kili na kili na kili na kili na kili na kili na kili na kili na kili na kili na kili na kili na kili na kili na kili na kili na kili na kili na kili na kili na kili na kili na kili na kili na kili na kili na kili na,Na kili na,Na kili na,sw-KE
local_sheng_000100,/home/ray/Desktop/mkuru/dataset/segmented/Sheng0009/Sheng0009_00004.wav,13.36,Mkurugenzi Abel Mutua za Mkurugenzi Abel Mutua za Mkurugenzi Abel Mutua za Mkurugenzi Abel Mutua.,Mkurugenzi Abel Mutua za Mkurugenzi Abel Mutua.,Mkurugenzi Abel Mutua za Mkurugenzi Abel Mutua.,sw-KE
local_sheng_000101,/home/ray/Desktop/mkuru/dataset/segmented/Sheng0009/Sheng0009_00005.wav,12.9,Mkurugenzi Abel Mutua za Mkurugenzi Abel Mutua za Mkurugenzi Abel Mutua za Mkurugenzi Abel Mutua za Mkurugenzi Abel Mutua za Mkurugenzi Abel Mutua za Mkurugenzi Abel Mutua.,Mkurugenzi Abel Mutua za Mkurugenzi Abel Mutua.,Mkurugenzi Abel Mutua za Mkurugenzi Abel Mutua.,sw-KE
local_sheng_000102,/home/ray/Desktop/mkuru/dataset/segmented/Sheng0009/Sheng0009_00006.wav,7.44,Mkurugenzi Abel Mutua na stori za Mkurugenzi Abel Mutua na stori za Mkurugenzi Abel Mutua.,Mkurugenzi Abel Mutua na stori za Mkurugenzi Abel Mutua na stori za Mkurugenzi Abel Mutua.,Mkurugenzi Abel Mutua na stori za Mkurugenzi Abel Mutua na stori za Mkurugenzi Abel Mutua.,sw-KE
local_sheng_000103,/home/ray/Desktop/mkuru/dataset/segmented/Sheng0009/Sheng0009_00007.wav,12.87,Mkurugenzi Abel Mutua na stori za Mkurugenzi Abel Mutua na stori za Mkurugenzi Abel Mutua.,Mkurugenzi Abel Mutua na stori za Mkurugenzi Abel Mutua na stori za Mkurugenzi Abel Mutua.,Mkurugenzi Abel Mutua na stori za Mkurugenzi Abel Mutua na stori za Mkurugenzi Abel Mutua.,sw-KE
local_sheng_000104,/home/ray/Desktop/mkuru/dataset/segmented/Sheng0009/Sheng0009_00008.wav,21.63,Mkurugenzi Abel Mutua na stori za Mkurugenzi Abel Mutua na stori za Mkurugenzi Abel Mutua na stori za Mkurugenzi Abel Mutua na stori za Mkurugenzi Abel Mutua na stori za Mkurugenzi Abel Mutua na stori za Mkurugenzi Abel Mutua na stori za Mkurugenzi Abel Mutua.,Mkurugenzi Abel Mutua na stori za Mkurugenzi Abel Mutua na stori za Mkurugenzi Abel Mutua na stori za Mkurugenzi Abel Mutua na stori za Mkurugenzi Abel Mutua na stori za Mkurugenzi Abel Mutua na stori za Mkurugenzi Abel Mutua na stori za Mkurugenzi Abel Mutua.,Mkurugenzi Abel Mutua na stori za Mkurugenzi Abel Mutua na stori za Mkurugenzi Abel Mutua na stori za Mkurugenzi Abel Mutua na stori za Mkurugenzi Abel Mutua na stori za Mkurugenzi Abel Mutua na stori za Mkurugenzi Abel Mutua na stori za Mkurugenzi Abel Mutua.,sw-KE
local_sheng_000105,/home/ray/Desktop/mkuru/dataset/segmented/Sheng0009/Sheng0009_00009.wav,8.74,Mkurugenzi Abel Mutua na stori za Mkurugenzi Abel Mutua na stori za Mkurugenzi Abel Mutua.,Mkurugenzi Abel Mutua na stori za Mkurugenzi Abel Mutua na stori za Mkurugenzi Abel Mutua.,Mkurugenzi Abel Mutua na stori za Mkurugenzi Abel Mutua na stori za Mkurugenzi Abel Mutua.,sw-KE
local_sheng_000106,/home/ray/Desktop/mkuru/dataset/segmented/Sheng0009/Sheng0009_00010.wav,12.84,"Nisha kwa miniyajineyo kontrakte yehwe, I don't trust you to see that contract to the very end if apakatikati meza kwa misha mwa zami, I trust the new man and as much as ginakodong have been sued, they've been taken to court.","Nisha kwa miniyajineyo kontrakte yehwe, I don'trust you to see that contract to the very end if apakatikati meza kwa misha mwa zami, I trust the new man and as much as ginakodong have been sued, they've been taken to court.","Nisha kwa miniyajineyo kontrakte yehwe, I don'trust you to see that contract to the very end if apakatikati meza kwa misha mwa zami, I trust the new man and as much as ginakodong have been sued, they've been taken to court.",sw-KE
local_sheng_000107,/home/ray/Desktop/mkuru/dataset/segmented/Sheng0009/Sheng0009_00011.wav,9.44,"I don't, I don't know whether you see the kind of smoke and the kind of trouble that these guys avoided because of what went down at that particular event, ilikwa stori kubosana man.","I don't, I don't know whether you see the kind of smoke and the kind of trouble that these guys avoided because of what went down at that particular event, ilikwa stori kubosana man.","I don't, I don't know whether you see the kind of smoke and the kind of trouble that these guys avoided because of what went down at that particular event, ilikwa stori kubosana man.",sw-KE
local_sheng_000108,/home/ray/Desktop/mkuru/dataset/segmented/Sheng0009/Sheng0009_00012.wav,9.32,"So sometimes walking away from a sweet deal, from a good deal just because of integrity is gonna save you more than the money you are going to make.","Sometimes walking away from a sweet deal, from a good deal just because of integrity is gonna save you more than the money you are going to make.","Sometimes walking away from a sweet deal, from a good deal just because of integrity is gonna save you more than the money you are going to make.",sw-KE
local_sheng_000109,/home/ray/Desktop/mkuru/dataset/segmented/Sheng0010/Sheng0010_00000.wav,12.69,Mkurugenzi Abel Mutua na stori za Mkurugenzi Abel Mutua na stori za Mkurugenzi Abel Mutua na stori za Mkurugenzi Abel Mutua na stori za Mkurugenzi Abel Mutua na stori za Mkurugenzi Abel Mutua na stori za Mkurugenzi Abel Mutua na stori za Mkurugenzi Abel Mutua.,Mkurugenzi Abel Mutua na stori za Mkurugenzi Abel Mutua na stori za Mkurugenzi Abel Mutua na stori za Mkurugenzi Abel Mutua na stori za Mkurugenzi Abel Mutua na stori za Mkurugenzi Abel Mutua na stori za Mkurugenzi Abel Mutua na stori za Mkurugenzi Abel Mutua.,Mkurugenzi Abel Mutua na stori za Mkurugenzi Abel Mutua na stori za Mkurugenzi Abel Mutua na stori za Mkurugenzi Abel Mutua na stori za Mkurugenzi Abel Mutua na stori za Mkurugenzi Abel Mutua na stori za Mkurugenzi Abel Mutua na stori za Mkurugenzi Abel Mutua.,sw-KE
local_sheng_000110,/home/ray/Desktop/mkuru/dataset/segmented/Sheng0010/Sheng0010_00001.wav,12.77,"Mkurugenzi Abel Mutua, Mkurugenzi Abel Mutua, Mkurugenzi Abel Mutua, Mkurugenzi Abel Mutua, Mkurugenzi Abel Mutua, Mkurugenzi Abel Mutua, Mkurugenzi Abel Mutua, Mkurugenzi Abel Mutua, Mkurugenzi Abel Mutua, Mkurugenzi Abel Mutua, Mkurugenzi Abel Mutua, Mkurugenzi Abel Mutua, Mkurugenzi Abel Mutua, Mkurugenzi Abel Mutua, Mkurugenzi Abel Mutua, Mkurugenzi Abel Mutua, Mkurugenzi Abel Mutua, Mkurugenzi Abel Mutua, Mkurugenzi Abel Mutua, Mkurugenzi Abel Mutua, Mkurugenzi Abel Mutua, Mkurugenzi Abel Mutua, Mkurugenzi Abel Mutua, Mkurugenzi Abel Mutua, Mkurugenzi Abel Mut","Mkurugenzi Abel Mutua, Mkurugenzi Abel Mut","Mkurugenzi Abel Mutua, Mkurugenzi Abel Mut",sw-KE
local_sheng_000111,/home/ray/Desktop/mkuru/dataset/segmented/Sheng0010/Sheng0010_00002.wav,12.25,Mkurugenzi Abel Mutua na stori za Mkurugenzi Abel Mutua na stori za Mkurugenzi Abel Mutua na stori za Mkurugenzi Abel Mutua na stori za Mkurugenzi Abel Mutua.,Mkurugenzi Abel Mutua na stori za Mkurugenzi Abel Mutua na stori za Mkurugenzi Abel Mutua na stori za Mkurugenzi Abel Mutua na stori za Mkurugenzi Abel Mutua.,Mkurugenzi Abel Mutua na stori za Mkurugenzi Abel Mutua na stori za Mkurugenzi Abel Mutua na stori za Mkurugenzi Abel Mutua na stori za Mkurugenzi Abel Mutua.,sw-KE
local_sheng_000112,/home/ray/Desktop/mkuru/dataset/segmented/Sheng0010/Sheng0010_00003.wav,4.98,Mkurugenzi Abel Mutua na stori za Mkurugenzi Abel Mutua.,Mkurugenzi Abel Mutua na stori za Mkurugenzi Abel Mutua.,Mkurugenzi Abel Mutua na stori za Mkurugenzi Abel Mutua.,sw-KE
local_sheng_000113,/home/ray/Desktop/mkuru/dataset/segmented/Sheng0010/Sheng0010_00004.wav,21.53,Mkurugenzi Abel Mkurugenzi Abel Mutua Mkurugenzi Abel Mutua Mkurugenzi Abel Mutua Mkurugenzi Abel Mutua Mkurugenzi Abel Mutua Mkurugenzi Abel Mutua.,Mkurugenzi Abel Mutua Mkurugenzi Abel Mutua.,Mkurugenzi Abel Mutua.,sw-KE
local_sheng_000114,/home/ray/Desktop/mkuru/dataset/segmented/Sheng0010/Sheng0010_00005.wav,13.17,"Ha ulajua, atsakai wunachia ngaizuotim zinizu na kuja next, zida rinizu na zinizu ngaizu mami na polsum. Doa jai bupia. Zinizu na zinizu na polsumzi mefanya. Zizisha polsumzi zinia kwa doo mwenfanya idia. Zinia kwa doo mwenfanya idia.","Ha ulajua, atsakai wunachia ngaizuotim zinizu na kuja next, zida rinizu na zinizu ngaizu mami na polsum. Doa jai bupia. Zinizu na polsumzi mefanya. Zizisha polsumzi zinia kwa doo mwenfanya idia. Zinia kwa doo mwenfanya idia.","Ha ulajua, atsakai wunachia ngaizuotim zinizu na kuja next, zida rinizu na zinizu ngaizu mami na polsum. Doa jai bupia. Zinizu na polsumzi mefanya. Zizisha polsumzi zinia kwa doo mwenfanya idia. Zinia kwa doo mwenfanya idia.",sw-KE
local_sheng_000115,/home/ray/Desktop/mkuru/dataset/segmented/Sheng0010/Sheng0010_00006.wav,11.26,Mkurugenzi Abel Mkurugenzi Abel Mutua.,Mkurugenzi Abel Mutua.,Mkurugenzi Abel Mutua.,sw-KE
local_sheng_000116,/home/ray/Desktop/mkuru/dataset/segmented/Sheng0010/Sheng0010_00007.wav,10.28,"So, you feel one game to the next game. Yes, you guys are playing checkers. So, how many points will you have if you continue playing like that and you lose this one, draw points on this one and then win the next one.","So, you feel one game to the next game. Yes, you guys are playing checkers. So, how many points will you have if you continue playing like that and you lose this one, draw points on this one and then win the next one.","So, you feel one game to the next game. Yes, you guys are playing checkers. So, how many points will you have if you continue playing like that and you lose this one, draw points on this one and then win the next one.",sw-KE
local_sheng_000117,/home/ray/Desktop/mkuru/dataset/segmented/Sheng0010/Sheng0010_00008.wav,6.19,"Nafujetro pohiz, mwakulashita pohiz. Dziza very big difference. Nafujetro pohiz, because you are...","Nafujetro pohiz, mwakulashita pohiz. Dziza very big difference. Nafujetro pohiz, because you are...","Nafujetro pohiz, mwakulashita pohiz. Dziza very big difference. Nafujetro pohiz, because you are...",sw-KE
local_sheng_000118,/home/ray/Desktop/mkuru/dataset/segmented/Sheng0010/Sheng0010_00009.wav,12.64,Mkurugenzi Abel Mutua na stori za Mkurugenzi Abel Mutua na stori za Mkurugenzi Abel Mutua na stori za Mkurugenzi Abel Mutua.,Mkurugenzi Abel Mutua na stori za Mkurugenzi Abel Mutua na stori za Mkurugenzi Abel Mutua na stori za Mkurugenzi Abel Mutua.,Mkurugenzi Abel Mutua na stori za Mkurugenzi Abel Mutua na stori za Mkurugenzi Abel Mutua na stori za Mkurugenzi Abel Mutua.,sw-KE
local_sheng_000119,/home/ray/Desktop/mkuru/dataset/segmented/Sheng0010/Sheng0010_00010.wav,17.37,"Relax, tu na takapu ingi ya, yuki mutua na awo manu ni mafal ya, hata humda komna trail kutu jazeb. Na, yuki wa pata kiki ya kai. Yitu ni fluctuation, nan pata. Ono na kama yutu, konawin, bro, looze. Unona. Misha wakata kila kiki jazeb. Tumisha hanzasad, meza hanzasafresh.","Relax, tu na takapu ingi ya, yuki mutua na awo manu ni mafal ya, hata humda komna trail kutu jazeb. Na, yuki wa pata kiki ya kai. Yitu ni fluctuation, nan pata. Ono na kama yutu, konawin, bro, looze. Unona. Misha wakata kila kiki jazeb. Tumisha hanzasad, meza hanzasafresh.","Relax, tu na takapu ingi ya, yuki mutua na awo manu ni mafal ya, hata humda komna trail kutu jazeb. Na, yuki wa pata kiki ya kai. Yitu ni fluctuation, nan pata. Ono na kama yutu, konawin, bro, looze. Unona. Misha wakata kila kiki jazeb. Tumisha hanzasad, meza hanzasafresh.",sw-KE
local_sheng_000120,/home/ray/Desktop/mkuru/dataset/segmented/Sheng0010/Sheng0010_00011.wav,10.63,"Mwala, tukikansu liso za tukutu meza za sa ligi ya za sa sayu. Wato mani wajatu wajatu sa tuanda kuwatu wa Chellis. Chellis sabatu bi daa.","Mwala, tukikansu liso za tukutu meza za sa ligi ya za sayu. Wato mani wajatu sa tuanda kuwatu wa Chellis. Chellis sabatu bi daa.","Mwala, tukikansu liso za tukutu meza za sa ligi ya za sayu. Wato mani wajatu sa tuanda kuwatu wa Chellis. Chellis sabatu bi daa.",sw-KE
local_sheng_000121,/home/ray/Desktop/mkuru/dataset/segmented/Sheng0010/Sheng0010_00012.wav,12.95,We are going to renew our house in Chelsi. Yes. Junao nima mimi zitu na tumu mazoe. And that's exactly what we did. Chelsi liking the nice team here.,We are going to renew our house in Chelsi. Yes. Junao nima mimi zitu na tumu mazoe. And that's exactly what we did. Chelsi liking the nice team here.,We are going to renew our house in Chelsi. Yes. Junao nima mimi zitu na tumu mazoe. And that's exactly what we did. Chelsi liking the nice team here.,sw-KE
local_sheng_000122,/home/ray/Desktop/mkuru/dataset/segmented/Sheng0010/Sheng0010_00013.wav,13.54,Mkurugenzi Abel Mutua na stori za Mkurugenzi Abel Mutua na stori za Mkurugenzi Abel Mutua na stori za Mkurugenzi Abel Mutua na stori za Mkurugenzi Abel Mutua.,Mkurugenzi Abel Mutua na stori za Mkurugenzi Abel Mutua na stori za Mkurugenzi Abel Mutua na stori za Mkurugenzi Abel Mutua na stori za Mkurugenzi Abel Mutua.,Mkurugenzi Abel Mutua na stori za Mkurugenzi Abel Mutua na stori za Mkurugenzi Abel Mutua na stori za Mkurugenzi Abel Mutua na stori za Mkurugenzi Abel Mutua.,sw-KE
local_sheng_000123,/home/ray/Desktop/mkuru/dataset/segmented/Sheng0011/Sheng0011_00000.wav,4.13,Stoliangu ya leo atastaji wiki wiki wiki wiki wiki wiki wiki.,Stoliangu ya leo atastaji wiki.,Stoliangu ya leo atastaji wiki.,sw-KE
local_sheng_000124,/home/ray/Desktop/mkuru/dataset/segmented/Sheng0011/Sheng0011_00001.wav,16.41,Mkurugenzi Abel Mutua na stori za Mkurugenzi Abel Mutua na stori za Mkurugenzi Abel Mutua na stori za Mkurugenzi Abel Mutua na stori za Mkurugenzi Abel Mutua na stori za Mkurugenzi Abel Mutua na stori za Mkurugenzi Abel Mutua na stori za Mkurugenzi Abel Mutua na stori za Mkurugenzi Abel Mutua na stori za Mkurugenzi Abel Mutua na stori za Mkurugenzi Abel Mutua na stori za Mkurugenzi Abel Mutua na stori za Mkurugenzi Abel Mutua na stori za Mkurugenzi Abel Mutua na stori za Mkurugenzi Abel Mutua na stori za Mkurugenzi Abel Mutua na stori za Mkurugenzi Abel Mutua na stori za Mkurugenzi Abel Mutua na stori za Mkurugenzi Abel Mut,Mkurugenzi Abel Mutua na stori za Mkurugenzi Abel Mutua na stori za Mkurugenzi Abel Mutua na stori za Mkurugenzi Abel Mutua na stori za Mkurugenzi Abel Mutua na stori za Mkurugenzi Abel Mutua na stori za Mkurugenzi Abel Mutua na stori za Mkurugenzi Abel Mutua na stori za Mkurugenzi Abel Mutua na stori za Mkurugenzi Abel Mutua na stori za Mkurugenzi Abel Mutua na stori za Mkurugenzi Abel Mutua na stori za Mkurugenzi Abel Mutua na stori za Mkurugenzi Abel Mutua na stori za Mkurugenzi Abel Mutua na stori za Mkurugenzi Abel Mutua na stori za Mkurugenzi Abel Mutua na stori za Mkurugenzi Abel Mutua na stori za Mkurugenzi Abel Mut,Mkurugenzi Abel Mutua na stori za Mkurugenzi Abel Mutua na stori za Mkurugenzi Abel Mutua na stori za Mkurugenzi Abel Mutua na stori za Mkurugenzi Abel Mutua na stori za Mkurugenzi Abel Mutua na stori za Mkurugenzi Abel Mutua na stori za Mkurugenzi Abel Mutua na stori za Mkurugenzi Abel Mutua na stori za Mkurugenzi Abel Mutua na stori za Mkurugenzi Abel Mutua na stori za Mkurugenzi Abel Mutua na stori za Mkurugenzi Abel Mutua na stori za Mkurugenzi Abel Mutua na stori za Mkurugenzi Abel Mutua na stori za Mkurugenzi Abel Mutua na stori za Mkurugenzi Abel Mutua na stori za Mkurugenzi Abel Mutua na stori za Mkurugenzi Abel Mut,sw-KE
local_sheng_000125,/home/ray/Desktop/mkuru/dataset/segmented/Sheng0011/Sheng0011_00002.wav,14.88,"Oye Shengske ya kimo mewkombi ya tijana nili yotana. So, a tijana nili yotana nikiwa China. Ata aweni, kondotu piya aweni. kwa kwa kwa kwa kwa kwa kwa kwa kwa kwa kwa kwa kwa kwa kwa kwa kwa kwa kwa kwa kwa kwa kwa kwa kwa kwa kwa kwa kwa kwa kwa","Oye Shengske ya kimo mewkombi ya tijana nili yotana. So, a tijana nili yotana nikiwa China. Ata aweni, kondotu piya aweni. kwa","Oye Shengske ya kimo mewkombi ya tijana nili yotana. So, a tijana nili yotana nikiwa China. Ata aweni, kondotu piya aweni. kwa",sw-KE
local_sheng_000126,/home/ray/Desktop/mkuru/dataset/segmented/Sheng0011/Sheng0011_00003.wav,11.24,"Ya, I dreamt about you last night. Aliyon na nini, BLA! It was just a BLA Buddha. So ya, people who wear glasses, they don't remember their dreams because they can't even see.","Ya, I dreamt about you last night. Aliyon na nini, BLA! It was just a BLA Buddha. So ya, people who wear glasses, they don't remember their dreams because they can't even see.","Ya, I dreamt about you last night. Aliyon na nini, BLA! It was just a BLA Buddha. So ya, people who wear glasses, they don't remember their dreams because they can't even see.",sw-KE
local_sheng_000127,/home/ray/Desktop/mkuru/dataset/segmented/Sheng0011/Sheng0011_00004.wav,13.74,Shankinawa wa titu kizirikiafuna wa desu. Homa slimtik si mafuizu. kwa kwa kwa kwa kwa kwa kwa kwa kwa kwa kwa kwa kwa kwa kwa kwa kwa kwa kwa kwa kwa kwa kwa kwa kwa kwa kwa kwa kwa kwa kwa kwa kwa kwa kwa kwa kwa kwa kwa kwa kwa kwa kwa kwa kwa kwa kwa kwa kwa kwa kwa kwa kwa kwa kwa kwa kwa kwa kwa kwa kwa kwa kwa kwa kwa kwa kwa kwa kwa kwa kwa kwa kwa kwa kwa kwa kwa kwa kwa kwa kwa kwa kwa kwa kwa kwa kwa kwa kwa kwa kwa kwa kwa kwa kwa kwa kwa kwa kwa kwa kwa kwa kwa kwa kwa kwa kwa kwa kwa kwa kwa k,Shankinawa wa titu kizirikiafuna wa desu. Homa slimtik si mafuizu. kwa k,Shankinawa wa titu kizirikiafuna wa desu. Homa slimtik si mafuizu. kwa k,sw-KE
local_sheng_000129,/home/ray/Desktop/mkuru/dataset/segmented/Sheng0011/Sheng0011_00006.wav,11.62,Mazungumzo ya lugha ya Sheng ya Nairobi na stori za Mkurugenzi Abel Mutua.,Mazungumzo ya lugha ya Sheng ya Nairobi na stori za Mkurugenzi Abel Mutua.,Mazungumzo ya lugha ya Sheng ya Nairobi na stori za Mkurugenzi Abel Mutua.,sw-KE
local_sheng_000130,/home/ray/Desktop/mkuru/dataset/segmented/Sheng0011/Sheng0011_00007.wav,12.79,"Ane ito, ane eka kwa ground, ane toa heeps. Maasta na semaninia na geuka 1 GB. Uliwa na shoriva kwa iwi ke maa niya kwa nii uko elia maa. Maasta. Mutua na tosha na nikita.","Ane ito, ane eka kwa ground, ane toa heeps. Maasta na semaninia na geuka 1 GB. Uliwa na shoriva kwa iwi ke maa niya kwa nii uko elia maa. Maasta. Mutua na tosha na nikita.","Ane ito, ane eka kwa ground, ane toa heeps. Maasta na semaninia na geuka 1 GB. Uliwa na shoriva kwa iwi ke maa niya kwa nii uko elia maa. Maasta. Mutua na tosha na nikita.",sw-KE
local_sheng_000131,/home/ray/Desktop/mkuru/dataset/segmented/Sheng0011/Sheng0011_00008.wav,11.16,Mkurugenzi Abel Mutua na stori za Mkurugenzi Abel Mutua.,Mkurugenzi Abel Mutua na stori za Mkurugenzi Abel Mutua.,Mkurugenzi Abel Mutua na stori za Mkurugenzi Abel Mutua.,sw-KE
local_sheng_000132,/home/ray/Desktop/mkuru/dataset/segmented/Sheng0011/Sheng0011_00009.wav,12.18,"Wana ba, wana ba, wana ba, kipsa, wana ba, aga wana ba buge. Tjekilemis, ya the only people who can confirm if Jax's story is not from the old-","Wana ba, kipsa, wana ba, aga wana ba buge. Tjekilemis, ya the only people who can confirm if Jax'story is not from the old-","Wana ba, kipsa, wana ba, aga wana ba buge. Tjekilemis, ya the only people who can confirm if Jax'story is not from the old-",sw-KE
local_sheng_000133,/home/ray/Desktop/mkuru/dataset/segmented/Sheng0012/Sheng0012_00000.wav,8.33,Mkurugenzi Abel Mutua. Mkurugenzi Abel Mutua. Mkurugenzi Abel Mutua. Mkurugenzi Abel Mutua.,Mkurugenzi Abel Mutua. Mkurugenzi Abel Mutua.,Mkurugenzi Abel Mutua.,sw-KE
local_sheng_000134,/home/ray/Desktop/mkuru/dataset/segmented/Sheng0012/Sheng0012_00001.wav,6.28,Mkurugenzi Abel Mutua na stori za Mkurugenzi Abel Mutua na stori za Mkurugenzi Abel Mutua na stori za Mkurugenzi Abel Mutua na stori za Mkurugenzi Abel Mutua na stori za Mkurugenzi Abel Mutua na stori za Mkurugenzi Abel Mutua na stori za Mkurugenzi Abel Mutua na stori za Mkurugenzi Abel Mutua na stori za Mkurugenzi Abel Mutua na stori za Mkurugenzi Abel Mutua na stori za Mkurugenzi Abel Mutua na stori za Mkurugenzi Abel Mutua na stori za Mkurugenzi Abel Mutua na stori za Mkurugenzi Abel Mutua na stori za Mkurugenzi Abel Mutua na stori za Mkurugenzi Abel Mutua na stori za Mkurugenzi Abel Mutua na stori za Mkurugenzi Abel Mut,Mkurugenzi Abel Mutua na stori za Mkurugenzi Abel Mutua na stori za Mkurugenzi Abel Mutua na stori za Mkurugenzi Abel Mutua na stori za Mkurugenzi Abel Mutua na stori za Mkurugenzi Abel Mutua na stori za Mkurugenzi Abel Mutua na stori za Mkurugenzi Abel Mutua na stori za Mkurugenzi Abel Mutua na stori za Mkurugenzi Abel Mutua na stori za Mkurugenzi Abel Mutua na stori za Mkurugenzi Abel Mutua na stori za Mkurugenzi Abel Mutua na stori za Mkurugenzi Abel Mutua na stori za Mkurugenzi Abel Mutua na stori za Mkurugenzi Abel Mutua na stori za Mkurugenzi Abel Mutua na stori za Mkurugenzi Abel Mutua na stori za Mkurugenzi Abel Mut,Mkurugenzi Abel Mutua na stori za Mkurugenzi Abel Mutua na stori za Mkurugenzi Abel Mutua na stori za Mkurugenzi Abel Mutua na stori za Mkurugenzi Abel Mutua na stori za Mkurugenzi Abel Mutua na stori za Mkurugenzi Abel Mutua na stori za Mkurugenzi Abel Mutua na stori za Mkurugenzi Abel Mutua na stori za Mkurugenzi Abel Mutua na stori za Mkurugenzi Abel Mutua na stori za Mkurugenzi Abel Mutua na stori za Mkurugenzi Abel Mutua na stori za Mkurugenzi Abel Mutua na stori za Mkurugenzi Abel Mutua na stori za Mkurugenzi Abel Mutua na stori za Mkurugenzi Abel Mutua na stori za Mkurugenzi Abel Mutua na stori za Mkurugenzi Abel Mut,sw-KE
local_sheng_000135,/home/ray/Desktop/mkuru/dataset/segmented/Sheng0012/Sheng0012_00002.wav,17.92,Mkurugenzi na Mkurugenzi na Mkurugenzi na Mkurugenzi na Mkurugenzi na Mkurugenzi na Mkurugenzi na Mkurugenzi na Mkurugenzi na Mkurugenzi na Mkurugenzi na Mkurugenzi na Mkurugenzi na Mkurugenzi na Mkurugenzi.,Mkurugenzi na Mkurugenzi.,Mkurugenzi na Mkurugenzi.,sw-KE
local_sheng_000136,/home/ray/Desktop/mkuru/dataset/segmented/Sheng0012/Sheng0012_00003.wav,10.06,"We decided as a band we need to open a new chapter in our lives because we've been together for like 7, 8 years also.","We decided as a band we need to open a new chapter in our lives because we've been together for like 7, 8 years also.","We decided as a band we need to open a new chapter in our lives because we've been together for like 7, 8 years also.",sw-KE
local_sheng_000137,/home/ray/Desktop/mkuru/dataset/segmented/Sheng0012/Sheng0012_00004.wav,9.1,"Ya and that was since high school, so literally it's the experience anything aside from like the bun you get and","Ya and that was since high school, so literally it's the experience anything aside from like the bun you get and","Ya and that was since high school, so literally it's the experience anything aside from like the bun you get and",sw-KE
local_sheng_000138,/home/ray/Desktop/mkuru/dataset/segmented/Sheng0012/Sheng0012_00005.wav,7.64,Mkurugenzi Abel Mutua na stori za Mkurugenzi Abel Mutua na stori za Mkurugenzi Abel Mutua na stori za Mkurugenzi Abel Mutua na stori za Mkurugenzi Abel Mutua na stori za Mkurugenzi Abel Mutua na stori za Mkurugenzi Abel Mutua.,Mkurugenzi Abel Mutua na stori za Mkurugenzi Abel Mutua na stori za Mkurugenzi Abel Mutua na stori za Mkurugenzi Abel Mutua na stori za Mkurugenzi Abel Mutua na stori za Mkurugenzi Abel Mutua na stori za Mkurugenzi Abel Mutua.,Mkurugenzi Abel Mutua na stori za Mkurugenzi Abel Mutua na stori za Mkurugenzi Abel Mutua na stori za Mkurugenzi Abel Mutua na stori za Mkurugenzi Abel Mutua na stori za Mkurugenzi Abel Mutua na stori za Mkurugenzi Abel Mutua.,sw-KE
local_sheng_000139,/home/ray/Desktop/mkuru/dataset/segmented/Sheng0012/Sheng0012_00006.wav,15.27,Mkurugenzi Abel Mutua za Mkurugenzi Abel Mutua na stori za Mkurugenzi Abel Mutua na stori za Mkurugenzi Abel Mutua na stori za Mkurugenzi Abel Mutua na stori za Mkurugenzi Abel Mutua na stori za Mkurugenzi Abel Mutua na stori za Mkurugenzi Abel Mutua na stori za Mkurugenzi Abel Mutua na stori za Mkurugenzi Abel Mutua na stori za Mkurugenzi Abel Mutua na stori za Mkurugenzi Abel Mutua na stori za Mkurugenzi Abel Mutua na stori za Mkurugenzi Abel Mutua na stori za Mkurugenzi Abel Mutua na stori za Mkurugenzi Abel Mutua na stori za Mkurugenzi Abel Mutua na stori za Mkurugenzi Abel Mutua na stori za Mkurugenzi Abel Mutua na stor,Mkurugenzi Abel Mutua za Mkurugenzi Abel Mutua na stori za Mkurugenzi Abel Mutua na stori za Mkurugenzi Abel Mutua na stori za Mkurugenzi Abel Mutua na stori za Mkurugenzi Abel Mutua na stori za Mkurugenzi Abel Mutua na stori za Mkurugenzi Abel Mutua na stori za Mkurugenzi Abel Mutua na stori za Mkurugenzi Abel Mutua na stori za Mkurugenzi Abel Mutua na stori za Mkurugenzi Abel Mutua na stori za Mkurugenzi Abel Mutua na stori za Mkurugenzi Abel Mutua na stori za Mkurugenzi Abel Mutua na stori za Mkurugenzi Abel Mutua na stori za Mkurugenzi Abel Mutua na stori za Mkurugenzi Abel Mutua na stori za Mkurugenzi Abel Mutua na stor,Mkurugenzi Abel Mutua za Mkurugenzi Abel Mutua na stori za Mkurugenzi Abel Mutua na stori za Mkurugenzi Abel Mutua na stori za Mkurugenzi Abel Mutua na stori za Mkurugenzi Abel Mutua na stori za Mkurugenzi Abel Mutua na stori za Mkurugenzi Abel Mutua na stori za Mkurugenzi Abel Mutua na stori za Mkurugenzi Abel Mutua na stori za Mkurugenzi Abel Mutua na stori za Mkurugenzi Abel Mutua na stori za Mkurugenzi Abel Mutua na stori za Mkurugenzi Abel Mutua na stori za Mkurugenzi Abel Mutua na stori za Mkurugenzi Abel Mutua na stori za Mkurugenzi Abel Mutua na stori za Mkurugenzi Abel Mutua na stori za Mkurugenzi Abel Mutua na stor,sw-KE
local_sheng_000140,/home/ray/Desktop/mkuru/dataset/segmented/Sheng0012/Sheng0012_00007.wav,11.99,"And yeah, that's also, nisa aina noma we get into it, that was the PR version, that was the edited version, ha ha ha ha ha ha ha ha ha ha ha ha ha ha ha ha ha ha ha ha ha ha ha ha ha ha ha ha ha ha ha ha ha ha ha ha ha ha ha ha ha ha ha ha ha ha ha ha ha ha ha ha ha ha ha ha ha ha ha ha ha ha ha ha ha ha ha ha ha ha ha ha ha ha ha ha ha ha ha ha ha ha ha ha ha ha ha ha ha ha ha ha ha ha ha ha ha ha ha ha ha ha ha ha ha ha ha ha ha ha ha ha ha ha ha ha ha ha ha ha ha ha ha ha ha ha ha ha ha ha ha ha ha ha ha ha ha ha ha ha ha ha ha ha ha ha ha ha ha ha ha ha ha ha ha ha ha ha ha ha ha ha ha ha ha ha ha ha ha ha ha ha ha ha ha ha ha ha ha ha ha ha ha ha ha ha ha ha ha ha ha ha ha","And yeah, that's also, nisa aina noma we get into it, that was the PR version, that was the edited version, ha","And yeah, that's also, nisa aina noma we get into it, that was the PR version, that was the edited version, ha",sw-KE
local_sheng_000141,/home/ray/Desktop/mkuru/dataset/segmented/Sheng0012/Sheng0012_00008.wav,2.74,Um... Yuzhizu wa Akshizu wa Akshizu wa Akshizu.,Um... Yuzhizu wa Akshizu wa Akshizu.,Um... Yuzhizu wa Akshizu.,sw-KE
local_sheng_000142,/home/ray/Desktop/mkuru/dataset/segmented/Sheng0012/Sheng0012_00009.wav,11.28,Petorosa is being his own business store thing but Anafakwenda Maju in the next few months to pursue greener pastures.,Petorosa is being his own business store thing but Anafakwenda Maju in the next few months to pursue greener pastures.,Petorosa is being his own business store thing but Anafakwenda Maju in the next few months to pursue greener pastures.,sw-KE
local_sheng_000143,/home/ray/Desktop/mkuru/dataset/segmented/Sheng0012/Sheng0012_00010.wav,8.67,Mkurugenzi Abel Mutua na stori za Mkurugenzi Abel Mutua.,Mkurugenzi Abel Mutua na stori za Mkurugenzi Abel Mutua.,Mkurugenzi Abel Mutua na stori za Mkurugenzi Abel Mutua.,sw-KE
local_sheng_000144,/home/ray/Desktop/mkuru/dataset/segmented/Sheng0012/Sheng0012_00011.wav,9.97,Mkurugenzi Abel Mutua na stori za Mkurugenzi Abel Mutua na stori za Mkurugenzi Abel Mutua na stori za Mkurugenzi Abel Mutua na stori za Mkurugenzi Abel Mutua.,Mkurugenzi Abel Mutua na stori za Mkurugenzi Abel Mutua na stori za Mkurugenzi Abel Mutua na stori za Mkurugenzi Abel Mutua na stori za Mkurugenzi Abel Mutua.,Mkurugenzi Abel Mutua na stori za Mkurugenzi Abel Mutua na stori za Mkurugenzi Abel Mutua na stori za Mkurugenzi Abel Mutua na stori za Mkurugenzi Abel Mutua.,sw-KE
local_sheng_000145,/home/ray/Desktop/mkuru/dataset/segmented/Sheng0012/Sheng0012_00012.wav,31.28,Mkurugenzi Abel Mutua na stori za Mkurugenzi Abel Mutua na stori za Mkurugenzi Abel Mutua na stori za Mkurugenzi Abel Mutua na stori za Mkurugenzi Abel Mutua na stori za Mkurugenzi Abel Mutua na stori za Mkurugenzi Abel Mutua na stori za Mkurugenzi Abel Mutua na stori za Mkurugenzi Abel Mutua na stori za Mkurugenzi Abel Mutua na stori za Mkurugenzi Abel Mutua na stori za Mkurugenzi Abel Mutua na stori za Mkurugenzi Abel Mutua na stori za Mkurugenzi Abel Mutua na stori za Mkurugenzi Abel Mutua na stori za Mkurugenzi Abel Mutua na stori za Mkurugenzi Abel Mutua na stori za Mkurugenzi Abel Mutua na stori za Mkurugenzi Abel Mut kwa kwa kwa kwa kwa kwa kwa kwa kwa kwa kwa kwa kwa kwa kwa kwa kwa kwa kwa kwa kwa,Mkurugenzi Abel Mutua na stori za Mkurugenzi Abel Mutua na stori za Mkurugenzi Abel Mutua na stori za Mkurugenzi Abel Mutua na stori za Mkurugenzi Abel Mutua na stori za Mkurugenzi Abel Mutua na stori za Mkurugenzi Abel Mutua na stori za Mkurugenzi Abel Mutua na stori za Mkurugenzi Abel Mutua na stori za Mkurugenzi Abel Mutua na stori za Mkurugenzi Abel Mutua na stori za Mkurugenzi Abel Mutua na stori za Mkurugenzi Abel Mutua na stori za Mkurugenzi Abel Mutua na stori za Mkurugenzi Abel Mutua na stori za Mkurugenzi Abel Mutua na stori za Mkurugenzi Abel Mutua na stori za Mkurugenzi Abel Mutua na stori za Mkurugenzi Abel Mut kwa,Mkurugenzi Abel Mutua na stori za Mkurugenzi Abel Mutua na stori za Mkurugenzi Abel Mutua na stori za Mkurugenzi Abel Mutua na stori za Mkurugenzi Abel Mutua na stori za Mkurugenzi Abel Mutua na stori za Mkurugenzi Abel Mutua na stori za Mkurugenzi Abel Mutua na stori za Mkurugenzi Abel Mutua na stori za Mkurugenzi Abel Mutua na stori za Mkurugenzi Abel Mutua na stori za Mkurugenzi Abel Mutua na stori za Mkurugenzi Abel Mutua na stori za Mkurugenzi Abel Mutua na stori za Mkurugenzi Abel Mutua na stori za Mkurugenzi Abel Mutua na stori za Mkurugenzi Abel Mutua na stori za Mkurugenzi Abel Mutua na stori za Mkurugenzi Abel Mut kwa,sw-KE
local_sheng_000146,/home/ray/Desktop/mkuru/dataset/segmented/Sheng0012/Sheng0012_00013.wav,8.56,Mkurugenzi Abel Mutua na stori za Mkurugenzi Abel Mutua na stori za Mkurugenzi Abel Mutua.,Mkurugenzi Abel Mutua na stori za Mkurugenzi Abel Mutua na stori za Mkurugenzi Abel Mutua.,Mkurugenzi Abel Mutua na stori za Mkurugenzi Abel Mutua na stori za Mkurugenzi Abel Mutua.,sw-KE
local_sheng_000147,/home/ray/Desktop/mkuru/dataset/segmented/Sheng0012/Sheng0012_00014.wav,13.95,"So, cut. kwa kwa kwa kwa kwa kwa kwa kwa kwa kwa kwa kwa kwa kwa kwa kwa kwa kwa kwa kwa kwa kwa kwa kwa kwa kwa kwa kwa kwa kwa kwa kwa kwa kwa kwa kwa kwa kwa kwa kwa kwa kwa kwa kwa kwa kwa kwa kwa kwa kwa kwa kwa kwa kwa kwa kwa kwa kwa kwa kwa kwa kwa kwa kwa kwa kwa kwa kwa kwa kwa kwa kwa kwa kwa kwa kwa kwa kwa kwa kwa kwa kwa kwa kwa kwa kwa kwa kwa kwa kwa kwa kwa kwa kwa kwa kwa kwa kwa kwa kwa kwa kwa kwa kwa kwa kwa kwa kwa kwa kwa kwa k","So, cut. kwa k","So, cut. kwa k",sw-KE
local_sheng_000148,/home/ray/Desktop/mkuru/dataset/segmented/Sheng0013/Sheng0013_00000.wav,11.95,Mkurugenzi Abel Mutua na stori za Mkurugenzi Abel Mutua na stori za Mkurugenzi Abel Mutua.,Mkurugenzi Abel Mutua na stori za Mkurugenzi Abel Mutua na stori za Mkurugenzi Abel Mutua.,Mkurugenzi Abel Mutua na stori za Mkurugenzi Abel Mutua na stori za Mkurugenzi Abel Mutua.,sw-KE
local_sheng_000149,/home/ray/Desktop/mkuru/dataset/segmented/Sheng0013/Sheng0013_00001.wav,9.25,"Niki kama na kashifu, niki kama na kashirik. Okay. Amisimandu giyangu, niki kupatile chupa ya, stu sampo. Usi jazi.","Niki kama na kashifu, niki kama na kashirik. Okay. Amisimandu giyangu, niki kupatile chupa ya, stu sampo. Usi jazi.","Niki kama na kashifu, niki kama na kashirik. Okay. Amisimandu giyangu, niki kupatile chupa ya, stu sampo. Usi jazi.",sw-KE
local_sheng_000151,/home/ray/Desktop/mkuru/dataset/segmented/Sheng0013/Sheng0013_00003.wav,35.98,"Mkurugenzi Abel Mutua na stori za Mkurugenzi Abel Mutua na stori za Mkurugenzi Abel Mutua na stori za Mkurugenzi Abel Mutua na stori za Mkurugenzi Abel Mutua na stori za Mkurugenzi Abel Mutua na stori za Mkurugenzi Abel Mutua na stori za Mkurugenzi Abel Mutua na stori za Mkurugenzi Abel Mutua na stori za Mkurugenzi Abel Mutua na stori za Mkurugenzi Abel Mutua na stori za Mkurugenzi Abel Mutua na stori za Mkurugenzi Abel Mutua na stori za Mkurugenzi Abel Mutua na stori za Mkurugenzi Abel Mutua na stori za Mkurugenzi Abel Mutua na stori za Mkurugenzi Abel Mutua na stori za Mkurugenzi Abel Mutua na stori za Mkurugenzi Abel Mut Ay, nasez!","Mkurugenzi Abel Mutua na stori za Mkurugenzi Abel Mutua na stori za Mkurugenzi Abel Mutua na stori za Mkurugenzi Abel Mutua na stori za Mkurugenzi Abel Mutua na stori za Mkurugenzi Abel Mutua na stori za Mkurugenzi Abel Mutua na stori za Mkurugenzi Abel Mutua na stori za Mkurugenzi Abel Mutua na stori za Mkurugenzi Abel Mutua na stori za Mkurugenzi Abel Mutua na stori za Mkurugenzi Abel Mutua na stori za Mkurugenzi Abel Mutua na stori za Mkurugenzi Abel Mutua na stori za Mkurugenzi Abel Mutua na stori za Mkurugenzi Abel Mutua na stori za Mkurugenzi Abel Mutua na stori za Mkurugenzi Abel Mutua na stori za Mkurugenzi Abel Mut Ay, nasez!","Mkurugenzi Abel Mutua na stori za Mkurugenzi Abel Mutua na stori za Mkurugenzi Abel Mutua na stori za Mkurugenzi Abel Mutua na stori za Mkurugenzi Abel Mutua na stori za Mkurugenzi Abel Mutua na stori za Mkurugenzi Abel Mutua na stori za Mkurugenzi Abel Mutua na stori za Mkurugenzi Abel Mutua na stori za Mkurugenzi Abel Mutua na stori za Mkurugenzi Abel Mutua na stori za Mkurugenzi Abel Mutua na stori za Mkurugenzi Abel Mutua na stori za Mkurugenzi Abel Mutua na stori za Mkurugenzi Abel Mutua na stori za Mkurugenzi Abel Mutua na stori za Mkurugenzi Abel Mutua na stori za Mkurugenzi Abel Mutua na stori za Mkurugenzi Abel Mut Ay, nasez!",sw-KE
local_sheng_000152,/home/ray/Desktop/mkuru/dataset/segmented/Sheng0013/Sheng0013_00004.wav,3.01,Mkurugenzi Abel Mutua na stori za Mkurugenzi Abel Mutua.,Mkurugenzi Abel Mutua na stori za Mkurugenzi Abel Mutua.,Mkurugenzi Abel Mutua na stori za Mkurugenzi Abel Mutua.,sw-KE
local_sheng_000153,/home/ray/Desktop/mkuru/dataset/segmented/Sheng0014/Sheng0014_00000.wav,10.28,Mkurugenzi Abel Mutua na stori za Mkurugenzi Abel Mutua na stori za Mkurugenzi Abel Mutua na stori za Mkurugenzi Abel Mutua na stori za Mkurugenzi Abel Mutua na stori za Mkurugenzi Abel Mutua na stori za Mkurugenzi Abel Mutua na stori za Mkurugenzi Abel Mutua na stori za Mkurugenzi Abel Mutua na stori za Mkurugenzi Abel Mutua na stori za Mkurugenzi Abel Mutua na stori za Mkurugenzi Abel Mutua na stori za Mkurugenzi Abel Mutua na stori za Mkurugenzi Abel Mutua na stori za Mkurugenzi Abel Mutua na stori za Mkurugenzi Abel Mutua na storiwa.,Mkurugenzi Abel Mutua na stori za Mkurugenzi Abel Mutua na stori za Mkurugenzi Abel Mutua na stori za Mkurugenzi Abel Mutua na stori za Mkurugenzi Abel Mutua na stori za Mkurugenzi Abel Mutua na stori za Mkurugenzi Abel Mutua na stori za Mkurugenzi Abel Mutua na stori za Mkurugenzi Abel Mutua na stori za Mkurugenzi Abel Mutua na stori za Mkurugenzi Abel Mutua na stori za Mkurugenzi Abel Mutua na stori za Mkurugenzi Abel Mutua na stori za Mkurugenzi Abel Mutua na stori za Mkurugenzi Abel Mutua na stori za Mkurugenzi Abel Mutua na storiwa.,Mkurugenzi Abel Mutua na stori za Mkurugenzi Abel Mutua na stori za Mkurugenzi Abel Mutua na stori za Mkurugenzi Abel Mutua na stori za Mkurugenzi Abel Mutua na stori za Mkurugenzi Abel Mutua na stori za Mkurugenzi Abel Mutua na stori za Mkurugenzi Abel Mutua na stori za Mkurugenzi Abel Mutua na stori za Mkurugenzi Abel Mutua na stori za Mkurugenzi Abel Mutua na stori za Mkurugenzi Abel Mutua na stori za Mkurugenzi Abel Mutua na stori za Mkurugenzi Abel Mutua na stori za Mkurugenzi Abel Mutua na stori za Mkurugenzi Abel Mutua na storiwa.,sw-KE
local_sheng_000154,/home/ray/Desktop/mkuru/dataset/segmented/Sheng0014/Sheng0014_00001.wav,14.47,Mkurugenzi Abel Mutua na stori za Mkurugenzi Abel Mutua na stori za Mkurugenzi Abel Mutua na stori za Mkurugenzi Abel Mutua.,Mkurugenzi Abel Mutua na stori za Mkurugenzi Abel Mutua na stori za Mkurugenzi Abel Mutua na stori za Mkurugenzi Abel Mutua.,Mkurugenzi Abel Mutua na stori za Mkurugenzi Abel Mutua na stori za Mkurugenzi Abel Mutua na stori za Mkurugenzi Abel Mutua.,sw-KE
local_sheng_000155,/home/ray/Desktop/mkuru/dataset/segmented/Sheng0014/Sheng0014_00002.wav,4.98,"En palemazoki angali yunga vinyo sa Udbens muna yunga kudresku pati, muna jua.","En palemazoki angali yunga vinyo sa Udbens muna yunga kudresku pati, muna jua.","En palemazoki angali yunga vinyo sa Udbens muna yunga kudresku pati, muna jua.",sw-KE
local_sheng_000156,/home/ray/Desktop/mkuru/dataset/segmented/Sheng0014/Sheng0014_00003.wav,12.33,"Uka e shiti unanuki ya shiti, nuna dance pia comfortably and most of the time uta pana pia, skat nazo zi gondizmi pita chini amagoti znakona zi mecheze ukuju na ease of zote. And now in Rwanda","Uka e shiti unanuki ya shiti, nuna dance pia comfortably and most of the time uta pana pia, skat nazo zi gondizmi pita chini amagoti znakona zi mecheze ukuju na ease of zote. And now in Rwanda","Uka e shiti unanuki ya shiti, nuna dance pia comfortably and most of the time uta pana pia, skat nazo zi gondizmi pita chini amagoti znakona zi mecheze ukuju na ease of zote. And now in Rwanda",sw-KE
local_sheng_000157,/home/ray/Desktop/mkuru/dataset/segmented/Sheng0014/Sheng0014_00004.wav,6.28,Mkurugenzi Abel Mutua na stori za Mkurugenzi Abel Mutua na stori za Mkurugenzi Abel Mutua.,Mkurugenzi Abel Mutua na stori za Mkurugenzi Abel Mutua na stori za Mkurugenzi Abel Mutua.,Mkurugenzi Abel Mutua na stori za Mkurugenzi Abel Mutua na stori za Mkurugenzi Abel Mutua.,sw-KE
local_sheng_000158,/home/ray/Desktop/mkuru/dataset/segmented/Sheng0014/Sheng0014_00005.wav,13.65,Mkurugenzi Abel Mutua na stori za Mkurugenzi Abel Mutua na stori za Mkurugenzi Abel Mutua na stori za Mkurugenzi Abel Mutua.,Mkurugenzi Abel Mutua na stori za Mkurugenzi Abel Mutua na stori za Mkurugenzi Abel Mutua na stori za Mkurugenzi Abel Mutua.,Mkurugenzi Abel Mutua na stori za Mkurugenzi Abel Mutua na stori za Mkurugenzi Abel Mutua na stori za Mkurugenzi Abel Mutua.,sw-KE
local_sheng_000159,/home/ray/Desktop/mkuru/dataset/segmented/Sheng0014/Sheng0014_00006.wav,12.93,Abel Mkurugenzi Abel Mutua. Mkurugenzi Abel Mutua. Mkurugenzi Abel Mutua. Mkurugenzi Abel Mutua. Mkurugenzi Abel Mutua. isi akshits mazez ni shemful ni indisend,Abel Mkurugenzi Abel Mutua. isi akshits mazez ni shemful ni indisend,Abel Mkurugenzi Abel Mutua. isi akshits mazez ni shemful ni indisend,sw-KE
local_sheng_000160,/home/ray/Desktop/mkuru/dataset/segmented/Sheng0014/Sheng0014_00007.wav,5.89,Mkurugenzi Abel Mutua na stori za Mkurugenzi Abel Mutua na stori za Mkurugenzi Abel Mutua na stori za Mkurugenzi Abel Mutua.,Mkurugenzi Abel Mutua na stori za Mkurugenzi Abel Mutua na stori za Mkurugenzi Abel Mutua na stori za Mkurugenzi Abel Mutua.,Mkurugenzi Abel Mutua na stori za Mkurugenzi Abel Mutua na stori za Mkurugenzi Abel Mutua na stori za Mkurugenzi Abel Mutua.,sw-KE
local_sheng_000161,/home/ray/Desktop/mkuru/dataset/segmented/Sheng0014/Sheng0014_00008.wav,15.09,"Kenya, ya nitu. Kwa puja kwa implement tuzu, kwa kwa kwa kwa implement tuzu, kwa kwa kwa kwa kwa kwa kwa kwa kwa kwa kwa kwa kwa kwa kwa kwa kwa kwa kwa kwa kwa kwa kwa kwa kwa kwa kwa kwa kwa kwa kwa kwa kwa kwa kwa kwa kwa kwa kwa kwa kwa kwa kwa kwa kwa kwa kwa kwa kwa kwa kwa kwa kwa kwa kwa kwa kwa kwa kwa kwa kwa kwa kwa kwa kwa kwa kwa kwa kwa kwa kwa kwa kwa kwa kwa kwa kwa kwa kwa kwa kwa kwa kwa kwa kwa kwa kwa kwa kwa kwa kwa kwa kwa kwa kwa kwa kwa","Kenya, ya nitu. Kwa puja kwa implement tuzu, kwa implement tuzu, kwa","Kenya, ya nitu. Kwa puja kwa implement tuzu, kwa",sw-KE
local_sheng_000162,/home/ray/Desktop/mkuru/dataset/segmented/Sheng0014/Sheng0014_00009.wav,5.21,"Kurbi implemented in Kenya. Radha, do you think it could work in Kenya? You implement it. Sida ni kuja...","Kurbi implemented in Kenya. Radha, do you think it could work in Kenya? You implement it. Sida ni kuja...","Kurbi implemented in Kenya. Radha, do you think it could work in Kenya? You implement it. Sida ni kuja...",sw-KE
local_sheng_000163,/home/ray/Desktop/mkuru/dataset/segmented/Sheng0015/Sheng0015_00000.wav,10.05,Mkurugenzi Abel Mkurugenzi Abel Mutua.,Mkurugenzi Abel Mutua.,Mkurugenzi Abel Mutua.,sw-KE
local_sheng_000164,/home/ray/Desktop/mkuru/dataset/segmented/Sheng0015/Sheng0015_00001.wav,12.8,Mkurugenzi Abel Mutua na stori za Mkurugenzi Abel Mutua na stori za Mkurugenzi Abel Mutua na stori za Mkurugenzi Abel Mutua na stori za Mkurugenzi Abel Mutua.,Mkurugenzi Abel Mutua na stori za Mkurugenzi Abel Mutua na stori za Mkurugenzi Abel Mutua na stori za Mkurugenzi Abel Mutua na stori za Mkurugenzi Abel Mutua.,Mkurugenzi Abel Mutua na stori za Mkurugenzi Abel Mutua na stori za Mkurugenzi Abel Mutua na stori za Mkurugenzi Abel Mutua na stori za Mkurugenzi Abel Mutua.,sw-KE
local_sheng_000165,/home/ray/Desktop/mkuru/dataset/segmented/Sheng0015/Sheng0015_00002.wav,12.47,Mkurugenzi Abel Mutua na stori za Mkurugenzi Abel Mutua na stori za Mkurugenzi Abel Mutua na stori za Mkurugenzi Abel Mutua na stori za Mkurugenzi Abel Mutua na stori za Mkurugenzi Abel Mutua na stori za Mkurugenzi Abel Mutua na stori za Mkurugenzi Abel Mutua na stori za Mkurugenzi Abel Mutua na stori za Mkurugenzi Abel Mutua na stori za Mkurugenzi Abel Mutua na stori za Mkurugenzi Abel Mutua na stori za Mkurugenzi Abel Mutua na stori za Mkurugenzi Abel Mutua na stori za Mkurugenzi Abel Mutua na stori za Mkurugenzi Abel Mutua na stori za Mkurugenzi Abel Mutua na stori za Mkurugenzi Abel Mutua na stori za Mkurugenzi Abel Mut,Mkurugenzi Abel Mutua na stori za Mkurugenzi Abel Mutua na stori za Mkurugenzi Abel Mutua na stori za Mkurugenzi Abel Mutua na stori za Mkurugenzi Abel Mutua na stori za Mkurugenzi Abel Mutua na stori za Mkurugenzi Abel Mutua na stori za Mkurugenzi Abel Mutua na stori za Mkurugenzi Abel Mutua na stori za Mkurugenzi Abel Mutua na stori za Mkurugenzi Abel Mutua na stori za Mkurugenzi Abel Mutua na stori za Mkurugenzi Abel Mutua na stori za Mkurugenzi Abel Mutua na stori za Mkurugenzi Abel Mutua na stori za Mkurugenzi Abel Mutua na stori za Mkurugenzi Abel Mutua na stori za Mkurugenzi Abel Mutua na stori za Mkurugenzi Abel Mut,Mkurugenzi Abel Mutua na stori za Mkurugenzi Abel Mutua na stori za Mkurugenzi Abel Mutua na stori za Mkurugenzi Abel Mutua na stori za Mkurugenzi Abel Mutua na stori za Mkurugenzi Abel Mutua na stori za Mkurugenzi Abel Mutua na stori za Mkurugenzi Abel Mutua na stori za Mkurugenzi Abel Mutua na stori za Mkurugenzi Abel Mutua na stori za Mkurugenzi Abel Mutua na stori za Mkurugenzi Abel Mutua na stori za Mkurugenzi Abel Mutua na stori za Mkurugenzi Abel Mutua na stori za Mkurugenzi Abel Mutua na stori za Mkurugenzi Abel Mutua na stori za Mkurugenzi Abel Mutua na stori za Mkurugenzi Abel Mutua na stori za Mkurugenzi Abel Mut,sw-KE
local_sheng_000166,/home/ray/Desktop/mkuru/dataset/segmented/Sheng0015/Sheng0015_00003.wav,11.02,"Enzo Fernandes. Big up Enzo, big up Enzo man. And this is one of those who do not say ma eh, it's actually about that time and we are looking now into a very, very big, big squad.","Enzo Fernandes. Big up Enzo, big up Enzo man. And this is one of those who do not say ma eh, it's actually about that time and we are looking now into a very big squad.","Enzo Fernandes. Big up Enzo, big up Enzo man. And this is one of those who do not say ma eh, it's actually about that time and we are looking now into a very big squad.",sw-KE
local_sheng_000167,/home/ray/Desktop/mkuru/dataset/segmented/Sheng0015/Sheng0015_00004.wav,13.02,"I know so many people are like, hey, cities actually buying the link, not really man. Ilein yolangale yolase ma, the deadline window is in Meshantjama and now Chelsea fans are actually really really furious.","I know so many people are like, hey, cities actually buying the link, not really man. Ilein yolangale yolase ma, the deadline window is in Meshantjama and now Chelsea fans are actually really furious.","I know so many people are like, hey, cities actually buying the link, not really man. Ilein yolangale yolase ma, the deadline window is in Meshantjama and now Chelsea fans are actually really furious.",sw-KE
local_sheng_000168,/home/ray/Desktop/mkuru/dataset/segmented/Sheng0015/Sheng0015_00005.wav,12.65,"So this cold actually, I can confidently say that Manchester City is actually winning the league. So kama wuna fikiri ala WCG wuna wana ni, because it's now Illimandia. East Ford say ime iwambayasa, tukona Illimandia e.","So this cold actually, I can confidently say that Manchester City is actually winning the league. So kama wuna fikiri ala WCG wuna wana ni, because it's now Illimandia. East Ford say ime iwambayasa, tukona Illimandia e.","So this cold actually, I can confidently say that Manchester City is actually winning the league. So kama wuna fikiri ala WCG wuna wana ni, because it's now Illimandia. East Ford say ime iwambayasa, tukona Illimandia e.",sw-KE
local_sheng_000169,/home/ray/Desktop/mkuru/dataset/segmented/Sheng0015/Sheng0015_00006.wav,10.75,Mkurugenzi Abel Mutua na stori za Mkurugenzi Abel Mutua.,Mkurugenzi Abel Mutua na stori za Mkurugenzi Abel Mutua.,Mkurugenzi Abel Mutua na stori za Mkurugenzi Abel Mutua.,sw-KE
local_sheng_000170,/home/ray/Desktop/mkuru/dataset/segmented/Sheng0015/Sheng0015_00007.wav,12.08,"Hey, mambo ya HDL 3, ya tomi sejari bupa nustan, because ni noma sana so big up to everyone when ya di coin. They see how they think I'm stuck now. Kill'em drunk on a ring, sosme nzake, kill'em troshin den genu zake.","Hey, mambo ya HDL 3, ya tomi sejari bupa nustan, because ni noma sana so big up to everyone when ya di coin. They see how they think I'm stuck now. Kill'em drunk on a ring, sosme nzake, kill'em troshin den genu zake.","Hey, mambo ya HDL 3, ya tomi sejari bupa nustan, because ni noma sana so big up to everyone when ya di coin. They see how they think I'm stuck now. Kill'em drunk on a ring, sosme nzake, kill'em troshin den genu zake.",sw-KE
local_sheng_000171,/home/ray/Desktop/mkuru/dataset/segmented/Sheng0015/Sheng0015_00008.wav,8.68,Mkurugenzi Abel Mutua. Mkurugenzi Abel Mutua. Mkurugenzi Abel Mutua. Mkurugenzi Abel Mutua. Mkurugenzi Abel Mutua.,Mkurugenzi Abel Mutua. Mkurugenzi Abel Mutua.,Mkurugenzi Abel Mutua.,sw-KE
local_sheng_000172,/home/ray/Desktop/mkuru/dataset/segmented/Sheng0016/Sheng0016_00000.wav,13.8,Mkurugenzi Abel Mutua za Mkurugenzi Abel Mutua za Mkurugenzi Abel Mutua za Mkurugenzi Abel Mutua Za Mkurugenzi Abel Mutua Za Mkurugenzi Abel Mutua Za Mkurugenzi Abel Mutua Za Mkurugenzi Abel Mutua Za Mkurugenzi Abel Mutua Za Mkurugenzi Abel Mutua Za Mkurugenzi Abel Mutua Za Mkurugenzi Abel Mutua Za Mkurugenzi Abel Mutua Za Mkurugenzi Abel Mutua Za Mkurugenzi Abel Mutua Za Mkurugenzi Abel Mutua Za Mkurugenzi Abel Mutua Za Mkurugenzi Abel Mutua Za Mkurugenzi Abel Mutua Za Mkurugenzi Abel Mutua Za Mkurugenzi Abel Mutua Za Mkurugenzi Abel Mutua Za Mkurugenzi Abel Mutua Za Mkurugenzi Abel Mutua Za Mkurugenzi Abel Mut,Mkurugenzi Abel Mutua za Mkurugenzi Abel Mut,Mkurugenzi Abel Mutua za Mkurugenzi Abel Mut,sw-KE
local_sheng_000173,/home/ray/Desktop/mkuru/dataset/segmented/Sheng0016/Sheng0016_00001.wav,13.39,"Awa luna broke budget, non eviki, in this office, akunam siyata bebalanchi. Evibadu li ordering kfc, chickening, pizza eves, junini, why? Kwa's it's fake?","Awa luna broke budget, non eviki, in this office, akunam siyata bebalanchi. Evibadu li ordering kfc, chickening, pizza eves, junini, why? Kwa's it's fake?","Awa luna broke budget, non eviki, in this office, akunam siyata bebalanchi. Evibadu li ordering kfc, chickening, pizza eves, junini, why? Kwa's it's fake?",sw-KE
local_sheng_000174,/home/ray/Desktop/mkuru/dataset/segmented/Sheng0016/Sheng0016_00002.wav,10.82,Mkurugenzi Abel Mutua za Mkurugenzi Abel Mutua za Mkurugenzi Abel Mutua za Mkurugenzi Abel Mutua za Mkurugenzi Abel Mutua za Mkurugenzi Abel Mutua za Mkurugenzi Abel Mutua za Mkurugenzi Abel Mutua za Mkurugenzi Abel Mutua za Mkurugenzi Abel Mutua za Mkurugenzi Abel Mutua za Mkurugenzi Abel Mutua za Mkurugenzi Abel Mutua za Mkurugenzi Abel Mutua za Mkurugenzi Abel Mutua za Mkurugenzi Abel Mutua za Mkurugenzi Abel Mutua za Mkurugenzi Abel Mutua za Mkurugenzi Abel Mutua za Mkurugenzi Abel Mutua za Mkurugenzi Abel Mutua za Mkurugenzi Abel Mutua za Mkurugenzi Abel Mutua za Mkurugenzi Abel Mutua za Mkurugenzi Abel Mut,Mkurugenzi Abel Mutua za Mkurugenzi Abel Mut,Mkurugenzi Abel Mutua za Mkurugenzi Abel Mut,sw-KE
local_sheng_000175,/home/ray/Desktop/mkuru/dataset/segmented/Sheng0016/Sheng0016_00003.wav,34.56,Mkurugenzi Abel Mutua na stori za Mkurugenzi Abel Mutua na stori za Mkurugenzi Abel Mutua na stori za Mkurugenzi Abel Mutua na stori za Mkurugenzi Abel Mutua na stori za Mkurugenzi Abel Mutua na stori za Mkurugenzi Abel Mutua na stori za Mkurugenzi Abel Mutua na stori za Mkurugenzi Abel Mutua na stori za Mkurugenzi Abel Mutua na stori za Mkurugenzi Abel Mutua na stori za Mkurugenzi Abel Mutua na stori za Mkurugenzi Abel Mutua na stori za Mkurugenzi Abel Mutua na stori za Mkurugenzi Abel Mutua na stori za Mkurugenzi Abel Mutua na stori za Mkurugenzi Abel Mutua na stori za Mkurugenzi Abel Mutua na stori za Mkurugenzi Abel Mut kwa kwa kwa kwa kwa kwa kwa kwa kwa kwa kwa kwa kwa kwa kwa kwa kwa kwa kwa kwa kwa kwa kwa,Mkurugenzi Abel Mutua na stori za Mkurugenzi Abel Mutua na stori za Mkurugenzi Abel Mutua na stori za Mkurugenzi Abel Mutua na stori za Mkurugenzi Abel Mutua na stori za Mkurugenzi Abel Mutua na stori za Mkurugenzi Abel Mutua na stori za Mkurugenzi Abel Mutua na stori za Mkurugenzi Abel Mutua na stori za Mkurugenzi Abel Mutua na stori za Mkurugenzi Abel Mutua na stori za Mkurugenzi Abel Mutua na stori za Mkurugenzi Abel Mutua na stori za Mkurugenzi Abel Mutua na stori za Mkurugenzi Abel Mutua na stori za Mkurugenzi Abel Mutua na stori za Mkurugenzi Abel Mutua na stori za Mkurugenzi Abel Mutua na stori za Mkurugenzi Abel Mut kwa,Mkurugenzi Abel Mutua na stori za Mkurugenzi Abel Mutua na stori za Mkurugenzi Abel Mutua na stori za Mkurugenzi Abel Mutua na stori za Mkurugenzi Abel Mutua na stori za Mkurugenzi Abel Mutua na stori za Mkurugenzi Abel Mutua na stori za Mkurugenzi Abel Mutua na stori za Mkurugenzi Abel Mutua na stori za Mkurugenzi Abel Mutua na stori za Mkurugenzi Abel Mutua na stori za Mkurugenzi Abel Mutua na stori za Mkurugenzi Abel Mutua na stori za Mkurugenzi Abel Mutua na stori za Mkurugenzi Abel Mutua na stori za Mkurugenzi Abel Mutua na stori za Mkurugenzi Abel Mutua na stori za Mkurugenzi Abel Mutua na stori za Mkurugenzi Abel Mut kwa,sw-KE
local_sheng_000176,/home/ray/Desktop/mkuru/dataset/segmented/Sheng0016/Sheng0016_00004.wav,13.14,"Mkurugenzi Abel Mutua, Mkurugenzi Abel Mutua, Mkurugenzi Abel Mutua, Mkurugenzi Abel Mutua, Mkurugenzi Abel Mutua, Mkurugenzi Abel Mutua, Mkurugenzi Abel Mutua, Mkurugenzi Abel Mutua, Mkurugenzi Abel Mutua, Mkurugenzi Abel Mutua, Mkurugenzi Abel Mutua, Mkurugenzi Abel Mutua, Mkurugenzi Abel Mutua, Mkurugenzi Abel Mutua, Mkurugenzi Abel Mutua, Mkurugenzi Abel Mutua, Mkurugenzi Abel Mutua, Mkurugenzi Abel Mutua, Mkurugenzi Abel Mutua, Mkurugenzi Abel Mutua, Mkurugenzi Abel Mutua, Mkurugenzi Abel Mutua, Mkurugenzi Abel Mutua, Mkurugenzi Abel Mutua, Mkurugenzi Abel Mut","Mkurugenzi Abel Mutua, Mkurugenzi Abel Mut","Mkurugenzi Abel Mutua, Mkurugenzi Abel Mut",sw-KE
local_sheng_000178,/home/ray/Desktop/mkuru/dataset/segmented/Sheng0016/Sheng0016_00006.wav,18.97,Mkurugenzi Abel Mutua na stori za Mkurugenzi Abel Mutua na stori za Mkurugenzi Abel Mutua na stori za Mkurugenzi Abel Mutua na stori za Mkurugenzi Abel Mutua na stori za Mkurugenzi Abel Mutua na stori za Mkurugenzi Abel Mutua na stori za Mkurugenzi Abel Mutua na stori za Mkurugenzi Abel Mutua.,Mkurugenzi Abel Mutua na stori za Mkurugenzi Abel Mutua na stori za Mkurugenzi Abel Mutua na stori za Mkurugenzi Abel Mutua na stori za Mkurugenzi Abel Mutua na stori za Mkurugenzi Abel Mutua na stori za Mkurugenzi Abel Mutua na stori za Mkurugenzi Abel Mutua na stori za Mkurugenzi Abel Mutua.,Mkurugenzi Abel Mutua na stori za Mkurugenzi Abel Mutua na stori za Mkurugenzi Abel Mutua na stori za Mkurugenzi Abel Mutua na stori za Mkurugenzi Abel Mutua na stori za Mkurugenzi Abel Mutua na stori za Mkurugenzi Abel Mutua na stori za Mkurugenzi Abel Mutua na stori za Mkurugenzi Abel Mutua.,sw-KE
local_sheng_000179,/home/ray/Desktop/mkuru/dataset/segmented/Sheng0016/Sheng0016_00007.wav,9.27,"Matatu naingiya mapekiya. So. Hei, naingiya na wambia. Imeja aijaja afuka tuende. Fuka tuende ya. One knee, one knee, one knee. One knee, one knee.","Matatu naingiya mapekiya. So. Hei, naingiya na wambia. Imeja aijaja afuka tuende. Fuka tuende ya. One knee, one knee.","Matatu naingiya mapekiya. So. Hei, naingiya na wambia. Imeja aijaja afuka tuende. Fuka tuende ya. One knee, one knee.",sw-KE
local_sheng_000181,/home/ray/Desktop/mkuru/dataset/segmented/Sheng0016/Sheng0016_00009.wav,13.71,Mkurugenzi Abel Mutua na stori za Mkurugenzi Abel Mutua na stori za Mkurugenzi Abel Mutua.,Mkurugenzi Abel Mutua na stori za Mkurugenzi Abel Mutua na stori za Mkurugenzi Abel Mutua.,Mkurugenzi Abel Mutua na stori za Mkurugenzi Abel Mutua na stori za Mkurugenzi Abel Mutua.,sw-KE
local_sheng_000182,/home/ray/Desktop/mkuru/dataset/segmented/Sheng0016/Sheng0016_00010.wav,13.67,"Si kama kitini so na nini ni 400, 800 na lafunam batia miyambili ake na milupapi ya air driver. Opliwa na mongezia tia? Na wambia piya kitini wakali na nipiya.","Si kama kitini so na nini ni 400, 800 na lafunam batia miyambili ake na milupapi ya air driver. Opliwa na mongezia tia? Na wambia piya kitini wakali na nipiya.","Si kama kitini so na nini ni 400, 800 na lafunam batia miyambili ake na milupapi ya air driver. Opliwa na mongezia tia? Na wambia piya kitini wakali na nipiya.",sw-KE
local_sheng_000183,/home/ray/Desktop/mkuru/dataset/segmented/Sheng0016/Sheng0016_00011.wav,2.66,As Kenyans have realized we all have,As Kenyans have realized we all have,As Kenyans have realized we all have,sw-KE
local_sheng_000184,/home/ray/Desktop/mkuru/dataset/segmented/Sheng0017/Sheng0017_00000.wav,9.51,Mkurugenzi Abel Mutua na stori za Mkurugenzi Abel Mutua na stori za Mkurugenzi Abel Mutua na stori za Mkurugenzi Abel Mutua.,Mkurugenzi Abel Mutua na stori za Mkurugenzi Abel Mutua na stori za Mkurugenzi Abel Mutua na stori za Mkurugenzi Abel Mutua.,Mkurugenzi Abel Mutua na stori za Mkurugenzi Abel Mutua na stori za Mkurugenzi Abel Mutua na stori za Mkurugenzi Abel Mutua.,sw-KE
local_sheng_000185,/home/ray/Desktop/mkuru/dataset/segmented/Sheng0017/Sheng0017_00001.wav,8.4,"Sam, tu you are the emcee, the late emcee, the late emcee, the late emcee, the late emcee, the late emcee, the late emcee, the late emcee, the late emcee, the late emcee, the late emcee, the late emcee, the late emcee, the late emcee, the late emcee, the late emcee, the late emcee, the late emcee, the late emcee, the late emcee, the late emcee, the late emcee, the late emcee, the late emcee, the late emcee, the late emcee, the late emcee, the late emcee, the late emcee, the late emcee, the late emcee, the late emcee, the late emcee, the late emcee, the late emcee, the late emcee, the late em","Sam, tu you are the emcee, the late em","Sam, tu you are the emcee, the late em",sw-KE
local_sheng_000186,/home/ray/Desktop/mkuru/dataset/segmented/Sheng0017/Sheng0017_00002.wav,17.13,Mkurugenzi Abel Mutua na stori za Mkurugenzi Abel Mutua na stori za Mkurugenzi Abel Mutua na stori za Mkurugenzi Abel Mutua na stori za Mkurugenzi Abel Mutua.,Mkurugenzi Abel Mutua na stori za Mkurugenzi Abel Mutua na stori za Mkurugenzi Abel Mutua na stori za Mkurugenzi Abel Mutua na stori za Mkurugenzi Abel Mutua.,Mkurugenzi Abel Mutua na stori za Mkurugenzi Abel Mutua na stori za Mkurugenzi Abel Mutua na stori za Mkurugenzi Abel Mutua na stori za Mkurugenzi Abel Mutua.,sw-KE
local_sheng_000187,/home/ray/Desktop/mkuru/dataset/segmented/Sheng0017/Sheng0017_00003.wav,18.64,Mkurugenzi Abel Mutua na stori za Mkurugenzi Abel Mutua na stori za Mkurugenzi Abel Mutua na stori za Mkurugenzi Abel Mutua na stori za Mkurugenzi Abel Mutua na stori za Mkurugenzi Abel Mutua na stori za Mkurugenzi Abel Mutua na stori za Mkurugenzi Abel Mutua na stori za Mkurugenzi Abel Mutua na stori za Mkurugenzi Abel Mutua na stori za Mkurugenzi Abel Mutua na stori za Mkurugenzi Abel Mutua na stori za Mkurugenzi Abel Mutua na stori za Mkurugenzi Abel Mutua na stori za Mkurugenzi Abel Mutua na stori za Mkurugenzi Abel Mutua na stori za Mkurugenzi Abel Mutua na stori za Mkurugenzi Abel Mutua na stori za Mkurugenzi Abel Mut,Mkurugenzi Abel Mutua na stori za Mkurugenzi Abel Mutua na stori za Mkurugenzi Abel Mutua na stori za Mkurugenzi Abel Mutua na stori za Mkurugenzi Abel Mutua na stori za Mkurugenzi Abel Mutua na stori za Mkurugenzi Abel Mutua na stori za Mkurugenzi Abel Mutua na stori za Mkurugenzi Abel Mutua na stori za Mkurugenzi Abel Mutua na stori za Mkurugenzi Abel Mutua na stori za Mkurugenzi Abel Mutua na stori za Mkurugenzi Abel Mutua na stori za Mkurugenzi Abel Mutua na stori za Mkurugenzi Abel Mutua na stori za Mkurugenzi Abel Mutua na stori za Mkurugenzi Abel Mutua na stori za Mkurugenzi Abel Mutua na stori za Mkurugenzi Abel Mut,Mkurugenzi Abel Mutua na stori za Mkurugenzi Abel Mutua na stori za Mkurugenzi Abel Mutua na stori za Mkurugenzi Abel Mutua na stori za Mkurugenzi Abel Mutua na stori za Mkurugenzi Abel Mutua na stori za Mkurugenzi Abel Mutua na stori za Mkurugenzi Abel Mutua na stori za Mkurugenzi Abel Mutua na stori za Mkurugenzi Abel Mutua na stori za Mkurugenzi Abel Mutua na stori za Mkurugenzi Abel Mutua na stori za Mkurugenzi Abel Mutua na stori za Mkurugenzi Abel Mutua na stori za Mkurugenzi Abel Mutua na stori za Mkurugenzi Abel Mutua na stori za Mkurugenzi Abel Mutua na stori za Mkurugenzi Abel Mutua na stori za Mkurugenzi Abel Mut,sw-KE
local_sheng_000188,/home/ray/Desktop/mkuru/dataset/segmented/Sheng0017/Sheng0017_00004.wav,10.79,Mkurugenzi Abel Mutua na stori za Mkurugenzi Abel Mutua na stori za Mkurugenzi Abel Mutua na stori za Mkurugenzi Abel Mutua.,Mkurugenzi Abel Mutua na stori za Mkurugenzi Abel Mutua na stori za Mkurugenzi Abel Mutua na stori za Mkurugenzi Abel Mutua.,Mkurugenzi Abel Mutua na stori za Mkurugenzi Abel Mutua na stori za Mkurugenzi Abel Mutua na stori za Mkurugenzi Abel Mutua.,sw-KE
local_sheng_000189,/home/ray/Desktop/mkuru/dataset/segmented/Sheng0017/Sheng0017_00005.wav,7.2,Anataka tumongelendoa skip bizuryu na pata. Susahi ina mbamba igu na tumonga na kona lo self esteem.,Anataka tumongelendoa skip bizuryu na pata. Susahi ina mbamba igu na tumonga na kona lo self esteem.,Anataka tumongelendoa skip bizuryu na pata. Susahi ina mbamba igu na tumonga na kona lo self esteem.,sw-KE
local_sheng_000190,/home/ray/Desktop/mkuru/dataset/segmented/Sheng0017/Sheng0017_00006.wav,10.92,Mkurugenzi Abel Mutua na stori za Mkurugenzi Abel Mutua.,Mkurugenzi Abel Mutua na stori za Mkurugenzi Abel Mutua.,Mkurugenzi Abel Mutua na stori za Mkurugenzi Abel Mutua.,sw-KE
local_sheng_000191,/home/ray/Desktop/mkuru/dataset/segmented/Sheng0017/Sheng0017_00007.wav,4.05,Buno umgili Msimonyana safa with the conditions by Hensley.,Buno umgili Msimonyana safa with the conditions by Hensley.,Buno umgili Msimonyana safa with the conditions by Hensley.,sw-KE
local_sheng_000192,/home/ray/Desktop/mkuru/dataset/segmented/Sheng0017/Sheng0017_00008.wav,14.68,Mkurugenzi Abel Mutua na stori za Mkurugenzi Abel Mutua na stori za Mkurugenzi Abel Mutua na stori za Mkurugenzi Abel Mutua na stori za Mkurugenzi Abel Mutua na stori za Mkurugenzi Abel Mutua na stori za Mkurugenzi Abel Mutua na stori za Mkurugenzi Abel Mutua na stori za Mkurugenzi Abel Mutua na stori za Mkurugenzi Abel Mutua na stori za Mkurugenzi Abel Mutua na stori za Mkurugenzi Abel Mutua na stori za Mkurugenzi Abel Mutua na stori za Mkurugenzi Abel Mutua na stori za Mkurugenzi Abel Mutua na stori za Mkurugenzi Abel Mutua na stori za Mkurugenzi Abel Mutua na stori za Mkurugenzi Abel Mutua na stori za Mkurugenzi Abel Mut,Mkurugenzi Abel Mutua na stori za Mkurugenzi Abel Mutua na stori za Mkurugenzi Abel Mutua na stori za Mkurugenzi Abel Mutua na stori za Mkurugenzi Abel Mutua na stori za Mkurugenzi Abel Mutua na stori za Mkurugenzi Abel Mutua na stori za Mkurugenzi Abel Mutua na stori za Mkurugenzi Abel Mutua na stori za Mkurugenzi Abel Mutua na stori za Mkurugenzi Abel Mutua na stori za Mkurugenzi Abel Mutua na stori za Mkurugenzi Abel Mutua na stori za Mkurugenzi Abel Mutua na stori za Mkurugenzi Abel Mutua na stori za Mkurugenzi Abel Mutua na stori za Mkurugenzi Abel Mutua na stori za Mkurugenzi Abel Mutua na stori za Mkurugenzi Abel Mut,Mkurugenzi Abel Mutua na stori za Mkurugenzi Abel Mutua na stori za Mkurugenzi Abel Mutua na stori za Mkurugenzi Abel Mutua na stori za Mkurugenzi Abel Mutua na stori za Mkurugenzi Abel Mutua na stori za Mkurugenzi Abel Mutua na stori za Mkurugenzi Abel Mutua na stori za Mkurugenzi Abel Mutua na stori za Mkurugenzi Abel Mutua na stori za Mkurugenzi Abel Mutua na stori za Mkurugenzi Abel Mutua na stori za Mkurugenzi Abel Mutua na stori za Mkurugenzi Abel Mutua na stori za Mkurugenzi Abel Mutua na stori za Mkurugenzi Abel Mutua na stori za Mkurugenzi Abel Mutua na stori za Mkurugenzi Abel Mutua na stori za Mkurugenzi Abel Mut,sw-KE
local_sheng_000193,/home/ray/Desktop/mkuru/dataset/segmented/Sheng0017/Sheng0017_00009.wav,16.99,"Alisema Adi, ya Natali. I remember he said, he said... No, no, no, he said my ill condition is not my misapitu mood. Yes, which is very... So umjama nikaya ya pigeri sa chicken bukanda.","Alisema Adi, ya Natali. I remember he said, he said... No, he said my ill condition is not my misapitu mood. Yes, which is very... So umjama nikaya ya pigeri sa chicken bukanda.","Alisema Adi, ya Natali. I remember he said, he said... No, he said my ill condition is not my misapitu mood. Yes, which is very... So umjama nikaya ya pigeri sa chicken bukanda.",sw-KE
local_sheng_000194,/home/ray/Desktop/mkuru/dataset/segmented/Sheng0017/Sheng0017_00010.wav,13.01,"Just do your research. You met me the first time I learnt about the whole world. Ya, you can do it. Ya, ya, ya. I really went into my research. A lot of tiktokas walu kwa na yungelia, so like I read through Natalie's page.","Just do your research. You met me the first time I learnt about the whole world. Ya, you can do it. Ya. I really went into my research. A lot of tiktokas walu kwa na yungelia, so like I read through Natalie's page.","Just do your research. You met me the first time I learnt about the whole world. Ya, you can do it. Ya. I really went into my research. A lot of tiktokas walu kwa na yungelia, so like I read through Natalie's page.",sw-KE
local_sheng_000195,/home/ray/Desktop/mkuru/dataset/segmented/Sheng0017/Sheng0017_00011.wav,13.02,Iwa mwazungumzo na mwazungumzo na mwazungumzo na mwazungumzo na mwazungumzo na mwazungumzo na mwazungumzo na mwazungumzo na mwazungumzo na mwazungumzo na mwazungumzo na mwazungumzo na mwazungumzo na mwazungumzo na mwazungumzo na mwazungumzo na mwazungumzo na mwazungumzo na mwazungumzo na mwazungumzo na mwazungumzo na mwazungumzo na mwazungumzo na mwazungumzo na mwazungumzo na mwazungumzo na mwazungumzo na mwazungumzo na mwazungumzo na mwazungumzo na mwazungumzo na mwazung,Iwa mwazungumzo na mwazung,Iwa mwazungumzo na mwazung,sw-KE
local_sheng_000196,/home/ray/Desktop/mkuru/dataset/segmented/Sheng0017/Sheng0017_00012.wav,11.55,"Ya understand, kus I've seen his TikTok as already gone, Facebook in about two, four ten case he has, and Instagram should ban him because he's very insensitive and he's just talking nonsense. Eh liya wunge wuko ex? We're not speaking at the full clip.","Ya understand, kus I've seen his TikTok as already gone, Facebook in about two, four ten case he has, and Instagram should ban him because he's very insensitive and he's just talking nonsense. Eh liya wunge wuko ex? We're not speaking at the full clip.","Ya understand, kus I've seen his TikTok as already gone, Facebook in about two, four ten case he has, and Instagram should ban him because he's very insensitive and he's just talking nonsense. Eh liya wunge wuko ex? We're not speaking at the full clip.",sw-KE
local_sheng_000197,/home/ray/Desktop/mkuru/dataset/segmented/Sheng0017/Sheng0017_00013.wav,21.92,"Ako na Korwest. Korwest talikwa na Jeribuku Mambia. No, no, no, since he delivered the riba to Natalie, like no, when he started mentioning Stupid Boy PSD, like Kwajeribuku, kumstop from that. His father is looking down wondering who is this? He should put a full stop in his mouth.","Ako na Korwest. Korwest talikwa na Jeribuku Mambia. No, since he delivered the riba to Natalie, like no, when he started mentioning Stupid Boy PSD, like Kwajeribuku, kumstop from that. His father is looking down wondering who is this? He should put a full stop in his mouth.","Ako na Korwest. Korwest talikwa na Jeribuku Mambia. No, since he delivered the riba to Natalie, like no, when he started mentioning Stupid Boy PSD, like Kwajeribuku, kumstop from that. His father is looking down wondering who is this? He should put a full stop in his mouth.",sw-KE
local_sheng_000198,/home/ray/Desktop/mkuru/dataset/segmented/Sheng0018/Sheng0018_00000.wav,10.18,Mkurugenzi Abel Mutua na stori za Mkurugenzi Abel Mutua na stori za Mkurugenzi Abel Mutua na stori za Mkurugenzi Abel Mutua.,Mkurugenzi Abel Mutua na stori za Mkurugenzi Abel Mutua na stori za Mkurugenzi Abel Mutua na stori za Mkurugenzi Abel Mutua.,Mkurugenzi Abel Mutua na stori za Mkurugenzi Abel Mutua na stori za Mkurugenzi Abel Mutua na stori za Mkurugenzi Abel Mutua.,sw-KE
local_sheng_000199,/home/ray/Desktop/mkuru/dataset/segmented/Sheng0018/Sheng0018_00001.wav,19.5,Mkurugenzi Abel Mutua na stori za Mkurugenzi Abel Mutua na stori za Mkurugenzi Abel Mutua na stori za Mkurugenzi Abel Mutua na stori za Mkurugenzi Abel Mutua na stori za Mkurugenzi Abel Mutua na stori za Mkurugenzi Abel Mutua na stori za Mkurugenzi Abel Mutua.,Mkurugenzi Abel Mutua na stori za Mkurugenzi Abel Mutua na stori za Mkurugenzi Abel Mutua na stori za Mkurugenzi Abel Mutua na stori za Mkurugenzi Abel Mutua na stori za Mkurugenzi Abel Mutua na stori za Mkurugenzi Abel Mutua na stori za Mkurugenzi Abel Mutua.,Mkurugenzi Abel Mutua na stori za Mkurugenzi Abel Mutua na stori za Mkurugenzi Abel Mutua na stori za Mkurugenzi Abel Mutua na stori za Mkurugenzi Abel Mutua na stori za Mkurugenzi Abel Mutua na stori za Mkurugenzi Abel Mutua na stori za Mkurugenzi Abel Mutua.,sw-KE
local_sheng_000200,/home/ray/Desktop/mkuru/dataset/segmented/Sheng0018/Sheng0018_00002.wav,8.1,Bale waneza kujapu miyavibaya sana because now this is a guy who has won everything. I'm watching Misha World Cup and Los Kisha finals again.,Bale waneza kujapu miyavibaya sana because now this is a guy who has won everything. I'm watching Misha World Cup and Los Kisha finals again.,Bale waneza kujapu miyavibaya sana because now this is a guy who has won everything. I'm watching Misha World Cup and Los Kisha finals again.,sw-KE
local_sheng_000201,/home/ray/Desktop/mkuru/dataset/segmented/Sheng0018/Sheng0018_00003.wav,14.09,Mkurugenzi Abel Mutua na stori za Mkurugenzi Abel Mutua na stori za Mkurugenzi Abel Mutua na stori za Mkurugenzi Abel Mutua na stori za Mkurugenzi Abel Mutua na stori za Mkurugenzi Abel Mutua.,Mkurugenzi Abel Mutua na stori za Mkurugenzi Abel Mutua na stori za Mkurugenzi Abel Mutua na stori za Mkurugenzi Abel Mutua na stori za Mkurugenzi Abel Mutua na stori za Mkurugenzi Abel Mutua.,Mkurugenzi Abel Mutua na stori za Mkurugenzi Abel Mutua na stori za Mkurugenzi Abel Mutua na stori za Mkurugenzi Abel Mutua na stori za Mkurugenzi Abel Mutua na stori za Mkurugenzi Abel Mutua.,sw-KE
local_sheng_000202,/home/ray/Desktop/mkuru/dataset/segmented/Sheng0018/Sheng0018_00004.wav,12.45,Mkurugenzi Abel Mutua za Mkurugenzi Abel Mutua za Mkurugenzi Abel Mutua za Mkurugenzi Abel Mutua za Mkurugenzi Abel Mutua za Mkurugenzi Abel Mutua Za Mkurugenzi Abel Mutua Za Mkurugenzi Abel Mutua Za Mkurugenzi Abel Mutua Za Mkurugenzi Abel Mutua Za Mkurugenzi Abel Mutua Za Mkurugenzi Abel Mutua Za Mkurugenzi Abel Mutua Za Mkurugenzi Abel Mutua Za Mkurugenzi Abel Mutua Za Mkurugenzi Abel Mutua Za Mkurugenzi Abel Mutua Za Mkurugenzi Abel Mutua Za Mkurugenzi Abel Mutua Za Mkurugenzi Abel Mutua Za Mkurugenzi Abel Mutua Za Mkurugenzi Abel Mutua Za Mkurugenzi Abel Mutua Za Mkurugenzi Abel Mutua Za Mkurugenzi Abel Mut,Mkurugenzi Abel Mutua za Mkurugenzi Abel Mut,Mkurugenzi Abel Mutua za Mkurugenzi Abel Mut,sw-KE
local_sheng_000203,/home/ray/Desktop/mkuru/dataset/segmented/Sheng0018/Sheng0018_00005.wav,12.17,Mkurugenzi Abel Mutua na stori za Mkurugenzi Abel Mutua na stori za Mkurugenzi Abel Mutua na stori za Mkurugenzi Abel Mutua na stori za Mkurugenzi Abel Mutua.,Mkurugenzi Abel Mutua na stori za Mkurugenzi Abel Mutua na stori za Mkurugenzi Abel Mutua na stori za Mkurugenzi Abel Mutua na stori za Mkurugenzi Abel Mutua.,Mkurugenzi Abel Mutua na stori za Mkurugenzi Abel Mutua na stori za Mkurugenzi Abel Mutua na stori za Mkurugenzi Abel Mutua na stori za Mkurugenzi Abel Mutua.,sw-KE
local_sheng_000204,/home/ray/Desktop/mkuru/dataset/segmented/Sheng0018/Sheng0018_00006.wav,10.24,"Mesi wanangujiya, mesi ya toki kuwanza maziata abongi, ya na chitu gam ya na tembe wa na tokana e because of course hea doa li kuwanza wa pwangana. They also used to protect him a lot in the pitch. But now...","Mesi wanangujiya, mesi ya toki kuwanza maziata abongi, ya na chitu gam ya na tembe wa na tokana e because of course hea doa li kuwanza wa pwangana. They also used to protect him a lot in the pitch. But now...","Mesi wanangujiya, mesi ya toki kuwanza maziata abongi, ya na chitu gam ya na tembe wa na tokana e because of course hea doa li kuwanza wa pwangana. They also used to protect him a lot in the pitch. But now...",sw-KE
local_sheng_000205,/home/ray/Desktop/mkuru/dataset/segmented/Sheng0018/Sheng0018_00007.wav,15.73,Mkurugenzi Abel Mutua na stori za Mkurugenzi Abel Mutua na stori za Mkurugenzi Abel Mutua na stori za Mkurugenzi Abel Mutua na stori za Mkurugenzi Abel Mutua na stori za Mkurugenzi Abel Mutua.,Mkurugenzi Abel Mutua na stori za Mkurugenzi Abel Mutua na stori za Mkurugenzi Abel Mutua na stori za Mkurugenzi Abel Mutua na stori za Mkurugenzi Abel Mutua na stori za Mkurugenzi Abel Mutua.,Mkurugenzi Abel Mutua na stori za Mkurugenzi Abel Mutua na stori za Mkurugenzi Abel Mutua na stori za Mkurugenzi Abel Mutua na stori za Mkurugenzi Abel Mutua na stori za Mkurugenzi Abel Mutua.,sw-KE
local_sheng_000206,/home/ray/Desktop/mkuru/dataset/segmented/Sheng0019/Sheng0019_00000.wav,12.23,Mkurugenzi Abel Mutua na stori za Mkurugenzi Abel Mutua na stori za Mkurugenzi Abel Mutua na stori za Mkurugenzi Abel Mutua.,Mkurugenzi Abel Mutua na stori za Mkurugenzi Abel Mutua na stori za Mkurugenzi Abel Mutua na stori za Mkurugenzi Abel Mutua.,Mkurugenzi Abel Mutua na stori za Mkurugenzi Abel Mutua na stori za Mkurugenzi Abel Mutua na stori za Mkurugenzi Abel Mutua.,sw-KE
local_sheng_000207,/home/ray/Desktop/mkuru/dataset/segmented/Sheng0019/Sheng0019_00001.wav,12.26,"Mkawana ya Nairobi ya Nairobi na Nua, na kwa kwa kwa kwa kwa kwa kwa kwa kwa kwa kwa kwa kwa kwa kwa kwa kwa kwa kwa kwa kwa kwa kwa kwa kwa kwa kwa kwa kwa kwa kwa kwa kwa kwa kwa kwa kwa kwa kwa kwa.","Mkawana ya Nairobi na Nua, na kwa.","Mkawana ya Nairobi na Nua, na kwa.",sw-KE
local_sheng_000208,/home/ray/Desktop/mkuru/dataset/segmented/Sheng0019/Sheng0019_00002.wav,13.94,Mkurugenzi Abel Mutua na stori za Mkurugenzi Abel Mutua na stori za Mkurugenzi Abel Mutua na stori za Mkurugenzi Abel Mutua na stori za Mkurugenzi Abel Mutua na stori za Mkurugenzi Abel Mutua na stori za Mkurugenzi Abel Mutua na stori za,Mkurugenzi Abel Mutua na stori za Mkurugenzi Abel Mutua na stori za Mkurugenzi Abel Mutua na stori za Mkurugenzi Abel Mutua na stori za Mkurugenzi Abel Mutua na stori za Mkurugenzi Abel Mutua na stori za Mkurugenzi Abel Mutua na stori za,Mkurugenzi Abel Mutua na stori za Mkurugenzi Abel Mutua na stori za Mkurugenzi Abel Mutua na stori za Mkurugenzi Abel Mutua na stori za Mkurugenzi Abel Mutua na stori za Mkurugenzi Abel Mutua na stori za Mkurugenzi Abel Mutua na stori za,sw-KE
local_sheng_000209,/home/ray/Desktop/mkuru/dataset/segmented/Sheng0019/Sheng0019_00003.wav,12.53,"Animoz, manambili, manambili, manambili, manambili, manambili, manambili, manambili, manambili, manambili, manambili, manambili, manambili, manambili, manambili, manambili, manambili, manambili, manambili, manambili, manambili, manambili, manambili, manambili, manambili, manambili, manambili, manambili, manambili, manambili, manambili, manambili, manambili, manambili, manambili, manambili, manambili, manambili, manambili, manambili, manambili, manambili, manambili, manambili, manambili, manambili, manambili, manambili, manambili, manambili, manambili, manambili, manambili, manambili, manambili, manambili","Animoz, manambili","Animoz, manambili",sw-KE
local_sheng_000210,/home/ray/Desktop/mkuru/dataset/segmented/Sheng0019/Sheng0019_00004.wav,13.96,Mkurugenzi Abel Mutua na stori za Mkurugenzi Abel Mutua na stori za Mkurugenzi Abel Mutua na stori za Mkurugenzi Abel Mutua.,Mkurugenzi Abel Mutua na stori za Mkurugenzi Abel Mutua na stori za Mkurugenzi Abel Mutua na stori za Mkurugenzi Abel Mutua.,Mkurugenzi Abel Mutua na stori za Mkurugenzi Abel Mutua na stori za Mkurugenzi Abel Mutua na stori za Mkurugenzi Abel Mutua.,sw-KE
local_sheng_000211,/home/ray/Desktop/mkuru/dataset/segmented/Sheng0019/Sheng0019_00005.wav,10.56,"Na noha na tutu wana panaan, like siyati ni desendantua wa tutu si desendantua noha, tutu.","Na noha na tutu wana panaan, like siyati ni desendantua wa tutu si desendantua noha, tutu.","Na noha na tutu wana panaan, like siyati ni desendantua wa tutu si desendantua noha, tutu.",sw-KE
local_sheng_000212,/home/ray/Desktop/mkuru/dataset/segmented/Sheng0019/Sheng0019_00006.wav,12.53,"Mkurugenzi Abel Mutua, Nairobi na stori za Mkurugenzi Abel Mutua, Nairobi na stori za Mkurugenzi Abel Mutua, Nairobi na stori za Mkurugenzi Abel Mutua, Nairobi na stori za Mkurugenzi Abel Mutua, Nairobi na stori za Mkurugenzi Abel Mutua, Nairobi na stori za Mkurugenzi Abel Mutua, Nairobi na stori za Mkurugenzi Abel Mutua, Nairobi na stori za Mkurugenzi Abel Mutua, Nairobi na stori za Mkurugenzi Abel Mutua, Nairobi na stori za Mkurugenzi Abel Mutua, Nairobi na stori za Mkurugenzi Abel Mutua, Nairobi na stori za Mkurugenzi Abel Mutua, Nairobi na stori za Mkurugenzi Abel Mutua, Nairobi na stori za Mkurugenzi Abel Mutua, Nairobi na stor","Mkurugenzi Abel Mutua, Nairobi na stori za Mkurugenzi Abel Mutua, Nairobi na stori za Mkurugenzi Abel Mutua, Nairobi na stori za Mkurugenzi Abel Mutua, Nairobi na stori za Mkurugenzi Abel Mutua, Nairobi na stori za Mkurugenzi Abel Mutua, Nairobi na stori za Mkurugenzi Abel Mutua, Nairobi na stori za Mkurugenzi Abel Mutua, Nairobi na stori za Mkurugenzi Abel Mutua, Nairobi na stori za Mkurugenzi Abel Mutua, Nairobi na stori za Mkurugenzi Abel Mutua, Nairobi na stori za Mkurugenzi Abel Mutua, Nairobi na stori za Mkurugenzi Abel Mutua, Nairobi na stori za Mkurugenzi Abel Mutua, Nairobi na stori za Mkurugenzi Abel Mutua, Nairobi na stor","Mkurugenzi Abel Mutua, Nairobi na stori za Mkurugenzi Abel Mutua, Nairobi na stori za Mkurugenzi Abel Mutua, Nairobi na stori za Mkurugenzi Abel Mutua, Nairobi na stori za Mkurugenzi Abel Mutua, Nairobi na stori za Mkurugenzi Abel Mutua, Nairobi na stori za Mkurugenzi Abel Mutua, Nairobi na stori za Mkurugenzi Abel Mutua, Nairobi na stori za Mkurugenzi Abel Mutua, Nairobi na stori za Mkurugenzi Abel Mutua, Nairobi na stori za Mkurugenzi Abel Mutua, Nairobi na stori za Mkurugenzi Abel Mutua, Nairobi na stori za Mkurugenzi Abel Mutua, Nairobi na stori za Mkurugenzi Abel Mutua, Nairobi na stori za Mkurugenzi Abel Mutua, Nairobi na stor",sw-KE
local_sheng_000213,/home/ray/Desktop/mkuru/dataset/segmented/Sheng0019/Sheng0019_00007.wav,10.54,Mkurugenzi Abel Mutua na stori za Mkurugenzi Abel Mutua na stori za Mkurugenzi Abel Mutua na stori za Mkurugenzi Abel Mutua na stori za Mkurugenzi Abel Mutua na stori za Mkurugenzi Abel Mutua na stori za Mkurugenzi Abel Mutua na stori za Mkurugenzi Abel Mutua na stori za Mkurugenzi Abel Mutua na stori za Mkurugenzi Abel Mutua na stori za Mkurugenzi Abel Mutua na stori za Mkurugenzi Abel Mutua na stori za Mkurugenzi Abel Mutua na stori za Mkurugenzi Abel Mutua na stori za Mkurugenzi Abel Mutua na stori za Mkurugenzi Abel Mutua na stori za Mkurugenzi Abel Mutua na stori za Mkurugenzi Abel Mutua na stori za Mkurugenzi Abel Mut,Mkurugenzi Abel Mutua na stori za Mkurugenzi Abel Mutua na stori za Mkurugenzi Abel Mutua na stori za Mkurugenzi Abel Mutua na stori za Mkurugenzi Abel Mutua na stori za Mkurugenzi Abel Mutua na stori za Mkurugenzi Abel Mutua na stori za Mkurugenzi Abel Mutua na stori za Mkurugenzi Abel Mutua na stori za Mkurugenzi Abel Mutua na stori za Mkurugenzi Abel Mutua na stori za Mkurugenzi Abel Mutua na stori za Mkurugenzi Abel Mutua na stori za Mkurugenzi Abel Mutua na stori za Mkurugenzi Abel Mutua na stori za Mkurugenzi Abel Mutua na stori za Mkurugenzi Abel Mutua na stori za Mkurugenzi Abel Mutua na stori za Mkurugenzi Abel Mut,Mkurugenzi Abel Mutua na stori za Mkurugenzi Abel Mutua na stori za Mkurugenzi Abel Mutua na stori za Mkurugenzi Abel Mutua na stori za Mkurugenzi Abel Mutua na stori za Mkurugenzi Abel Mutua na stori za Mkurugenzi Abel Mutua na stori za Mkurugenzi Abel Mutua na stori za Mkurugenzi Abel Mutua na stori za Mkurugenzi Abel Mutua na stori za Mkurugenzi Abel Mutua na stori za Mkurugenzi Abel Mutua na stori za Mkurugenzi Abel Mutua na stori za Mkurugenzi Abel Mutua na stori za Mkurugenzi Abel Mutua na stori za Mkurugenzi Abel Mutua na stori za Mkurugenzi Abel Mutua na stori za Mkurugenzi Abel Mutua na stori za Mkurugenzi Abel Mut,sw-KE
local_sheng_000214,/home/ray/Desktop/mkuru/dataset/segmented/Sheng0020/Sheng0020_00000.wav,23.81,Mkurugenzi Abel Mutua na stori za Mkurugenzi Abel Mutua na stori za Mkurugenzi Abel Mutua na stori za Mkurugenzi Abel Mutua.,Mkurugenzi Abel Mutua na stori za Mkurugenzi Abel Mutua na stori za Mkurugenzi Abel Mutua na stori za Mkurugenzi Abel Mutua.,Mkurugenzi Abel Mutua na stori za Mkurugenzi Abel Mutua na stori za Mkurugenzi Abel Mutua na stori za Mkurugenzi Abel Mutua.,sw-KE
local_sheng_000215,/home/ray/Desktop/mkuru/dataset/segmented/Sheng0020/Sheng0020_00001.wav,11.33,Mkurugenzi Abel Mutua na stori za Mkurugenzi Abel Mutua na stori za Mkurugenzi Abel Mutua na stori za Mkurugenzi Abel Mutua na stori za Mkurugenzi Abel Mutua na stori za Mkurugenzi Abel Mutua.,Mkurugenzi Abel Mutua na stori za Mkurugenzi Abel Mutua na stori za Mkurugenzi Abel Mutua na stori za Mkurugenzi Abel Mutua na stori za Mkurugenzi Abel Mutua na stori za Mkurugenzi Abel Mutua.,Mkurugenzi Abel Mutua na stori za Mkurugenzi Abel Mutua na stori za Mkurugenzi Abel Mutua na stori za Mkurugenzi Abel Mutua na stori za Mkurugenzi Abel Mutua na stori za Mkurugenzi Abel Mutua.,sw-KE
local_sheng_000216,/home/ray/Desktop/mkuru/dataset/segmented/Sheng0020/Sheng0020_00002.wav,61.94,Mkurugenzi Abel Mutua. Mkurugenzi Abel Mutua. Mkurugenzi Abel Mutua. Mkurugenzi Abel Mutua. Mkurugenzi Abel Mutua. Mkurugenzi Abel Mutua. Mkurugenzi Abel Mutua. Mkurugenzi Abel Mutua. Mkurugenzi Abel Mutua. Mkurugenzi Abel Mutua. Mkurugenzi Abel Mutua. Mkurugenzi Abel Mutua. Mkurugenzi Abel Mutua. Mkurugenzi Abel Mutua. Mkurugenzi Abel Mutua. Mkurugenzi Abel Mutua. Mkurugenzi Abel Mutua. Mkurugenzi Abel Mutua. Mkurugenzi Abel Mutua. Mkurugenzi Abel Mutua. We can catch up with them. We can catch up with them. We can catch up with them. We can catch up with them. We can catch up with them. We can catch up with them. We can catch up with them. We can catch up with them. We can catch up with them. We can catch up with them. We can catch up with them. We can catch up with them. We can catch up with them. We can catch up with them. We can catch up with them. We can catch up with them. We can catch up with them. We can catch up with them. We can catch up with them. We can catch up with them. We can catch up with them. We can catch up with them. We can catch up with them. We can catch up with them. Please relax. I'll come over there in the top. I'll never do it again. Really? What a bold medal. Amazing for him. I am ready and willing.,Mkurugenzi Abel Mutua. We can catch up with them. We can catch up with them. We can catch up with them. We can catch up with them. We can catch up with them. We can catch up with them. We can catch up with them. We can catch up with them. We can catch up with them. We can catch up with them. We can catch up with them. We can catch up with them. We can catch up with them. We can catch up with them. We can catch up with them. We can catch up with them. We can catch up with them. We can catch up with them. We can catch up with them. We can catch up with them. We can catch up with them. We can catch up with them. We can catch up with them. We can catch up with them. Please relax. I'll come over there in the top. I'll never do it again. Really? What a bold medal. Amazing for him. I am ready and willing.,Mkurugenzi Abel Mutua. We can catch up with them. We can catch up with them. We can catch up with them. We can catch up with them. We can catch up with them. We can catch up with them. We can catch up with them. We can catch up with them. We can catch up with them. We can catch up with them. We can catch up with them. We can catch up with them. We can catch up with them. We can catch up with them. We can catch up with them. We can catch up with them. We can catch up with them. We can catch up with them. We can catch up with them. We can catch up with them. We can catch up with them. We can catch up with them. We can catch up with them. We can catch up with them. Please relax. I'll come over there in the top. I'll never do it again. Really? What a bold medal. Amazing for him. I am ready and willing.,sw-KE
local_sheng_000217,/home/ray/Desktop/mkuru/dataset/segmented/sheng0001/sheng0001_00000.wav,13.26,Mazungumzo ya lugha ya Sheng ya Nairobi na stori za Mkurugenzi.,Mazungumzo ya lugha ya Sheng ya Nairobi na stori za Mkurugenzi.,Mazungumzo ya lugha ya Sheng ya Nairobi na stori za Mkurugenzi.,sw-KE
local_sheng_000218,/home/ray/Desktop/mkuru/dataset/segmented/sheng0001/sheng0001_00001.wav,11.36,Mkurugenzi Abel Mutua na stori za Mkurugenzi Abel Mutua.,Mkurugenzi Abel Mutua na stori za Mkurugenzi Abel Mutua.,Mkurugenzi Abel Mutua na stori za Mkurugenzi Abel Mutua.,sw-KE
local_sheng_000219,/home/ray/Desktop/mkuru/dataset/segmented/sheng0001/sheng0001_00002.wav,13.98,Wigs next but what on us get up to na miss human hair.,Wigs next but what on us get up to na miss human hair.,Wigs next but what on us get up to na miss human hair.,sw-KE
local_sheng_000220,/home/ray/Desktop/mkuru/dataset/segmented/sheng0001/sheng0001_00003.wav,12.28,Mkurugenzi Abel Mutua.,Mkurugenzi Abel Mutua.,Mkurugenzi Abel Mutua.,sw-KE
local_sheng_000224,/home/ray/Desktop/mkuru/dataset/segmented/sheng0001/sheng0001_00007.wav,19.99,"Lakin ni bro, wuki iba iwi kuna ipeleka api, Kwa kwa kwa kwa kwa kwa kwa kwa kwa kwa kwa kwa kwa kwa kwa kwa kwa kwa kwa kwa kwa kwa kwa kwa kwa kwa kwa kwa kwa kwa kwa kwa kwa kwa kwa kwa kwa kwa kwa kwa kwa kwa kwa kwa kwa kwa kwa kwa kwa kwa kwa kwa kwa kwa kwa kwa kwa kwa kwa kwa kwa kwa kwa kwa kwa kwa kwa kwa kwa kwa kwa kwa kwa kwa kwa kwa kwa kwa kwa kwa kwa kwa kwa kwa kwa kwa kwa kwa kwa kwa kwa kwa kwa kwa kwa kwa kwa kwa kwa kwa kwa kwa kwa kwa kwa kwa kwa kwa kwa kwa kwa k","Lakin ni bro, wuki iba iwi kuna ipeleka api, Kwa k","Lakin ni bro, wuki iba iwi kuna ipeleka api, Kwa k",sw-KE
local_sheng_000225,/home/ray/Desktop/mkuru/dataset/segmented/sheng0001/sheng0001_00008.wav,13.45,"Sorry, are you ready? I don't need to tell you anything about me.","Sorry, are you ready? I don't need to tell you anything about me.","Sorry, are you ready? I don't need to tell you anything about me.",sw-KE
local_sheng_000226,/home/ray/Desktop/mkuru/dataset/segmented/sheng0001/sheng0001_00009.wav,9.1,Mkurugenzi Abel Mutua. Mkurugenzi Abel Mutua.,Mkurugenzi Abel Mutua.,Mkurugenzi Abel Mutua.,sw-KE
